Place_Names,Longitude,Latitude
WARRAGUL HIGH SCHOOL,145.922369974778,-38.1670699990524
MERRILANDS COLLEGE (P-12),145.002770001497,-37.6966700013977
Oberon High School,144.365359994699,-38.230810023848
WINDSOR TECHNICAL SCHOOL,144.995979994265,-37.8567899969264
WODONGA HIGH SCHOOL,146.881050030162,-36.1256099631965
OAKLEIGH HIGH SCHOOL,145.116529954248,-37.9028999944979
SAINT KILDA ALTERNATIVE HIGH SCHOOL,144.981259970674,-37.8581799939274
Castlemaine High School,144.22750002004,-37.0505400004888
TEMPLESTOWE HIGH SCHOOL,145.106260014466,-37.7712399969732
MELBOURNE COLLEGE OF TEXTILES,144.936809982771,-37.7348500021251
TRAFALGAR SECONDARY COLLEGE,146.158299983939,-38.2145699985137
CAULFIELD PARK COMMUNITY SCHOOL,145.034169965748,-37.8739799906514
HURSTBRIDGE HIGH SCHOOL,145.187639986668,-37.6409600007856
BENDIGO COLLEGE OF ADVANCED EDUCATION,144.300699980208,-36.7795699995694
NEWBOROUGH SECONDARY COLLEGE,146.283200013327,-38.1787399964723
BRUNSWICK HIGH SCHOOL,144.956529978896,-37.7667900016698
PRAHRAN COLLEGE OF TECHNOLOGY,144.99263997436,-37.8520699966685
WESTERN HEIGHTS SECONDARY COLLEGE,144.328059976582,-38.1239099967387
MELBOURNE COLLEGE OF DECORATION,144.954029984357,-37.8126299967834
NAYOOK SECONDARY SCHOOL,145.949869949326,-37.9220699985223
SWINBURNE COLLEGE OF TECHNOLOGY,145.037919995733,-37.8223499885889
STAWELL COLLEGE WONGA CAMPUS,142.789869993381,-37.0626299699532
COLAC HIGH SCHOOL,143.566259967801,-38.3359599891257
COLAC TECHNICAL SCHOOL,143.592089996874,-38.3490099908239
COBDEN TECHNICAL SCHOOL,143.06360996375,-38.3240399890935
ROSANNA EAST HIGH SCHOOL,145.087039993,-37.7418999984668
RICHMOND TECHNICAL COLLEGE,145.00041998782,-37.8170699959844
TEMPLESTOWE TECHNICAL SCHOOL,145.113760012286,-37.7792899975403
SUNSHINE TECHNICAL SCHOOL,144.82875996248,-37.790679999122
YEA HIGH SCHOOL,145.408540012619,-37.2150100015112
HAMILTON COLLEGE,142.023760055899,-37.7367900118225
BALLARAT COLLEGE,143.832919980983,-37.5612400012259
BALLARAT GIRLS HIGH SCHOOL,143.864869982895,-37.5667899962974
BALMORAL HIGH SCHOOL,141.831529986873,-37.2420700070731
WANGARATTA HIGH SCHOOL,146.307719972999,-36.3448999866557
WARRANDYTE HIGH SCHOOL,145.184219977488,-37.748269993217
WATERDALE HIGH SCHOOL,145.050419985288,-37.7331800008938
MELBOURNE COLLEGE OF HAIRDRESSING,144.95291998755,-37.8126299967076
MELBOURNE COLLEGE OF PRINTING,144.947639966551,-37.802629996285
MELBOURNE HIGH SCHOOL,144.995309960556,-37.8368299967569
LA TROBE HIGH SCHOOL,145.04708998856,-37.7267899996253
LEONGATHA TECHNICAL SCHOOL,145.953479987902,-38.4792899972255
BAIRNSDALE HIGH SCHOOL,147.605699998906,-37.8253999893454
BAIRNSDALE SECONDARY COLLEGE,147.60499999861,-37.828709988311
BAIRNSDALE TECHNICAL SCHOOL,147.628479995152,-37.8242899921414
BURWOOD HIGH SCHOOL,145.113200005772,-37.8487399879327
BURWOOD TECHNICAL SCHOOL,145.13263998867,-37.8462399842587
UPWEY HIGH SCHOOL,145.335479967997,-37.9043599967087
WATSONIA HIGH SCHOOL,145.09625997042,-37.7142900009301
WATSONIA TECHNICAL SCHOOL,145.091809975704,-37.7095700005942
VICTORIAN RAILWAYS TECHNICAL COLLEGE,144.880139989926,-37.8520699999912
HEALESVILLE HIGH SCHOOL,145.530809938305,-37.6435899978117
BANYULE HIGH SCHOOL,145.080699999018,-37.7517899980917
BATMAN AUTOMOTIVE COLLEGE,144.95986999432,-37.7298500036687
CLAYTON TECHNICAL SCHOOL,145.127369952772,-37.9173499963354
BENTLEIGH HIGH SCHOOL,145.061259994101,-37.9281799888479
SEYMOUR PRIMARY SCHOOL,145.138479971278,-37.0209600074903
SEYMOUR TECHNICAL HIGH SCHOOL,145.141529982809,-37.0298500067572
CHELTENHAM HIGH SCHOOL,145.06847999807,-37.9534599925007
SHEPPARTON HIGH SCHOOL,145.415399976895,-36.3720499906161
SEYMOUR SPECIAL SCHOOL,145.130699976618,-37.0206800119516
SHEPPARTON TECHNICAL SCHOOL,145.408199980579,-36.3673499920809
BRUNSWICK GIRLS HIGH SCHOOL,144.965419980053,-37.7695700032947
BRUNSWICK TECHNICAL SCHOOL,144.955419975997,-37.7676300015993
CALVARY BIBLE COLLEGE,145.284869986832,-37.7595699982783
MOORABBIN TECHNICAL COLLEGE,145.050699980876,-37.9378999921821
MORELAND HIGH SCHOOL,144.965980002885,-37.7517900012226
MORNINGTON HIGH SCHOOL,145.040559977473,-38.230539996288
CASTLEMAINE TECHNICAL COLLEGE,144.220979981831,-37.0634599991444
BALWYN HIGH SCHOOL,145.076769980666,-37.7978599921074
CHADSTONE HIGH SCHOOL,145.081809995818,-37.8798499919626
CAULFIELD TECHNICAL SCHOOL,145.045419973332,-37.8781799914499
ELTHAM HIGH SCHOOL,145.14172998045,-37.7244399991299
ESSENDON HIGH SCHOOL,144.902370011636,-37.7542900008981
SEYMOUR EAST PRIMARY SCHOOL,145.155139971577,-37.0292900056938
ELWOOD HIGH SCHOOL,144.985139985428,-37.881789991339
TRARALGON SECONDARY COLLEGE EAST CAMPUS,146.55097997862,-38.2034599995212
TRARALGON SECONDARY COLLEGE WEST CAMPUS,146.520419990455,-38.1909600011584
DOOKIE AGRICULTURAL COLLEGE,145.702369950566,-36.3840099949903
DOOKIE AGRICULTURE COLLEGE HALL,145.705419951187,-36.3828999952007
DOVETON TECHNICAL SCHOOL,145.229029987396,-37.9956799978585
MITCHAM HIGH SCHOOL,145.191529986695,-37.8076299940922
MITCHAM TECHNICAL SCHOOL,145.18236999852,-37.8145699925009
MONTEREY HIGH SCHOOL,145.14847998684,-38.1278999970933
MONTEREY TECHNICAL SCHOOL,145.147369983342,-38.1251299969995
MONTMORENCY HIGH SCHOOL,145.113479984534,-37.7134600011118
PRESTON INSTITUTE OF TECHNOLOGY,145.068759990956,-37.679570003821
PRINCES HILL HIGH SCHOOL,144.965139996625,-37.7831799983599
MORWELL TECHNICAL SCHOOL,146.418479971337,-38.2237399967657
EMILY MCPHERSON COLLEGE,144.965699979995,-37.806509998543
EXHIBITION HIGH SCHOOL,144.974869985158,-37.799569996127
FAIRHILLS HIGH SCHOOL,145.25903997874,-37.8732099951861
TRAFALGAR HIGH SCHOOL,146.158299983939,-38.2145699985137
AUSTRALIAN COUNTER DISASTER COLLEGE,144.590139963189,-37.4092899966896
HALLAM HIGH SCHOOL,145.260979973263,-38.0006799981103
HEIDELBERG HIGH SCHOOL,145.039589951712,-37.7556800002897
HEIDELBERG TECHNICAL SCHOOL,145.04430996547,-37.7503999995811
BENDIGO INSTITUTE OF TECHNOLOGY,144.288200010805,-36.7548500035934
BORONIA PRIMARY SCHOOL,145.29166997466,-37.8588799963692
DANDENONG HIGH SCHOOL,145.209169973816,-37.978039997371
KANIVA CONSOLIDATED SCHOOL,141.244310031931,-36.3806799759427
GREYTHORN HIGH SCHOOL,145.096259959887,-37.801509989472
DONVALE HIGH SCHOOL,145.177089998024,-37.8001299900456
HAMPTON HIGH SCHOOL,145.006529993155,-37.9326299921185
FOSTER HIGH SCHOOL,146.201259989561,-38.6515099963507
GEELONG HIGH SCHOOL,144.373729972453,-38.1530299959244
COBURG HIGH SCHOOL,144.972799992906,-37.74070000262
BRUNSWICK EAST HIGH SCHOOL,144.965419980053,-37.7695700032947
KEW HIGH SCHOOL,145.063360000244,-37.7955499921706
MACLEOD HIGH SCHOOL,145.070979987669,-37.7245700022537
KERANG TECHNICAL HIGH SCHOOL,143.913800009897,-35.7256499987633
ARDOCH HIGH SCHOOL,144.998200004577,-37.8595699970957
NORTHCOTE HIGH SCHOOL,144.989709972344,-37.7741600009848
BRAEMAR COLLEGE,144.575699958497,-37.3631799974372
GLENORMISTON AGRICULTURAL COLLEGE,142.953200010116,-38.1623499924561
ALEXANDRA LADIES COLLEGE,142.03515005669,-37.727900013409
CAMBERWELL HIGH SCHOOL,145.072819995822,-37.8301499930359
SOUTH MELBOURNE TECHNICAL SCHOOL,144.960139958037,-37.8426299963868
SWAN HILL TECHNICAL SCHOOL,143.562650037284,-35.3548499801597
BILLANOOK COLLEGE,145.339869974239,-37.7873499972889
DONALD HIGH SCHOOL,142.973959973126,-36.370780010607
FRANKSTON TECHNICAL COLLEGE,145.127369994792,-38.1437399947325
GALVIN PARK SECONDARY COLLEGE,144.653849967383,-37.8889299959334
WERRIBEE TECHNICAL SCHOOL,144.653849967383,-37.8889299959334
GEELONG GRAMMAR SCHOOL,144.397369970025,-38.0703999949782
PORTLAND HIGH SCHOOL,141.600980044101,-38.3473500070922
MILDURA TECHNICAL SCHOOL,142.157090030326,-34.1970700308853
ALTONA NORTH TECHNICAL SCHOOL,144.845419985106,-37.8415100015669
COLLINGWOOD SECONDARY COLLEGE,144.986259976151,-37.799849993908
HAMILTON HIGH SCHOOL,142.014870052882,-37.7320700092942
LONGERENONG AGRICULTURAL COLLEGE,142.302650011966,-36.6651299790489
HAMILTON TECHNICAL SCHOOL,142.012650049123,-37.7337400081796
MONIVAE COLLEGE,142.049450058915,-37.7420400123
FOOTSCRAY TECHNICAL COLLEGE,144.899870010635,-37.8045699980396
FOOTSCRAY INSTITUTE OF TECHNOLOGY,144.899030004042,-37.7928999979101
BOX HILL HIGH SCHOOL,145.137210005757,-37.8199999864114
J H BOYD DOMESTIC COLLEGE,144.961529975668,-37.825399996375
BLACKBURN HIGH SCHOOL,145.149890002615,-37.8103699882277
WYCHEPROOF HIGH SCHOOL,143.229030028864,-36.0798499642169
ASPENDALE TECHNICAL SCHOOL,145.10083998906,-38.0203999951424
HORSHAM TECHNICAL SCHOOL,142.182369966112,-36.7123499704791
SWAN HILL HIGH SCHOOL,143.553480060658,-35.3342899804531
WILLIAM ANGLISS COLLEGE,144.952919988429,-37.8137399967145
WEDDERBURN HIGH SCHOOL,143.619310008594,-36.4173499955438
BELL PARK HIGH SCHOOL,144.328059976582,-38.1239099967387
FRANKSTON HIGH SCHOOL,145.129069970641,-38.1604699989527
STATE BANK STAFF COLLEGE,145.150419973709,-38.1801299965487
BELMONT HIGH SCHOOL,144.330559974684,-38.1756500012196
STAWELL COLLEGE GOLD REEF CAMPUS,142.783760016964,-37.0567899715542
STAWELL TECHNICAL SCHOOL,142.781810019245,-37.057349971442
NEERIM SOUTH SECONDARY COLLEGE,145.956679988183,-38.0169399986049
NEERIM DISTRICT SECONDARY COLLEGE,145.956679988183,-38.0169399986049
NEERIM SOUTH HIGH SCHOOL,145.956679988183,-38.0169399986049
NIDDRIE HIGH SCHOOL,144.878200014521,-37.7292900020981
NOBLE PARK NORTH HIGH SCHOOL,145.189309974165,-37.9428999957769
WHITEHORSE TECHNICAL COLLEGE,145.125420005881,-37.8192899865931
RUTHERGLEN HIGH SCHOOL,146.452100006446,-36.0625600075128
TAWONGA SECONDARY SCHOOL,147.167639986322,-36.7401299781702
OMEO HIGHER ELEMENTARY SCHOOL,147.597639971903,-37.0970699630791
MACROBERTSON GIRLS HIGH SCHOOL,144.971859967733,-37.8358899961462
BALLARAT HIGH SCHOOL,143.818210000204,-37.5545199982478
SAINT ARNAUD HIGH SCHOOL,143.250150028862,-36.6092900188703
ASHWOOD HIGH SCHOOL,145.103329995756,-37.86452998535
ASHWOOD SECONDARY COLLEGE,145.103329995756,-37.86452998535
UPPER YARRA SECONDARY COLLEGE,145.623929977574,-37.7921000043367
UPPER YARRA HIGH SCHOOL,145.623929977574,-37.7921000043367
Mooroopna High School,145.351809971287,-36.3817700082267
JAMIESON PARK SECONDARY COLLEGE,144.784589975545,-37.7404000048197
YARRAWONGA SECONDARY COLLEGE,146.006809982751,-36.0217900025391
LYNDALE SECONDARY COLLEGE,145.206709968378,-37.9587699970812
LYNDHURST SECONDARY COLLEGE,145.271029977194,-38.0753899962712
WARRNAMBOOL HIGH SCHOOL,142.49875995689,-38.3770699858668
WANTIRNA COLLEGE,145.229969983515,-37.8575999970687
MOUNT ERIN SECONDARY COLLEGE,145.182369958702,-38.2734599963328
WARRNAMBOOL NORTH SECONDARY COLLEGE,142.500419954514,-38.3778999859685
WARRNAMBOOL TECHNICAL SCHOOL,142.500419954514,-38.3778999859685
GLEN WAVERLEY SECONDARY COLLEGE,145.162109993046,-37.8780999904927
GLEN WAVERLEY HIGH SCHOOL,145.162109993046,-37.8780999904927
MURTOA SECONDARY COLLEGE,142.475420026377,-36.6256799817672
MURTOA HIGH SCHOOL,142.475420026377,-36.6256799817672
SAINT ALBANS TECHNICAL SCHOOL,144.784589975545,-37.7404000048197
CORRYONG SECONDARY COLLEGE,147.911530013658,-36.1920699902111
CORRYONG HIGH SCHOOL,147.911530013658,-36.1920699902111
CROYDON HIGH SCHOOL,145.282319983989,-37.7892799962854
DANDENONG TECHNICAL SCHOOL,145.214309973996,-37.9773499967234
BROADFORD HIGH SCHOOL,145.040029971231,-37.2043700058715
BRIGHTON TECHNICAL SCHOOL,144.996530001143,-37.9028999902495
BRANDON PARK SECONDARY COLLEGE,145.165419951432,-37.9056799948925
JOSEPH BANKS SECONDARY COLLEGE,145.238759970547,-37.9790099984314
DOVETON HIGH SCHOOL,145.238759970547,-37.9790099984314
KEALBA HIGH SCHOOL,144.820839974172,-37.7319300042208
THOMASTOWN SECONDARY COLLEGE,145.001939956588,-37.6787200002292
MAFFRA SECONDARY COLLEGE,146.982420029661,-37.9648899857022
MAFFRA HIGH SCHOOL,146.982420029661,-37.9648899857022
CRAIGIEBURN SECONDARY COLLEGE,144.935949982539,-37.6087499992821
CRANBOURNE HIGH SCHOOL,145.286139967957,-38.1075899955221
ORBOST SECONDARY COLLEGE,148.466349995085,-37.7041099931486
MOUNT EVELYN SECONDARY COLLEGE,145.384189967956,-37.7748799973129
CHANDLER HIGH SCHOOL,145.182779979714,-37.9844299945814
MATTHEW FLINDERS GIRLS SECONDARY COLLEGE,144.353209970437,-38.1495899975509
MATTHEWS FLINDERS GIRLS HIGH SCHOOL,144.353209970437,-38.1495899975509
NEWLANDS SECONDARY COLLEGE,144.975139987027,-37.73585000275
NEWLANDS HIGH SCHOOL,144.975139987027,-37.73585000275
NUMURKAH HIGH SCHOOL,145.446269992096,-36.0799500338945
SAINT ALBANS SECONDARY COLLEGE,144.808409980865,-37.7455300024632
SAINT ALBANS HIGH SCHOOL,144.808409980865,-37.7455300024632
WHEELERS HILL SECONDARY COLLEGE,145.181739977101,-37.9101299950497
WHEELERS HILL HIGH SCHOOL,145.181739977101,-37.9101299950497
SHEPPARTON TECHNICAL SCHOOL,145.414029982742,-36.3662399914826
BALLAM PARK SECONDARY COLLEGE,145.161529965639,-38.1451299951017
PEMBROKE HIGH SCHOOL,145.324589975498,-37.7998500002992
COBRAM HIGH SCHOOL,145.654119947324,-35.9136100435027
COBURG TECHNICAL SCHOOL,144.952089995246,-37.7337400041614
PARKDALE SECONDARY COLLEGE,145.093499982655,-37.9902999934507
PARKDALE HIGH SCHOOL,145.093499982655,-37.9902999934507
CHANDLER SECONDARY COLLEGE,145.182779979714,-37.9844299945814
Wanganui Park High School,145.391899989357,-36.3570299938721
WAVERLEY SECONDARY COLLEGE,145.106259994169,-37.8834599906693
WAVERLEY HIGH SCHOOL,145.106259994169,-37.8834599906693
WELLINGTON SECONDARY COLLEGE,145.169379981568,-37.9344699973448
MOOMBA PARK SECONDARY COLLEGE,144.963760007287,-37.6962400027257
FAWKNER TECHNICAL SCHOOL,144.963760007287,-37.6962400027257
SOUTH BARWON SECONDARY COLLEGE,144.324309975817,-38.1848500068649
FOSTER CONSOLIDATED SCHOOL,146.197409987218,-38.6517399960694
LEONGATHA SECONDARY COLLEGE,145.961239986599,-38.4786899977839
KYABRAM SECONDARY COLLEGE,145.054589980869,-36.317350013223
KEYSBOROUGH TECHNICAL SCHOOL,145.160559983869,-37.9819299960281
WANTIRNA HIGH SCHOOL,145.229969983515,-37.8575999970687
WARRAGUL SECONDARY COLLEGE,145.922369969003,-38.1651299990404
WARRAGUL TECHNICAL SCHOOL,145.922369969003,-38.1651299990404
BAXTER TECHNICAL SCHOOL,145.182369958702,-38.2734599963328
MOUNT EVELYN TECHNICAL SCHOOL,145.384189967956,-37.7748799973129
BEAUFORT SECONDARY COLLEGE,143.382490000949,-37.4388399931979
BEAUFORT HIGH SCHOOL,143.382490000949,-37.4388399931979
SUNBURY POST PRIMARY SCHOOL,144.704489964082,-37.5840100004453
MYRTLEFORD SECONDARY COLLEGE,146.726259978304,-36.5487399872152
MYRTLEFORD HIGH SCHOOL,146.726259978304,-36.5487399872152
PAKENHAM SECONDARY COLLEGE,145.470999981931,-38.0689999982357
PEMBROKE SECONDARY COLLEGE,145.324589975498,-37.7998500002992
WESTALL HIGH SCHOOL,145.13657997264,-37.9403099981133
YALLOURN SECONDARY COLLEGE,146.305979981172,-38.1717900031104
YALLOURN HIGH SCHOOL,146.305979981172,-38.1717900031104
Wanganui Park Secondary College,145.391899989357,-36.3570299938721
BRAUER SECONDARY COLLEGE,142.458919940767,-38.3587099884405
WARRNAMBOOL TECHNICAL SCHOOL,142.458919940767,-38.3587099884405
COBURG NORTH SECONDARY COLLEGE,144.952089995246,-37.7337400041614
BROADFORD SECONDARY COLLEGE,145.040029971231,-37.2043700058715
BORONIA HIGH SCHOOL,145.280139976801,-37.8576299975581
TOTTENHAM TECHNICAL SCHOOL,144.855139983931,-37.7904000009102
BALLAM PARK TECHNICAL SCHOOL,145.161529965639,-38.1451299951017
DANDENONG VALLEY SECONDARY COLLEGE,145.214309973996,-37.9773499967234
CLEELAND SECONDARY COLLEGE,145.214309973996,-37.9773499967234
FERNTREE GULLY SECONDARY COLLEGE,145.285139983438,-37.880129998046
ORBOST HIGH SCHOOL,148.466349995085,-37.7041099931486
LYNDALE HIGH SCHOOL,145.206709968378,-37.9587699970812
CRANBOURNE HIGH SCHOOL,145.271029977194,-38.0753899962712
CROYDON SECONDARY COLLEGE,145.282319983989,-37.7892799962854
KNOX SECONDARY COLLEGE,145.258479978685,-37.8565099970435
OAKLEIGH SECONDARY COLLEGE,145.0754199631,-37.9056799946827
OAKLEIGH TECHNICAL SCHOOL,145.0754199631,-37.9056799946827
MARIBYRNONG HIGH SCHOOL,144.888239983361,-37.7795200010927
KARINGAL HIGH SCHOOL,145.146809986748,-38.1403999970547
THOMASTOWN HIGH SCHOOL,145.001939956588,-37.6787200002292
NORTH SHEPPARTON SECONDARY COLLEGE,145.414029982742,-36.3662399914826
PAKENHAM HIGH TECHNICAL SCHOOL,145.470999981931,-38.0689999982357
NUMURKAH SECONDARY COLLEGE,145.446269992096,-36.0799500338945
COBRAM SECONDARY COLLEGE,145.654119947324,-35.9136100435027
KYABRAM HIGH SCHOOL,145.054589980869,-36.317350013223
LEONGATHA HIGH SCHOOL,145.961239986599,-38.4786899977839
MARIBYRNONG SECONDARY COLLEGE,144.888239983361,-37.7795200010927
WELLINGTON HIGH SCHOOL,145.169379981568,-37.9344699973448
GEELONG TECHNICAL SCHOOL,144.324309975817,-38.1848500068649
SOUTH GIPPSLAND SECONDARY COLLEGE,146.197409987218,-38.6517399960694
BRIGHTON BAY SECONDARY COLLEGE,144.996530001143,-37.9028999902495
WARRNAMBOOL SECONDARY COLLEGE,142.49875995689,-38.3770699858668
BRANDON PARK TECHNICAL SCHOOL,145.165419951432,-37.9056799948925
Mooroopna Secondary College,145.351809971287,-36.3817700082267
YARRAWONGA HIGH SCHOOL,146.006809982751,-36.0217900025391
LALOR NORTH SECONDARY COLLEGE,145.03412001498,-37.660770000324
LALOR NORTH HIGH SCHOOL,145.03412001498,-37.660770000324
KNOX TECHNICAL SCHOOL,145.258479978685,-37.8565099970435
KOO-WEE-RUP SECONDARY COLLEGE,145.496809978064,-38.1959599978383
LALOR SECONDARY COLLEGE,145.030620001293,-37.6726600001578
LALOR HIGH SCHOOL,145.030620001293,-37.6726600001578
KEILOR DOWNS POST PRIMARY SCHOOL,144.811189987605,-37.7155200044653
KEILOR HEIGHTS SECONDARY COLLEGE,144.872089983321,-37.7409600007552
KEILOR HEIGHTS HIGH SCHOOL,144.872089983321,-37.7409600007552
CRAIGIEBURN POST PRIMARY SCHOOL,144.935949982539,-37.6087499992821
GISBORNE HIGH TECHNICAL SCHOOL,144.584770017776,-37.4981099988851
GLENFERN SECONDARY COLLEGE,145.302639978856,-37.8940099953519
FERNTREE GULLY TECHNICAL SCHOOL,145.302639978856,-37.8940099953519
KEILOR DOWNS SECONDARY COLLEGE,144.811189987605,-37.7155200044653
KARINGAL SECONDARY COLLEGE,145.146809986748,-38.1403999970547
CRANBOURNE SECONDARY COLLEGE,145.286139967957,-38.1075899955221
SUNBURY DOWNS SECONDARY COLLEGE,144.704489964082,-37.5840100004453
WESTALL SECONDARY COLLEGE,145.13657997264,-37.9403099981133
KOO-WEE-RUP HIGH SCHOOL,145.496809978064,-38.1959599978383
GISBORNE SECONDARY COLLEGE,144.584770017776,-37.4981099988851
HILLCREST SECONDARY COLLEGE,144.912369970791,-37.6812400021254
BROADMEADOWS WEST TECHNICAL SCHOOL,144.912369970791,-37.6812400021254
HASTINGS SECONDARY COLLEGE,145.174030025211,-38.3090099969732
HASTINGS HIGH SCHOOL,145.174030025211,-38.3090099969732
PETER LALOR SECONDARY COLLEGE,145.013159986931,-37.6669099999246
LALOR TECHNICAL SCHOOL,145.013159986931,-37.6669099999246
AVONDALE SECONDARY COLLEGE,144.861259971593,-37.7651299991692
AVONDALE HIGH SCHOOL,144.861259971593,-37.7651299991692
TORMORE SECONDARY COLLEGE,145.280139976801,-37.8576299975581
TOTTENHAM COMMUNITY SECONDARY COLLEGE,144.855139983931,-37.7904000009102
MOORLEIGH HIGH SCHOOL,145.067919988996,-37.9367899883592
MOORLEIGH SECONDARY COLLEGE,145.067919988996,-37.9367899883592
PRESTON GIRLS SECONDARY COLLEGE,145.006809984899,-37.741790001955
PRESTON GIRLS HIGH SCHOOL,145.006809984899,-37.741790001955
MOOROOLBARK TECHNICAL SCHOOL,145.317779978725,-37.7813799987089
DEER PARK SECONDARY COLLEGE,144.766509980681,-37.7590500027135
DEER PARK HIGH SCHOOL,144.766509980681,-37.7590500027135
TRARALGON HEIGHTS SECONDARY COLLEGE,146.531259997563,-38.1909599999686
TRARALGON TECHNICAL SCHOOL,146.531259997563,-38.1909599999686
FERNTREE GULLY HIGH SCHOOL,145.285139983438,-37.880129998046
CLEELAND HIGH SCHOOL,145.214309973996,-37.9773499967234
FAWKNER SECONDARY COLLEGE,144.971859991186,-37.7027100033197
FAWKNER HIGH SCHOOL,144.971859991186,-37.7027100033197
WERRIBEE SECONDARY COLLEGE,144.66873997801,-37.9055399950353
WERRIBEE HIGH SCHOOL,144.66873997801,-37.9055399950353
PASCOE VALE GIRLS HIGH SCHOOL,144.935499991868,-37.7175600019283
PASCOE VALE GIRLS SECONDARY COLLEGE,144.935499991868,-37.7175600019283
CASTERTON SECONDARY COLLEGE,141.387490062442,-37.588800018998
CASTERTON HIGH SCHOOL,141.387490062442,-37.588800018998
CHAFFEY SECONDARY COLLEGE,142.147990017832,-34.1957300323617
YARRAM SECONDARY COLLEGE,146.685459991965,-38.5665800158648
YARRAM HIGH SCHOOL,146.685459991965,-38.5665800158648
MIRBOO NORTH HIGH SCHOOL,146.148819962711,-38.4001799949642
SCORESBY HIGH SCHOOL,145.236199981001,-37.8886399966939
MONASH SECONDARY COLLEGE,145.145979959357,-37.9098499965742
MILDURA TECHNICAL SCHOOL,142.147990017832,-34.1957300323617
SPRINGVALE SECONDARY COLLEGE,145.1559799873,-37.9490099975078
ALTONA SECONDARY COLLEGE,144.8173699878,-37.8617899937903
KORUMBURRA SECONDARY COLLEGE,145.818760004901,-38.3056799994395
KORUMBURRA HIGH SCHOOL,145.818760004901,-38.3056799994395
SPRINGVALE HIGH SCHOOL,145.1559799873,-37.9490099975078
VERMONT SECONDARY COLLEGE,145.199699990259,-37.8441199938849
VERMONT HIGH SCHOOL,145.199699990259,-37.8441199938849
MURRUMBEENA HIGH SCHOOL,145.061809959622,-37.9042899937379
MOUNT ELIZA SECONDARY COLLEGE,145.093539972654,-38.1896999976818
MOUNT ELIZA HIGH SCHOOL,145.093539972654,-38.1896999976818
DROUIN SECONDARY COLLEGE,145.85097997886,-38.1446599977639
MORNINGTON SECONDARY COLLEGE,145.057759975969,-38.2167099973851
VICTORIAN COLLEGE OF THE ARTS SCHOOL,144.964769972798,-37.828229995614
WATTLE PARK SECONDARY COLLEGE,145.102640006277,-37.8426299861667
BELL PARK SECONDARY COLLEGE,144.334870007302,-38.1056799960749
MONASH HIGH SCHOOL,145.145979959357,-37.9098499965742
PRESTON SECONDARY COLLEGE,144.997370007533,-37.7417900033083
PRESTON TECHNICAL SCHOOL,144.997370007533,-37.7417900033083
MIRBOO NORTH SECONDARY COLLEGE,146.148819962711,-38.4001799949642
CANTERBURY GIRLS SECONDARY COLLEGE,145.069099994545,-37.8202899907188
CANTERBURY GIRLS HIGH SCHOOL,145.069099994545,-37.8202899907188
HEATHERHILL SECONDARY COLLEGE,145.15041996988,-37.9706799962575
HEATHERHILL HIGH SCHOOL,145.15041996988,-37.9706799962575
BENDIGO SENIOR SECONDARY COLLEGE,144.279280015254,-36.7553000020119
BENDIGO HIGH SCHOOL,144.279280015254,-36.7553000020119
BERWICK SECONDARY COLLEGE,145.365439986598,-38.0313999965906
BERWICK HIGH SCHOOL,145.365439986598,-38.0313999965906
MERBEIN HIGH SCHOOL,142.070980013775,-34.1695700318465
MERBEIN SECONDARY COLLEGE,142.070980013775,-34.1695700318465
ALTONA HIGH SCHOOL,144.8173699878,-37.8617899937903
FOOTSCRAY GIRLS SECONDARY COLLEGE,144.896809998457,-37.7926299987573
FOOTSCRAY GIRLS HIGH SCHOOL,144.896809998457,-37.7926299987573
FLEMINGTON HIGH SCHOOL,144.917919990696,-37.7842900031436
FOREST HILL SECONDARY COLLEGE  BLACKBURN SOUTH CAMPUS,145.149589997306,-37.8409599853968
BLACKBURN SOUTH HIGH SCHOOL,145.149589997306,-37.8409599853968
FOREST HILL SECONDARY COLLEGE BURWOOD HEIGHTS CAMPUS,145.162089986311,-37.8484599883076
FOREST HILL SECONDARY  COLLEGE  NUNAWADING CAMPUS,145.167369988769,-37.8359599905953
NUNAWADING HIGH SCHOOL,145.167369988769,-37.8359599905953
BURWOOD HEIGHTS HIGH SCHOOL,145.162089986311,-37.8484599883076
DROUIN HIGH SCHOOL,145.85097997886,-38.1446599977639
BRENTWOOD SECONDARY COLLEGE,145.166339967952,-37.899509994918
VICTORIAN COLLEGE OF THE ARTS SECONDARY SCHOOL,144.964769972798,-37.828229995614
MORNINGTON TECHNICAL SCHOOL,145.057759975969,-38.2167099973851
MURRUMBEENA SECONDARY COLLEGE,145.061809959622,-37.9042899937379
NORWOOD SECONDARY COLLEGE,145.237609990577,-37.7997499962403
NORWOOD HIGH SCHOOL,145.237609990577,-37.7997499962403
BELL PARK TECHNICAL SCHOOL,144.334870007302,-38.1056799960749
NEWCOMB SECONDARY COLLEGE,144.395199972748,-38.1711299944519
NEWCOMB HIGH SCHOOL,144.395199972748,-38.1711299944519
SCORESBY SECONDARY COLLEGE,145.236199981001,-37.8886399966939
ENDEAVOUR HILLS TECHNICAL SCHOOL,145.242369969917,-37.9790099986822
BRENTWOOD HIGH SCHOOL,145.166339967952,-37.899509994918
WATTLE PARK HIGH SCHOOL,145.102640006277,-37.8426299861667
LAKES ENTRANCE SECONDARY COLLEGE,147.998409963963,-37.8713400140102
LAKES ENTRANCE POST PRIMARY SCHOOL,147.998409963963,-37.8713400140102
FLEMINGTON SECONDARY COLLEGE,144.917919990696,-37.7842900031436
FLORA HILL SECONDARY COLLEGE,144.297589983112,-36.7757900003415
Wonthaggi Technical Sschool,145.598059999706,-38.6111099995473
MCKINNON SECONDARY COLLEGE,145.064829972316,-37.9114099919896
MCKINNON HIGH SCHOOL,145.064829972316,-37.9114099919896
FOOTSCRAY CITY SECONDARY COLLEGE,144.893199997394,-37.7990099995511
OUYEN HIGH SCHOOL,142.325980006802,-35.0628999821751
ROBINVALE SECONDARY COLLEGE,142.77847999748,-34.5881799944358
ROBINVALE HIGH SCHOOL,142.77847999748,-34.5881799944358
BRIGHTON SECONDARY COLLEGE,145.019119988323,-37.9201599899045
BRIGHTON HIGH SCHOOL,145.019119988323,-37.9201599899045
DIMBOOLA MEMORIAL SECONDARY COLLEGE,142.034410011807,-36.4498399774756
BLACKBURN SECONDARY COLLEGE KOONUNG ROAD,145.151529999754,-37.8065099883171
BLACKBURN TECHNICAL SCHOOL,145.151529999754,-37.8065099883171
WARRACKNABEAL SECONDARY COLLEGE,142.38941001291,-36.2627499815076
WARRACKNABEAL HIGH SCHOOL,142.38941001291,-36.2627499815076
Wonthaggi Secondary College McBride Campus,145.598059999706,-38.6111099995473
EPPING SECONDARY COLLEGE,145.03342999392,-37.6440000021723
ROSEBUD HIGH SCHOOL,144.887449986453,-38.3676199956584
DEBNEY PARK HIGH SCHOOL,144.93323995627,-37.7821499971751
DIMBOOLA MEMORIAL HIGH SCHOOL,142.034410011807,-36.4498399774756
KEON PARK TECHNICAL SCHOOL,145.010139987909,-37.6995700029207
KOONUNG SECONDARY COLLEGE,145.117559991119,-37.8021899919446
FLORA HILL HIGH SCHOOL,144.297589983112,-36.7757900003415
FOOTSCRAY TECHNICAL SCHOOL,144.893199997394,-37.7990099995511
KOONUNG HIGH SCHOOL,145.117559991119,-37.8021899919446
KEON PARK SECONDARY COLLEGE,145.010139987909,-37.6995700029207
STAWELL SECONDARY COLLEGE,142.789789995457,-37.0619499709442
STAWELL HIGH SCHOOL,142.789789995457,-37.0619499709442
KANIVA SECONDARY COLLEGE,141.237650037666,-36.3853999746199
KANIVA HIGH SCHOOL,141.237650037666,-36.3853999746199
ALEXANDRA SECONDARY COLLEGE,145.701479978343,-37.1944899981061
GLADSTONE PARK SECONDARY COLLEGE,144.889999969738,-37.6897700006552
GOLDEN SQUARE SECONDARY COLLEGE,144.258479983201,-36.7804000038093
GOLDEN SQUARE HIGH SCHOOL,144.258479983201,-36.7804000038093
LAKESIDE SECONDARY COLLEGE,144.980419985812,-37.7109600039565
LAKESIDE HIGH SCHOOL,144.980419985812,-37.7109600039565
TALLANGATTA HIGH SCHOOL,147.172670109096,-36.2204398041837
GLADSTONE PARK HIGH SCHOOL,144.889999969738,-37.6897700006552
HAMPTON PARK SECONDARY COLLEGE,145.259879969656,-38.0348599962449
BEECHWORTH SECONDARY COLLEGE,146.690759982383,-36.3472199822315
BEECHWORTH HIGH SCHOOL,146.690759982383,-36.3472199822315
HIGHVALE HIGH SCHOOL,145.176819986887,-37.865409992432
DEBNEY PARK SECONDARY COLLEGE,144.93323995627,-37.7821499971751
PRAHRAN SECONDARY COLLEGE,144.991159973653,-37.8517499965651
PRAHRAN HIGH SCHOOL,144.991159973653,-37.8517499965651
PYRAMID HILL COLLEGE,144.114589913724,-36.0506799457848
PYRAMID HILL HIGHER ELEMENTARY SCHOOL,144.114589913724,-36.0506799457848
EPPING HIGH SCHOOL,145.03342999392,-37.6440000021723
MERRILANDS SECONDARY COLLEGE,145.004309998127,-37.6976300015092
MERRILANDS HIGH SCHOOL,145.004309998127,-37.6976300015092
EUROA SECONDARY COLLEGE,145.564800004412,-36.7582000026198
EUROA HIGH SCHOOL,145.564800004412,-36.7582000026198
DROMANA SECONDARY COLLEGE,145.013579992855,-38.342639998123
DROMANA TECHNICAL SCHOOL,145.013579992855,-38.342639998123
WONTHAGGI SECONDARY COLLEGE DUDLEY CAMPUS,145.592089987171,-38.6076300001024
WONTHAGGI HIGH SCHOOL,145.592089987171,-38.6076300001024
LAWRENCE SECONDARY COLLEGE,145.139869997026,-37.877069987949
SYNDAL TECHNICAL SCHOOL,145.139869997026,-37.877069987949
MOUNT BEAUTY SECONDARY COLLEGE,147.167279986359,-36.7403099781436
MOUNT BEAUTY HIGH SCHOOL,147.167279986359,-36.7403099781436
ALEXANDRA HIGH SCHOOL,145.701479978343,-37.1944899981061
BOX FOREST SECONDARY COLLEGE OAK PARK CAMPUS,144.925699996917,-37.7142900022395
OAK PARK SECONDARY COLLEGE,144.925699996917,-37.7142900022395
BOORT HIGH SCHOOL,143.724310014297,-36.1151299952272
HIGHVALE SECONDARY COLLEGE,145.176819986887,-37.865409992432
OUYEN SECONDARY COLLEGE,142.325980006802,-35.0628999821751
PARKWOOD HIGH SCHOOL,145.238759992114,-37.7840099982224
TALLANGATTA SECONDARY COLLEGE,147.172670109096,-36.2204398041837
CHARLTON SECONDARY COLLEGE,143.359029984735,-36.2695699934093
CHARLTON HIGH SCHOOL,143.359029984735,-36.2695699934093
ROSEBUD SECONDARY COLLEGE,144.887449986453,-38.3676199956584
BROADMEADOWS TECHNICAL SCHOOL,144.928759987368,-37.6681799981615
RINGWOOD HIGH SCHOOL,145.239149981449,-37.816610000452
SAINT ARNAUD SECONDARY COLLEGE,143.250940027705,-36.6095500189203
IRYMPLE TECHNICAL SCHOOL,142.164700066266,-34.2323300255489
KYNETON SECONDARY COLLEGE,144.458169984226,-37.2513300009215
KYNETON TECHNICAL SCHOOL,144.458169984226,-37.2513300009215
SOMERTON SECONDARY COLLEGE,144.928759987368,-37.6681799981615
IRYMPLE SECONDARY COLLEGE,142.164700066266,-34.2323300255489
CAULFIELD SECONDARY COLLEGE,145.037779991887,-37.8852599919691
CAULFIELD HIGH SCHOOL,145.037779991887,-37.8852599919691
BAYSWATER SECONDARY COLLEGE,145.261999979008,-37.8390299971799
BAYSWATER HIGH SCHOOL,145.261999979008,-37.8390299971799
DONCASTER HIGH SCHOOL,145.138049987497,-37.7845799962496
ERINBANK HIGH SCHOOL,144.906529993849,-37.6715100006671
EAGLEHAWK TECHNICAL SCHOOL,144.261630025769,-36.7200600036331
EAGLEHAWK HIGH SCHOOL,144.261630025769,-36.7200600036331
RINGWOOD SECONDARY COLLEGE,145.239149981449,-37.816610000452
KANGAROO FLAT SECONDARY COLLEGE,144.234029997262,-36.7906800022763
KANGAROO FLAT TECHNICAL SCHOOL,144.234029997262,-36.7906800022763
FOOTSCRAY/YARRAVILLE SECONDARY COLLEGE,144.871259987623,-37.8229000012068
FOOTSCRAY HIGH SCHOOL,144.871259987623,-37.8229000012068
BROADMEADOWS HIGH SCHOOL,144.93013998981,-37.6804000023317
DONCASTER SECONDARY COLLEGE,145.138049987497,-37.7845799962496
KYNETON HIGH SCHOOL,144.458169984226,-37.2513300009215
EAGLEHAWK SECONDARY COLLEGE,144.261630025769,-36.7200600036331
SYNDAL HIGH SCHOOL,145.139589997106,-37.8767899879279
SYNDAL SECONDARY COLLEGE,145.139589997106,-37.8767899879279
ERINBANK SECONDARY COLLEGE,144.906529993849,-37.6715100006671
WHITTLESEA TECHNICAL SCHOOL,145.120179963006,-37.5150499993364
WHITTLESEA SECONDARY COLLEGE,145.120179963006,-37.5150499993364
SAINT ARNAUD HIGH SCHOOL,143.250940027705,-36.6095500189203
BROADMEADOWS SECONDARY COLLEGE,144.93013998981,-37.6804000023317
MOUNT WAVERLEY SECONDARY COLLEGE,145.132310001217,-37.8690899873775
MOUNT WAVERLEY HIGH SCHOOL,145.132310001217,-37.8690899873775
DONCASTER EAST HIGH SCHOOL,145.158559987212,-37.7821299896517
EASTERN SECONDARY COLLEGE,145.238479984748,-37.8240099974514
RINGWOOD TECHNICAL SCHOOL,145.238479984748,-37.8240099974514
EAST DONCASTER SECONDARY COLLEGE,145.158559987212,-37.7821299896517
ESSENDON TECHNICAL SCHOOL,144.924029980671,-37.7562400013861
HOPPERS CROSSING SECONDARY COLLEGE,144.695359981039,-37.8712199936123
HOPPERS CROSSING POST PRIMARY SCHOOL,144.695359981039,-37.8712199936123
PRINCESS HILL HIGH SCHOOL,144.964309994708,-37.7837399973067
EUMEMMERRING SECONDARY COLLEGE FOUNTAIN GATE CAMPUS,145.294869991791,-38.0056799965015
EUMEMMERRING SECONDARY COLLEGE,145.294869991791,-38.0056799965015
EUMEMMERRING SECONDARY COLLEGE HALLAM CAMPUS,145.260979973171,-38.0015099981154
ALBERT PARK HIGH SCHOOL,144.947369969077,-37.8442899965248
KURUNJANG SECONDARY COLLEGE,144.585959983135,-37.6729099950517
HOBSONS BAY SECONDARY COLLEGE,144.947369969077,-37.8442899965248
COHUNA SECONDARY COLLEGE,144.226429796874,-35.8134991945248
COHUNA HIGH SCHOOL,144.226429796874,-35.8134991945248
ARARAT COMMUNITY COLLEGE SECONDARY,142.921960019935,-37.2859999662167
PRINCESS HILL SECONDARY COLLEGE,144.964309994708,-37.7837399973067
COOMOORA HIGH SCHOOL,145.152089975394,-37.9815099954398
COOMOORA SECONDARY COLLEGE,145.152089975394,-37.9815099954398
ARARAT SECONDARY COLLEGE SENIOR SCHOOL CAMPUS,142.922370033268,-37.2923499632806
ARARAT TECHNICAL SCHOOL,142.922370033268,-37.2923499632806
EUMEMMERRING SECONDARY COLLEGE,145.260979973171,-38.0015099981154
KURUNJANG POST PRIMARY SCHOOL,144.585959983135,-37.6729099950517
MELTON HIGH SCHOOL,144.568219966272,-37.6817499949222
CORIO NORTH HIGH SCHOOL,144.363339958669,-38.0641499926949
MELTON SECONDARY COLLEGE,144.568219966272,-37.6817499949222
STRATHMORE SECONDARY COLLEGE,144.926639988305,-37.7369500024444
STRATHMORE HIGH SCHOOL,144.926639988305,-37.7369500024444
RICHMOND SECONDARY COLLEGE,145.002799987369,-37.8174099971496
RICHMOND HIGH SCHOOL,145.002799987369,-37.8174099971496
FITZROY SECONDARY COLLEGE,144.987469967564,-37.7849099988981
FITZROY HIGH SCHOOL,144.987469967564,-37.7849099988981
QUEENS PARK SECONDARY COLLEGE,144.924029980671,-37.7562400013861
DAREBIN SECONDARY COLLEGE,145.008760023418,-37.7615100022111
NORTHCOTE TECHNICAL SCHOOL,145.008760023418,-37.7615100022111
ARARAT SECONDARY COLLEGE MIDDLE SCHOOL CAMPUS,142.921960019935,-37.2859999662167
PATTERSON RIVER SECONDARY COLLEGE BONBEACH CAMPUS,145.125419980673,-38.0665099971222
BONBEACH SECONDARY COLLEGE,145.125419980673,-38.0665099971222
PATTERSON RIVER SECONDARY COLLEGE SEAFORD CAMPUS,145.136259976901,-38.0834599969752
SEAFORD-CARRUM SECONDARY COLLEGE,145.136259976901,-38.0834599969752
NORTHLAND SECONDARY COLLEGE,145.025369976873,-37.7400700012169
PRESTON EAST TECHNICAL SCHOOL,145.025369976873,-37.7400700012169
RED CLIFFS SECONDARY COLLEGE,142.195450004071,-34.2988000327304
RED CLIFFS HIGH SCHOOL,142.195450004071,-34.2988000327304
WODONGA TECHNICAL SCHOOL,146.890700015054,-36.1303999399625
MITCHELL SECONDARY COLLEGE,146.890700015054,-36.1303999399625
NOBLE PARK SECONDARY COLLEGE,145.182369981358,-37.9702099954651
EDENHOPE COLLEGE,141.301260043862,-37.0334600100057
LILYDALE HIGH SCHOOL,145.343919976495,-37.7606999984062
DAYLESFORD SECONDARY COLLEGE,144.151849961005,-37.33466999834
DAYLESFORD TECHNICAL SCHOOL,144.151849961005,-37.33466999834
DAYLESFORD HIGH SCHOOL,144.151849961005,-37.33466999834
NORTH GEELONG SECONDARY COLLEGE,144.340789995808,-38.1099599954907
GEELONG NORTH HIGH SCHOOL,144.340789995808,-38.1099599954907
THE GRANGE SECONDARY COLLEGE,144.675699981771,-37.8590099952155
EDENHOPE SECONDARY COLLEGE,141.301260043862,-37.0334600100057
QUEENSCLIFF HIGH SCHOOL,144.646809994874,-38.2684599947929
BELLARINE SECONDARY COLLEGE OCEAN GROVE CAMPUS,144.533479972973,-38.2587400011585
QUEENSCLIFF HIGH SCHOOL,144.533479972973,-38.2587400011585
BELLARINE SECONDARY COLLEGE QUEENSCLIFF CAMPUS,144.646809994874,-38.2684599947929
BAYSIDE SECONDARY COLLEGE ALTONA NORTH CAMPUS,144.846669980383,-37.8369300016234
BAYSIDE SECONDARY COLLEGE PAISLEY CAMPUS,144.863479973755,-37.8434599998054
PAISLEY SECONDARY COLLEGE,144.863479973755,-37.8434599998054
HAWTHORN SECONDARY COLLEGE,145.045069992578,-37.8398799911886
JOHN GARDINER HIGH SCHOOL,145.045069992578,-37.8398799911886
BAIMBRIDGE COLLEGE,142.014630050814,-37.7333100092882
HAMILTON TECHNICAL SCHOOL,142.014630050814,-37.7333100092882
BALLARAT EAST HIGH SCHOOL,143.892650003873,-37.5590100010239
WILLIAMSTOWN NORTH SECONDARY COLLEGE,144.886389987192,-37.8580400004533
MIDLANDS SECONDARY COLLEGE SENIOR CAMPUS,143.892649983338,-37.5345699958725
ALTONA NORTH HIGH SCHOOL,144.846669980383,-37.8369300016234
BAYSIDE SECONDARY COLLEGE WILLIAMSTOWN CAMPUS,144.886389987192,-37.8580400004533
MORTLAKE SECONDARY COLLEGE,142.810980007668,-38.0862399884911
MURRAYVILLE HIGH SCHOOL,141.178200030436,-35.2656799334094
BALLARAT NORTH TECHNICAL SCHOOL,143.892649983338,-37.5345699958725
WENDOUREE HIGH SCHOOL,143.833480015044,-37.5198499980052
WENDOUREE SECONDARY COLLEGE,143.833480015044,-37.5198499980052
JAMES HARRISON SECONDARY COLLEGE,144.382369959766,-38.1734599966193
GEELONG EAST TECHNICAL SCHOOL,144.382369959766,-38.1734599966193
MAROONDAH SECONDARY COLLEGE,145.262019986816,-37.795509997911
MAROONDAH HIGH SCHOOL,145.262019986816,-37.795509997911
BALLARAT EAST SECONDARY COLLEGE,143.892650003873,-37.5590100010239
MORTLAKE HIGH SCHOOL,142.810980007668,-38.0862399884911
MORTLAKE P12 COLLEGE,142.810980007668,-38.0862399884911
MURRAYVILLE COMMUNITY COLLEGE,141.178200030436,-35.2656799334094
BOX FOREST SECONDARY COLLEGE SENIOR CAMPUS,144.927089996667,-37.7051300012774
GLENROY TECHNICAL SCHOOL,144.927089996667,-37.7051300012774
BOX FOREST SECONDARY COLLEGE HADFIELD CAMPUS,144.946810007025,-37.7165100006938
HADFIELD SECONDARY COLLEGE,144.946810007025,-37.7165100006938
ROCHESTER HIGH SCHOOL,144.698699987656,-36.3527799822742
ROCHESTER SECONDARY COLLEGE,144.698699987656,-36.3527799822742
TYRRELL COLLEGE,142.853200017828,-35.5090099548741
KINGSBURY TECHNICAL SCHOOL,145.028759989121,-37.7140100002875
MILDURA HIGH SCHOOL,142.145390018045,-34.1980000322296
MILDURA SECONDARY COLLEGE,142.145390018045,-34.1980000322296
SEA LAKE SECONDARY COLLEGE,142.853200017828,-35.5090099548741
MONBULK SECONDARY COLLEGE,145.427809979319,-37.8831699980465
MONBULK COLLEGE,145.427809979319,-37.8831699980465
MILDURA SENIOR COLLEGE,142.145390018045,-34.1980000322296
NIDDRIE SECONDARY COLLEGE,144.886179976263,-37.7466800017488
NIDDRIE TECHNICAL SCHOOL,144.886179976263,-37.7466800017488
HORSHAM COLLEGE,142.18409996788,-36.7116599715732
HORSHAM SECONDARY COLLEGE,142.18409996788,-36.7116599715732
MOE HIGH SCHOOL,146.249309974887,-38.1817899999939
SWINBURNE SENIOR SECONDARY COLLEGE,145.040819990144,-37.8231399877929
SWINBURNE SECONDARY COLLEGE,145.040819990144,-37.8231399877929
BOX HILL SENIOR SECONDARY COLLEGE,145.111909993326,-37.8092399885987
HEYWOOD DISTRICT SECONDARY COLLEGE,141.620499956714,-38.1292699858537
HEYWOOD HIGH SCHOOL,141.620499956714,-38.1292699858537
BOX HILL TECHNICAL COLLEGE,145.111909993326,-37.8092399885987
NEWBOROUGH HIGH SCHOOL,146.29292000563,-38.1787399991894
YALLOURN TECHNICAL COLLEGE,146.305979983974,-38.1734600031207
LOWANNA COLLEGE MOE CAMPUS,146.249309974887,-38.1817899999939
LOWANNA COLLEGE NEWBOROUGH CAMPUS,146.29292000563,-38.1787399991894
LOWANNA COLLEGE YALLOURN CAMPUS,146.305979983974,-38.1734600031207
Rubicon Outdoor Centre,145.821389981798,-37.2950000143261
Rubicon School Camp,145.821389981798,-37.2950000143261
MELBOURNE GIRLS COLLEGE,145.014329994812,-37.8225099979714
RICHMOND GIRLS SECONDARY COLLEGE,145.014329994812,-37.8225099979714
CAMPERDOWN COLLEGE WILSON STREET CAMPUS SECONDARY,143.145419968406,-38.2395699915509
CAMPERDOWN HIGH SCHOOL,143.145419968406,-38.2395699915509
BUNDOORA SECONDARY COLLEGE,145.061979981086,-37.7075000005286
GREENWOOD SECONDARY COLLEGE,145.061979981086,-37.7075000005286
SALE COLLEGE GUTHRIDGE CAMPUS,147.083480021134,-38.0956799842795
SALE HIGH SCHOOL,147.083480021134,-38.0956799842795
SALE COLLEGE MACALISTER CAMPUS,147.06237000315,-38.109009983738
MACALISTER SECONDARY COLLEGE,147.06237000315,-38.109009983738
TERANG COLLEGE SENIOR CAMPUS,142.921259979716,-38.246239991046
TERANG HIGH SCHOOL,142.921259979716,-38.246239991046
BRAYBROOK SECONDARY COLLEGE,144.847539977558,-37.778260001319
BRAYBROOK HIGH SCHOOL,144.847539977558,-37.778260001319
BRAYBROOK COLLEGE,144.847539977558,-37.778260001319
VIEWBANK COLLEGE,145.086589991155,-37.7411999984313
COPPERFIELD COLLEGE DELAHEY SENIOR CAMPUS,144.772639979936,-37.7187400028776
KINGS PARK SECONDARY COLLEGE DELAHEY SENIOR CAMPUS,144.772639979936,-37.7187400028776
KINGS PARK HIGH SCHOOL,144.769869978988,-37.7320700027731
COPPERFIELD COLLEGE KINGS PARK JUNIOR CAMPUS,144.769869978988,-37.7320700027731
KINGS PARK SECONDARY COLLEGE KAMBALDA JUNIOR CAMPUS,144.769869978988,-37.7320700027731
CAULFIELD NORTH PRIMARY SCHOOL,145.021809986168,-37.871509992788
CAULFIELD NORTH CENTRAL SCHOOL,145.021809986168,-37.871509992788
CAULFIELD JUNIOR COLLEGE CAULFIELD NORTH CAMPUS,145.021809986168,-37.871509992788
CAULFIELD PRIMARY SCHOOL,145.020279972629,-37.8880399917853
CAULFIELD JUNIOR COLLEGE CAULFIELD CAMPUS,145.020279972629,-37.8880399917853
WHITE HILLS SECONDARY COLLEGE,144.297649995854,-36.7387400031107
WHITE HILLS TECHNICAL SCHOOL,144.297649995854,-36.7387400031107
WEEROONA COLLEGE BENDIGO,144.297649995854,-36.7387400031107
BENDIGO EAST PRIMARY SCHOOL,144.29797999578,-36.7389300021336
WEEROONA COLLEGE BENDIGO,144.29797999578,-36.7389300021336
SWAN HILL SECONDARY COLLEGE,143.55285006267,-35.3352299804199
SWAN HILL COLLEGE,143.55285006267,-35.3352299804199
MORDIALLOC COLLEGE,145.092679992385,-38.0122399935298
MORDIALLOC CHELSEA SECONDARY COLLEGE,145.092679992385,-38.0122399935298
MORDIALLOC CHELSEA HIGH SCHOOL,145.092679992385,-38.0122399935298
MOORABBIN CITY TECHNICAL HIGH SCHOOL,145.059799995445,-37.9273599887424
BENTLEIGH SECONDARY COLLEGE,145.059799995445,-37.9273599887424
MOORABBIN CITY SECONDARY COLLEGE,145.059799995445,-37.9273599887424
Sunshine College - West Campus,144.813889965808,-37.7930400001289
Sunshine West Secondary College,144.813889965808,-37.7930400001289
Sunshine College - Senior Campus,144.829279962415,-37.7904499991558
Sunshine College - Ardeer Campus,144.795279980635,-37.7875000008347
Ardeer Secondary College ,144.795279980635,-37.7875000008347
Ardeer High School,144.795279980635,-37.7875000008347
Sunshine High School,144.829279962415,-37.7904499991558
Sunshine West High School,144.813889965808,-37.7930400001289
SUNSHINE NORTH SECONDARY COLLEGE,144.84347998669,-37.7742900010189
SUNSHINE NORTH TECHNICAL SCHOOL,144.84347998669,-37.7742900010189
SUNSHINE COLLEGE - NORTH CAMPUS,144.84347998669,-37.7742900010189
SUNSHINE COLLEGE - SUNSHINE TEACHING UNIT,144.837089979679,-37.7754000005922
SUNSHINE COLLEGE - WESTERN REGION DEAF FACILITY,144.794029979928,-37.7867900007457
CORIO BAY SENIOR COLLEGE,144.352639967749,-38.0812399960948
CORIO COMMUNITY COLLEGE,144.352639967749,-38.0812399960948
CORIO SECONDARY COLLEGE,144.352639967749,-38.0812399960948
POINT GELLIBRAND GIRLS SECONDARY COLLEGE,144.884449989838,-37.8644300003609
POINT GELLIBRAND GIRLS HIGH SCHOOL,144.884449989838,-37.8644300003609
WILLIAMSTOWN HIGH SCHOOL BAYVIEW CAMPUS,144.884449989838,-37.8644300003609
WILLIAMSTOWN HIGH SCHOOL,144.885539988595,-37.8649300004381
WILLIAMSTOWN HIGH SCHOOL PASCO CAMPUS,144.885539988595,-37.8649300004381
MOUNT CLEAR SECONDARY COLLEGE,143.876669991699,-37.6079699993056
MOUNT CLEAR TECHNICAL ANNEXE,143.876669991699,-37.6079699993056
MOUNT CLEAR COLLEGE,143.876669991699,-37.6079699993056
BORONIA HEIGHTS COLLEGE,145.300979972936,-37.8598499960243
PORTLAND SECONDARY COLLEGE,141.594820029203,-38.3588199978249
PORTLAND TECHNICAL SCHOOL,141.594820029203,-38.3588199978249
SHEPPARTON SOUTH SECONDARY COLLEGE,145.4081499792,-36.3989399862809
SHEPPARTON SOUTH TECHNICAL SCHOOL,145.4081499792,-36.3989399862809
MCGUIRE COLLEGE,145.4081499792,-36.3989399862809
BORONIA HEIGHTS SECONDARY COLLEGE,145.300979972936,-37.8598499960243
BORONIA TECHNICAL SCHOOL,145.300979972936,-37.8598499960243
HAWKESDALE SECONDARY COLLEGE,142.318199972333,-38.106509999796
HAWKESDALE P12 COLLEGE,142.318199972333,-38.106509999796
HAWKESDALE HIGH SCHOOL,142.318199972333,-38.106509999796
WANGARATTA SECONDARY COLLEGE,146.320139973884,-36.3545699856351
WANGARATTA TECHNICAL SCHOOL,146.320139973884,-36.3545699856351
OVENS COLLEGE,146.320139973884,-36.3545699856351
BUCKLEY PARK SECONDARY COLLEGE,144.897759991209,-37.7471200015396
BUCKLEY PARK HIGH SCHOOL,144.897759991209,-37.7471200015396
BUCKLEY PARK COLLEGE,144.897759991209,-37.7471200015396
GROVEDALE SECONDARY COLLEGE,144.26013999585,-38.2067900157885
GROVEDALE TECHNICAL SCHOOL,144.26013999585,-38.2067900157885
GROVEDALE HIGH SCHOOL,144.26013999585,-38.2067900157885
GROVEDALE COLLEGE,144.26013999585,-38.2067900157885
LAKE BOLAC COLLEGE,142.835980010932,-37.720679990754
LAKE BOLAC SECONDARY COLLEGE,142.835980010932,-37.720679990754
LAKE BOLAC HIGH SCHOOL,142.835980010932,-37.720679990754
BACCHUS MARSH SECONDARY COLLEGE,144.422919965374,-37.6537399960968
BACCHUS MARSH SECONDARY COLLEGE DARLEY CAMPUS,144.422919965374,-37.6537399960968
BACCHUS MARSH COLLEGE DARLEY CAMPUS,144.422919965374,-37.6537399960968
BACCHUS MARSH SECONDARY COLLEGE MADDINGLEY CAMPUS,144.432639988259,-37.6865099959429
BACCHUS MARSH SECONDARY COLLEGE,144.432639988259,-37.6865099959429
BACCHUS MARSH COLLEGE MADDINGLEY CAMPUS,144.432639988259,-37.6865099959429
WILSON PARK SECONDARY COLLEGE,144.568689987378,-37.7083699991187
MELTON TECHNICAL SCHOOL,144.568689987378,-37.7083699991187
STAUGHTON COLLEGE,144.568689987378,-37.7083699991187
SANDRINGHAM SECONDARY COLLEGE BEAUMARIS CAMPUS,145.031259976856,-37.978179992096
BEAUMARIS HIGH SCHOOL,145.031259976856,-37.978179992096
SANDRINGHAM SECONDARY COLLEGE HIGHETT CAMPUS,145.021259962034,-37.9559599922726
HIGHETT HIGH SCHOOL,145.021259962034,-37.9559599922726
SANDRINGHAM COLLEGE HIGHETT CAMPUS,145.021259962034,-37.9559599922726
SANDRINGHAM SECONDARY COLLEGE SANDRINGHAM CAMPUS,145.025419949278,-37.9562399925597
SANDRINGHAM TECHNICAL SCHOOL,145.025419949278,-37.9562399925597
SANDRINGHAM COLLEGE SANDRINGHAM CAMPUS,145.025419949278,-37.9562399925597
KAMBRYA COLLEGE,145.347409973255,-38.0536899994668
SANDRINGHAM COLLEGE BEAUMARIS CAMPUS,145.031259976856,-37.978179992096
UPFIELD SECONDARY COLLEGE,144.930329988172,-37.6304100000335
ROXBURGH COLLEGE,144.930329988172,-37.6304100000335
UPFIELD HIGH SCHOOL,144.930329988172,-37.6304100000335
MACLEOD TECHNICAL SCHOOL,145.058479993348,-37.7290099994218
LA TROBE SECONDARY COLLEGE,145.058479993348,-37.7290099994218
SUNBURY SECONDARY COLLEGE,144.728669954949,-37.5742799980128
SUNBURY HIGH SCHOOL,144.728669954949,-37.5742799980128
SUNBURY COLLEGE,144.728669954949,-37.5742799980128
KURNAI COLLEGE CHURCHILL CAMPUS,146.425699967844,-38.3092900008314
CHURCHILL NORTH SECONDARY COLLEGE,146.425699967844,-38.3092900008314
KURNAI COLLEGE MARYVALE CAMPUS,146.427639966704,-38.2240099974481
MARYVALE HIGH SCHOOL,146.427639966704,-38.2240099974481
MORWELL HIGH SCHOOL,146.405929989611,-38.2314499988812
KURNAI COLLEGE MORWELL CAMPUS,146.405929989611,-38.2314499988812
THE ALPINE SCHOOL,147.245700021404,-37.0234600040392
HEATHMONT HIGH SCHOOL,145.232099976263,-37.8384299940977
HEATHMONT SECONDARY COLLEGE,145.232099976263,-37.8384299940977
HEATHMONT COLLEGE,145.232099976263,-37.8384299940977
MOOROOLBARK HEIGHTS SECONDARY COLLEGE,145.314229980037,-37.7750799984219
MOOROOLBARK COLLEGE,145.314229980037,-37.7750799984219
MOOROOLBARK HIGH SCHOOL,145.314229980037,-37.7750799984219
LANGWARRIN SECONDARY COLLEGE,145.190179998035,-38.1592899971724
LANGWARRIN POST PRIMARY SCHOOL,145.190179998035,-38.1592899971724
ELISABETH MURDOCH COLLEGE,145.190179998035,-38.1592899971724
WODONGA WEST COLLEGE,146.879590094319,-36.1176299620332
WODONGA WEST HIGH SCHOOL,146.879590094319,-36.1176299620332
WODONGA WEST SECONDARY COLLEGE,146.879590094319,-36.1176299620332
CAROLINE SPRINGS COLLEGE,144.738199983052,-37.7454000017184
LILYDALE HEIGHTS SECONDARY COLLEGE,145.341409978579,-37.7458199981381
LILYDALE TECHNICAL SCHOOL,145.341409978579,-37.7458199981381
LILYDALE HEIGHTS COLLEGE,145.341409978579,-37.7458199981381
DERRINALLUM SECONDARY COLLEGE,143.220420000762,-37.9465099923483
DERRINALLUM HIGH SCHOOL,143.220420000762,-37.9465099923483
DERRINALLUM P12 COLLEGE,143.220420000762,-37.9465099923483
THORNBURY HIGH SCHOOL,145.025209958113,-37.7565000013079
THORNBURY DAREBIN SECONDARY COLLEGE,145.025209958113,-37.7565000013079
TRARALGON COLLEGE,146.519489991561,-38.1914300010919
MARYBOROUGH PRIMARY SCHOOL,143.732649981322,-37.0470699996592
MARYBOROUGH EAST PRIMARY SCHOOL,143.747919965126,-37.0531800006639
MARYBOROUGH EDUCATION CENTRE GILLIES STREET CAMPUS,143.747919965126,-37.0531800006639
MARYBOROUGH EDUCATION CENTRE PALMERSTON JUNIOR CAMPUS,143.732649981322,-37.0470699996592
MARYBOROUGH DISTRICT SECONDARY COLLEGE,143.741259975532,-37.0504000002249
MARYBOROUGH EDUCATION CENTRE NOLAN STREET CAMPUS,143.741259975532,-37.0504000002249
MARYBOROUGH REGIONAL COLLEGE PALMERSTON STREET CAMPUS,143.734869973191,-37.044569999784
MARYBOROUGH HIGH SCHOOL,143.734869973191,-37.044569999784
MARYBOROUGH EDUCATION CENTRE PALMERSTON SECONDARY CAMPUS,143.734869973191,-37.044569999784
MARYBOROUGH SPECIALIST SCHOOL,143.742369970699,-37.0467900002725
MARYBOROUGH SPECIAL DEVELOPMENTAL SCHOOL,143.742369970699,-37.0467900002725
MARYBOROUGH EDUCATION CENTRE CHRISTIAN STREET CAMPUS,143.742369970699,-37.0467900002725
MARYBOROUGH REGIONAL COLLEGE NOLAN STREET CAMPUS,143.741259975532,-37.0504000002249
CARRANBALLAC P-9 COLLEGE BOARDWALK CAMPUS,144.741949987503,-37.8844299978318
ECHUCA HIGH SCHOOL,144.737649887296,-36.1184598703871
ECHUCA COLLEGE - CROFTON STREET CAMPUS,144.737649887296,-36.1184598703871
ECHUCA SECONDARY COLLEGE,144.732419980724,-36.1323899871248
ECHUCA TECHNICAL SCHOOL,144.732419980724,-36.1323899871248
ECHUCA COLLEGE,144.732419980724,-36.1323899871248
WODONGA SENIOR SECONDARY COLLEGE,146.881050030162,-36.1256099631965
WODONGA MIDDLE YEARS COLLEGE HUON CAMPUS,146.890700015054,-36.1303999399625
WODONGA MIDDLE YEARS COLLEGE FELLTIMBER CAMPUS,146.879590094319,-36.1176299620332
COLAC SECONDARY COLLEGE MURRAY STREET CAMPUS,143.566259967801,-38.3359599891257
COLAC SECONDARY COLLEGE HEARN STREET CAMPUS,143.587499988566,-38.3502599905436
YUILLE PARK P-8 COMMUNITY COLLEGE,143.820560019509,-37.52749999823
ROSEHILL SECONDARY COLLEGE,144.886179976263,-37.7466800017488
BENDIGO SOUTH EAST 7-10 SECONDARY COLLEGE,144.297589983112,-36.7757900003415
MCCLELLAND SECONDARY COLLEGE,145.158449968048,-38.146319994896
SOMERVILLE SECONDARY COLLEGE,145.182369958702,-38.2734599963328
KEYSBOROUGH SECONDARY COLLEGE,145.182779979714,-37.9844299945814
ST ARNAUD HIGH SCHOOL,143.250150028862,-36.6092900188703
ST KILDA ALTERNATIVE HIGH SCHOOL,144.981259970674,-37.8581799939274
ST ARNAUD SECONDARY COLLEGE,143.250940027705,-36.6095500189203
ST ALBANS SECONDARY COLLEGE,144.808409980865,-37.7455300024632
POINT COOK SENIOR SECONDARY COLLEGE,144.732819981849,-37.8867199972303
NOSSAL HIGH SCHOOL,145.336559963849,-38.0384999966144
ALKIRA SECONDARY COLLEGE,145.30871998785,-38.0731299998841
SUZANNE CORY HIGH SCHOOL,144.700749978676,-37.8938499981146
AVENUES EDUCATION,145.034449974242,-37.933039992036
BOX FOREST SECONDARY COLLEGE GLENROY CAMPUS,144.924999992075,-37.7047000011322
JOHN FAWKNER SECONDARY COLLEGE,144.971859991186,-37.7027100033197
GLENROY SECONDARY COLLEGE,144.924999992075,-37.7047000011322
TIMBARRA P-9 COLLEGE,145.322229969822,-38.0163799984766
WILLIAM RUTHVEN SECONDARY COLLEGE - RADFORD ROAD CAMPUS,144.981389986748,-37.7100000040168
WILLIAM RUTHVEN SECONDARY COLLEGE - MERRILANDS ROAD CAMPUS,145.002770001497,-37.6966700013977
ALTONA P-9 COLLEGE,144.816949987888,-37.861649993761
CRANBOURNE EAST SECONDARY COLLEGE,145.306029974768,-38.1049399968927
MERBEIN P-10 COLLEGE - SECONDARY CAMPUS,142.071400012767,-34.1688800318656
MERBEIN P-10 COLLEGE - JENNER STREET CAMPUS,142.05223001157,-34.1705400297994
MERBEIN P-10 COLLEGE - STURT HIGHWAY CAMPUS,142.012230017874,-34.2177600328683
TWO RIVERS COLLEGE A KOORIE PATHWAYS SCHOOL,142.138900036034,-34.2225000280246
MERBEIN P-10 COLLEGE - PASCHENDALE AVENUE CAMPUS,142.020279997482,-34.158040011925
RESERVOIR DISTRICT SECONDARY COLLEGE PRESTON EAST CAMPUS,145.035279984772,-37.7344300018619
PRESTON EAST HIGH SCHOOL,145.035279984772,-37.7344300018619
BOORT SECONDARY COLLEGE,143.724310014297,-36.1151299952272
RESERVOIR DISTRICT SECONDARY COLLEGE KINGSBURY CAMPUS,145.028759989121,-37.7140100002875
RESERVOIR DISTRICT SECONDARY COLLEGE RESERVOIR CAMPUS,145.029769989049,-37.7222600014081
FLINDERS PEAK SECONDARY COLLEGE,144.363339958669,-38.0641499926949
NORLANE HIGH SCHOOL,144.341389993569,-38.0827599973634
RESERVOIR HIGH SCHOOL,145.029769989049,-37.7222600014081
ALBERT PARK COLLEGE,144.947359968024,-37.8447899965271
KEALBA SECONDARY COLLEGE,144.820839974172,-37.7319300042208
VICTORIA UNIVERSITY SECONDARY COLLEGE - DEER PARK CAMPUS,144.766509980681,-37.7590500027135
VICTORIA UNIVERSITY SECONDARY COLLEGE - BRIMBANK CAMPUS,144.785629976397,-37.7401000048881
MOOROOLBARK SECONDARY COLLEGE,145.317779978725,-37.7813799987089
DANDENONG HIGH SCHOOL - DANDENONG CAMPUS,145.209169973816,-37.978039997371
DANDENONG HIGH SCHOOL - MYUNA SECONDARY TEACHING UNIT,145.231159978117,-37.9858199979454
FOUNTAIN GATE SECONDARY COLLEGE,145.295379991747,-38.0052799965346
GLENEAGLES SECONDARY COLLEGE,145.276559989442,-37.9746099950335
HALLAM SENIOR SECONDARY COLLEGE,145.26118997428,-38.0001999981219
BALMORAL K-12 COMMUNITY COLLEGE,141.783339952136,-37.2427600084127
DANDENONG HIGH SCHOOL - CLEELAND CAMPUS,145.21334997406,-37.9782799966625
YARRA HILLS SECONDARY COLLEGE - SENIOR CAMPUS,145.315839978229,-37.7888799986201
YARRA HILLS SECONDARY COLLEGE - CAMBRIDGE CAMPUS,145.324589975498,-37.7998500002992
YARRA HILLS SECONDARY COLLEGE - MOUNT EVELYN CAMPUS,145.384189967956,-37.7748799973129
DOVETON COLLEGE,145.243059974517,-37.9905399988014
NORTHERN COLLEGE OF THE ARTS AND TECHNOLOGY,145.025369976873,-37.7400700012169
SEYMOUR COLLEGE - DELATITE ROAD CAMPUS,145.155139971577,-37.0292900056938
SEYMOUR COLLEGE - GRANT STREET CAMPUS,145.138479971278,-37.0209600074903
SEYMOUR COLLEGE - TALLAROOK STREET CAMPUS,145.130699976618,-37.0206800119516
SEYMOUR COLLEGE - LOCO STREET CAMPUS,145.141529982809,-37.0298500067572
MOUNT ALEXANDER 7-12 COLLEGE,144.93323995627,-37.7821499971751
SURF COAST SECONDARY COLLEGE,144.323859982281,-38.3041900565636
TARNEIT SENIOR COLLEGE,144.680409968692,-37.8333499973732
BORONIA K-12 COLLEGE - RANGEVIEW CAMPUS,145.29166997466,-37.8588799963692
BROOKSIDE P-9 COLLEGE,144.738199983052,-37.7454000017184
BORONIA K-12 COLLEGE - MOUNT VIEW CAMPUS,145.300979972936,-37.8598499960243
LAKEVIEW SENIOR COLLEGE,144.740279984229,-37.7310200027694
CREEKSIDE K-9 COLLEGE,144.738619984004,-37.7358200036873
ARARAT SECONDARY COLLEGE,142.921960019935,-37.2859999662167
WYNDHAM CENTRAL SECONDARY COLLEGE,144.653849967383,-37.8889299959334
TARNEIT P-9 COLLEGE,144.679999969648,-37.8344299973524
TIMBER TOP,146.304309988558,-37.1262400054224
MANSFIELD SECONDARY COLLEGE,146.088570002023,-37.0626800041914
MANSFIELD HIGH SCHOOL,146.088570002023,-37.0626800041914
CANAAN COLLEGE,146.092639950044,-36.3720699970564
TIMBERTOP SCHOOL,146.304309988558,-37.1262400054224
PARKVILLE COLLEGE - MALMSBURY CAMPUS,144.395559997518,-37.1872099993795
PARKVILLE COLLEGE - PARKVILLE CAMPUS,144.944169957909,-37.7772099978905
PARKWOOD SECONDARY COLLEGE,145.238759992114,-37.7840099982224
ENDEAVOUR HILLS SECONDARY COLLEGE,145.242369969917,-37.9790099986822
ALAMANDA K-9 COLLEGE,144.740559981209,-37.9080399988839
MELBA SECONDARY COLLEGE - JUNIOR CAMPUS,145.282319983989,-37.7892799962854
MELBA SECONDARY COLLEGE - SENIOR CAMPUS,145.262019986816,-37.795509997911
BENALLA COLLEGE - BENALLA COLLEGE CAMP,145.824789984854,-36.4446500051427
RINGWOOD SECONDARY COLLEGE - BINDAREE CAMP,145.731530019721,-38.3363599973747
ALIA COLLEGE,145.045170001195,-37.8432299912162
AVILA COLLEGE,145.133250000441,-37.874669988477
BENALLA COLLEGE - BENALLA COLLEGE CAMP,145.824789984854,-36.4446500051427
NATHALIA SECONDARY COLLEGE,145.208439983795,-36.0599000531713
ACADEMY OF MARY IMMACULATE,144.974409984788,-37.8037099961212
ALBURY WODONGA COMMUNITY COLLEGE,146.889410111695,-36.1180099457832
AQUINAS COLLEGE,145.234939988467,-37.8230599971996
AVE MARIA COLLEGE,144.897960005149,-37.7566200016122
HAILEYBURY BERWICK COLLEGE,145.364359979517,-38.0427499965852
WESLEY COLLEGE - ST KILDA ROAD JUNIOR CAMPUS,144.982679971903,-37.8538099959975
ISLAMIC COLLEGE OF MELBOURNE,144.660379982951,-37.8542199961572
ELTHAM COLLEGE PREPARATORY CENTRE,145.190909987628,-37.7000299983802
SALE COLLEGE - GUTHRIDGE CAMPUS,147.083620020794,-38.0982399853062
Castlemaine Secondary College- Junior Campus,144.22750002004,-37.0505400004888
MOUNT WAVERLEY SECONDARY COLLEGE - MIDDLE SENIOR CAMPUS,145.132310001217,-37.8690899873775
MOUNT SCOPUS MEMORIAL COLLEGE - FINK KARP IVANY CAMPUS,145.033689987035,-37.8995699927768
YARRA HILLS SECONDARY COLLEGE - SENIOR CAMPUS,145.315759978263,-37.7886999986134
HIGHVIEW CHRISTIAN COMMUNITY COLLEGE,143.736419979045,-37.0535299989382
XAVIER COLLEGE,145.031110021843,-37.8138499890687
ST COLUMBAS COLLEGE,144.914289987255,-37.7572000007281
VICTORIA UNIVERSITY SECONDARY COLLEGE - DEER PARK CAMPUS,144.767079980599,-37.758890002751
PAYIKA COLLEGE A KOORIE PATHWAYS SCHOOL (INTERIM NAME),143.562730037172,-35.3559199801717
SUNSHINE COLLEGE - SUNSHINE WORK EDUCATION TRAINING UNIT,144.829219962443,-37.7902799991508
BALLARAT CLARENDON COLLEGE - SECOND CAMPUS,143.851179980097,-37.5585199983728
YESODEI HATORAH COLLEGE,144.983609967665,-37.8728799931792
SEYMOUR COLLEGE - DELATITE ROAD CAMPUS,145.154709971649,-37.0293000056642
ST KEVINS COLLEGE - GLENDALOUGH CAMPUS,145.020739995518,-37.8333399954781
NHILL COLLEGE,141.658870017536,-36.3325899809309
ALPHINGTON GRAMMAR SCHOOL,145.036179970607,-37.7804199992093
CARRUM DOWNS SECONDARY COLLEGE,145.197659991831,-38.0952899972967
MATER CHRISTI COLLEGE,145.358889977227,-37.9106399963846
NUNAWADING CHRISTIAN COLLEGE-SECONDARY,145.169019992958,-37.8225499906263
TAYLORS SENIOR COLLEGE,144.960659970171,-37.8129499972384
MARIAN COLLEGE,146.725359979918,-36.553339987177
DANDENONG HIGH SCHOOL - BURREMAH GRASSMERE ANNEXE,145.229939987416,-37.9940699979118
HUME CENTRAL SECONDARY COLLEGE - DIMBOOLA ROAD CAMPUS,144.913549968664,-37.6805200022013
ST MARY MACKILLOP COLLEGE,143.556790068422,-35.3419099817094
MERCY REGIONAL COLLEGE - OKEEFFE CAMPUS,142.928489997778,-38.1907199941442
SIENA COLLEGE LTD,145.082579997743,-37.8336599867294
ST JOSEPHS COLLEGE,145.295089989559,-37.8904899948037
CATHOLIC COLLEGE SALE - SION CAMPUS,147.067290002579,-38.0985999830516
WHITEFRIARS COLLEGE INC,145.19953999505,-37.791799993549
YESODEI HATORAH COLLEGE - SENIOR CAMPUS,144.986509970351,-37.8711299933669
LOWANNA COLLEGE,146.285980020086,-38.1766799966646
TWO RIVERS COLLEGE A KOORIE PATHWAYS SCHOOL,142.167830044046,-34.2047900305443
CROYDON COMMUNITY SCHOOL - LEAPS AND BOUNDS CAMPUS,145.261399980306,-37.8372799971273
LYNDALE SECONDARY COLLEGE - MONASH ADOLESCENT PSYCHIATRIC CENTRE,145.121429967425,-37.9208199959469
NEWCOMB SECONDARY COLLEGE - VICTORIAN SAILING WATER SAFETY SCHOOL,144.367419986333,-38.1457799964639
PRINCES HILL SECONDARY COLLEGE,144.965029996612,-37.7834799983543
ST FRANCIS XAVIER COLLEGE,145.373099977953,-38.0519999972543
CATHOLIC REGIONAL COLLEGE,144.739609984575,-37.728870002711
MACKILLOP CATHOLIC REGIONAL COLLEGE,144.665099984222,-37.9094999968154
KOLBE CATHOLIC COLLEGE,144.909469974395,-37.6153200025176
PENOLA CATHOLIC COLLEGE,144.907909995505,-37.7095700029977
EMMAUS COLLEGE,145.174109995297,-37.8477899921351
WARRNAMBOOL COLLEGE,142.4726199838,-38.3747799843326
PARADE COLLEGE,145.004699995024,-37.7440000018241
CATHOLIC COLLEGE SALE,147.063780000942,-38.1087099828446
EMMANUEL COLLEGE,144.744219987202,-37.8835499979795
BALLARAT SECONDARY COLLEGE - WENDOUREE CAMPUS,143.834470014936,-37.5192199980644
AITKEN COLLEGE,144.8906999793,-37.6277000023168
CANDLEBARK SCHOOL,144.684229978603,-37.3757999977838
EAST PRESTON ISLAMIC COLLEGE,145.036219984662,-37.7339400019233
ILIM COLLEGE OF AUSTRALIA,144.930079989094,-37.6686099972543
VICTORY CHRISTIAN COLLEGE,144.313459983761,-36.7826099984259
TERANG COLLEGE - 5-12 CAMPUS,142.921399979689,-38.2462699920546
WESLEY COLLEGE - GLEN WAVERLEY CAMPUS,145.155319996593,-37.8747699890025
ISIK COLLEGE - EASTMEADOWS CAMPUS,144.935640008396,-37.6847000027337
ELTHAM COLLEGE - MAIN CAMPUS,145.192239990354,-37.7004299984748
WONTHAGGI SECONDARY COLLEGE - DUDLEY CAMPUS,145.580709974972,-38.5922299992014
BEACONHILLS COLLEGE - VILLAGE CAMPUS,145.357559981872,-38.0501899981552
PLENTY VALLEY CHRISTIAN COLLEGE,145.138799976088,-37.6134500012362
ST LEONARDS COLLEGE,145.007559989413,-37.9286199911642
MARYMEDE CATHOLIC COLLEGE,145.091029982064,-37.6433000011278
ISIK COLLEGE - IBRAHIM DELLAL CAMPUS,144.790649977626,-37.7857600005107
MINARET COLLEGE - MAIN CAMPUS,145.148629976681,-37.939029999938
COLLINGWOOD COLLEGE,144.990499978076,-37.8029699942176
WESTALL SECONDARY COLLEGE - WESTALL ENGLISH LANGUAGE CENTRE,145.136189972719,-37.9402099980858
RINGWOOD SECONDARY COLLEGE - BINDAREE CAMP,145.731530019721,-38.3363599973747
BAYVIEW COLLEGE,141.605950043392,-38.3452300143504
ISIK COLLEGE - KEYSBOROUGH CAMPUS,145.161299981188,-38.005029998222
HAILEYBURY GIRLS COLLEGE - BRIGHTON CAMPUS,145.007009991297,-37.9305599921386
HILLCREST CHRISTIAN COLLEGE,145.363810002918,-38.0846699978056
BIALIK COLLEGE,145.043380002612,-37.8422599910873
SOPHIA MUNDI STEINER SCHOOL - SECONDARY CAMPUS,144.996099983673,-37.8069299936256
HAILEYBURY GIRLS COLLEGE - KEYSBOROUGH CAMPUS,145.144769984125,-37.9955299990205
CHARLTON COLLEGE,143.359639985565,-36.2702999934516
HERITAGE COLLEGE,145.316529967044,-38.0501999962876
YESODEI HATORAH COLLEGE,144.983499967648,-37.8732099931737
XAVIER COLLEGE - BILLILLA ANNEX CAMPUS,145.001049992738,-37.9177199926508
XAVIER COLLEGE - BURKE HALL CAMPUS,145.013860006729,-37.8056599958347
THE KILMORE INTERNATIONAL SCHOOL - TKIS SUTHERLAND STREET CAMPUS,144.94904999337,-37.3007600022496
THE KILMORE INTERNATIONAL SCHOOL,144.953209993634,-37.3010100025352
CREEKSIDE K-9 COLLEGE,144.738039984252,-37.7344400036397
WAVERLEY CHRISTIAN COLLEGE - WAVERLEY CHRISTIAN COLLEGE - NARRE WARREN SOUTH,145.299999985915,-38.0503699971353
CATHEDRAL COLLEGE WANGARATTA - MURDOCH ROAD CAMPUS,146.329919964747,-36.3859299885606
WAVERLEY CHRISTIAN COLLEGE,145.215309969575,-37.8801199951908
MACLEOD COLLEGE,145.072219985438,-37.72473000234
WEDDERBURN COLLEGE,143.618780007714,-36.4170099955084
GENAZZANO FCJ COLLEGE,145.055790008093,-37.8089599887334
LEIBLER YAVNEH COLLEGE,145.00663000048,-37.8928599908793
WESLEY COLLEGE - ELSTERNWICK CAMPUS,145.009770001273,-37.8897399910753
"WESLEY COLLEGE - ST KILDA ROAD, MIDDLE AND SENIOR SCHOOL",144.982149969538,-37.8488199969302
HAILEYBURY COLLEGE - BERWICK CAMPUS,145.363129980586,-38.0440499965071
HAILEYBURY COLLEGE - KEYSBOROUGH CAMPUS,145.146439984784,-37.9959699981386
BRUNSWICK SECONDARY COLLEGE - BRUNSWICK ENGLISH LANGUAGE CENTRE,144.95574996857,-37.771040000643
GLEN EIRA COLLEGE - GLEN EIRA ENGLISH LANGUAGE CENTRE,145.038049993791,-37.8857099919904
HUME CENTRAL SECONDARY COLLEGE - HUME CENTRAL ENGLISH LANGUAGE CAMPUS,144.93029998993,-37.6790400023341
CAULFIELD JUNIOR COLLEGE,145.021569985145,-37.8720999917751
CHRISTIAN COLLEGE HIGHTON - BELMONT CAMPUS,144.323929971395,-38.1894900098683
CAMPERDOWN COLLEGE - BROOKE STREET,143.142359984395,-38.2350399913372
PENLEIGH AND ESSENDON GRAMMAR SCHOOL - ESSENDON CAMPUS,144.919089974813,-37.753600000033
MOUNT SCOPUS MEMORIAL COLLEGE - GANDEL BESEN HOUSE CAMPUS,145.00196998334,-37.8740699914438
THE HAMILTON AND ALEXANDRA COLLEGE - JUNIOR CAMPUS,142.033320056896,-37.729200013314
AUSTRALIAN INTERNATIONAL ACADEMY OF EDUCATION - KING KHALID COBURG CAMPUS,144.966129997536,-37.7363200021368
ANTONINE COLLEGE - CEDAR CAMPUS,144.978229991313,-37.7467200030288
MERBEIN P-10 COLLEGE - STURT HIGHWAY CAMPUS,142.027590033718,-34.2152600317122
SEYMOUR COLLEGE - GRANT STREET CAMPUS,145.141769983667,-37.0308000067798
ST MARYS SCHOOL - SECOND CAMPUS,144.996340000995,-37.8586999969629
BORONIA K-12 COLLEGE - RANGEVIEW CAMPUS,145.289419975046,-37.8589199972126
MERBEIN P-10 COLLEGE - JENNER STREET CAMPUS,142.050650009738,-34.1714500297167
MERBEIN P-10 COLLEGE - PASCHENDALE AVENUE CAMPUS,142.016799991273,-34.1671900207905
TERANG COLLEGE - P-4 CAMPUS,142.907869986395,-38.2432299892252
CATHOLIC REGIONAL COLLEGE NORTH KEILOR,144.805059986338,-37.6999400029535
CATHOLIC REGIONAL COLLEGE,144.771019982317,-37.6991200016463
CATHOLIC REGIONAL COLLEGE,144.550409996831,-37.6772499967066
CHELTENHAM SECONDARY COLLEGE,145.068679998002,-37.9537599925163
CHRISTIAN COLLEGE INSTITUTE OF SENIOR EDUCATION - MAIN CAMPUS,144.303669991167,-38.187670014526
CLONARD COLLEGE,144.330479956505,-38.1300799969356
ELWOOD COLLEGE,144.98519998636,-37.8823199913464
EMERALD SECONDARY COLLEGE,145.458739962341,-37.9242699954765
Gilmore College for Girls,144.894890001092,-37.7990899986667
GROVEDALE COLLEGE,144.327439989566,-38.2104000162268
HOLMES SECONDARY COLLEGE,144.972279978442,-37.8102899970163
KILBREDA COLLEGE,145.065709986185,-37.9841499944999
KILLESTER COLLEGE,145.152019975881,-37.9590699962963
KOO WEE RUP SECONDARY COLLEGE,145.495779977117,-38.1970899977726
KORUMBURRA SECONDARY COLLEGE,145.803900000503,-38.4438699972209
LARA SECONDARY COLLEGE,144.411569972046,-38.0181799965959
LORETO COLLEGE,143.823469991058,-37.556859999597
LUTHER COLLEGE,145.272909986317,-37.7829599965909
MAZENOD COLLEGE,145.166139967258,-37.9151999970013
MENTONE GIRLS SECONDARY COLLEGE,145.053499999753,-37.9801799926358
MERCY COLLEGE,144.964559992449,-37.7304000029927
MONTEREY SECONDARY COLLEGE,145.147719985171,-38.1261199970298
MONTMORENCY SECONDARY COLLEGE,145.113609985444,-37.7140800011246
MOUNT LILYDALE MERCY COLLEGE,145.357749977207,-37.7507599973115
NAGLE COLLEGE,147.587649987522,-37.8370999869919
NAZARETH COLLEGE,145.195459973389,-37.9402299971866
OUR LADY OF SION COLLEGE,145.129920007203,-37.8183499868978
PATTERSON RIVER SECONDARY COLLEGE,145.134739977163,-38.0834999968704
SUNSHINE COLLEGE - NORTH SUNSHINE CAMPUS,144.840539985223,-37.774080000818
EMMANUEL COLLEGE - NOTRE DAME CAMPUS,144.744219987202,-37.8835499979795
BELLARINE SECONDARY COLLEGE - OCEAN GROVE CAMPUS,144.541769969388,-38.2598400017175
AL-TAQWA COLLEGE - OLIVE BRANCH ANNEXE,144.695769982526,-37.8098899952607
KURNAI COLLEGE - PRECINCT CAMPUS,146.424889967975,-38.3093800007717
LAVALLA CATHOLIC COLLEGE - PRESENTATION CAMPUS,146.286950000084,-38.1837099977796
PARADE COLLEGE - PRESTON CAMPUS,145.004879995024,-37.7437200018347
WESTERN HEIGHTS SECONDARY COLLEGE - QUAMBY CAMPUS,144.333059969626,-38.1246099970718
RESERVOIR HIGH SCHOOL - RESERVOIR CAMPUS,145.029769989049,-37.7222600014081
LYNALL HALL COMMUNITY SCHOOL - RICHMOND CAMPUS,145.001819986481,-37.8179499960858
PADUA COLLEGE - ROSEBUD CAMPUS,144.907299985345,-38.3729599970428
CAROLINE CHISHOLM CATHOLIC COLLEGE - SACRED HEART CAMPUS,144.849549968329,-37.7864300015061
SANDRINGHAM COLLEGE - SANDRINGHAM YEAR 7-10 CAMPUS,145.021469953537,-37.9510299922566
SANDRINGHAM COLLEGE - SENIOR CAMPUS,145.023349955592,-37.9566699924204
ESSENDON EAST KEILOR DISTRICT COLLEGE - SENIOR CAMPUS,144.901930011615,-37.7551900008737
MILL PARK SECONDARY COLLEGE - SENIOR CAMPUS,145.063449997639,-37.6449499982403
Castlemaine Secondary College - Senior Campus,144.214529969542,-37.077069999809
CAMBERWELL GIRLS GRAMMAR SCHOOL - SENIOR SCHOOL,145.059709995403,-37.8182099880602
LAVALLA CATHOLIC COLLEGE - ST PAULS CAMPUS,146.515949995257,-38.1907800008233
OZFORD COLLEGE - ENGLISH LANGUAGE CENTRE,144.965559960234,-37.8137399975782
COPPERFIELD COLLEGE - SYDENHAM JUNIOR CAMPUS,144.758079976221,-37.702260002792
HUME CENTRAL SECONDARY COLLEGE - TOWN PARK CAMPUS,144.91535996536,-37.6804400023242
ISIK COLLEGE - MEADOW FAIR CAMPUS,144.921739973228,-37.6714500007032
FRANKSTON HIGH SCHOOL - VCE CAMPUS,145.129069970641,-38.1604699989527
WANGARATTA HIGH SCHOOL - CUSACK STREET CAMPUS,146.313409974904,-36.3641099852001
ST KEVINS COLLEGE - WATERFORD CAMPUS,144.997589983847,-37.821329995817
TRARALGON COLLEGE - WEST CAMPUS,146.519489991561,-38.1914300010919
ST BERNARDS COLLEGE,144.883199980487,-37.7493900015629
KENSINGTON COMMUNITY HIGH SCHOOL,144.925579967975,-37.7879100006883
MOUNT ST JOSEPH GIRLS COLLEGE,144.811669984565,-37.8638999934172
SACRED HEART GIRLS COLLEGE,145.08607998663,-37.9021599933948
ST BEDES COLLEGE,145.068209989978,-37.9911599947151
ST BRIGIDS COLLEGE,142.207939991356,-36.7173099739645
ST JOHNS REGIONAL COLLEGE,145.226259984484,-37.9902299976324
ST JOSEPHS COLLEGE,144.331870006139,-38.15018999815
ST JOSEPHS COLLEGE,144.743369865395,-36.1181498667705
SYDNEY ROAD COMMUNITY SCHOOL,144.961879976654,-37.7696900030534
ASSUMPTION COLLEGE,144.947629991585,-37.3010100021543
CATHOLIC COLLEGE,146.862399962703,-36.129610017804
CATHOLIC LADIES COLLEGE LTD,145.143559994547,-37.711529999176
FCJ COLLEGE,145.975389960143,-36.5527700027019
GALEN CATHOLIC COLLEGE,146.310539973232,-36.3387499858239
ST KEVINS COLLEGE,145.024699996606,-37.8353999937625
JOHN PAUL COLLEGE,145.138869985678,-38.1355699964764
EMMANUEL COLLEGE INC - SECOND CAMPUS,142.481489978318,-38.3735999848412
ST FRANCIS XAVIER COLLEGE - JUNIOR CAMPUS,145.339039981818,-38.0706799979865
LOYOLA COLLEGE,145.080729980292,-37.7033999997929
MARIAN COLLEGE,142.937770003333,-37.2847399661568
MARIST-SION COLLEGE,145.915259967954,-38.1590299964889
MARY MACKILLOP CATHOLIC REGIONAL COLLEGE,145.963539983594,-38.4667299978772
OUR LADY OF THE SACRED HEART SCHOOL,142.053090013739,-34.1668400308232
RED ROCK CHRISTIAN COLLEGE,144.706029993708,-37.5190899981445
SHOLEM ALEICHEM COLLEGE,145.001209990577,-37.8822799914425
TARRINGTON LUTHERAN SCHOOL,142.094270052869,-37.7662200139755
TRINITY ANGLICAN COLLEGE WODONGA,146.945820003521,-36.170509939428
GIPPSLAND GRAMMAR - SECOND CAMPUS,147.066140001049,-38.1126399840506
FIRBANK GRAMMAR SCHOOL - SECOND CAMPUS,144.997039999514,-37.9078499913151
GOOD SHEPHERD COLLEGE - SECOND CAMPUS,142.032020056967,-37.7309600132515
SACRED HEART COLLEGE,144.340149995751,-38.1494999976906
SACRED HEART COLLEGE,144.458819983954,-37.2528900009744
SANTA MARIA COLLEGE,145.002479994544,-37.7703600028357
SOMERVILLE SECONDARY COLLEGE,145.168599971273,-38.2272599960958
ST HELENA SECONDARY COLLEGE,145.139909976875,-37.6868700007704
FIRBANK GRAMMAR SCHOOL - SANDRINGHAM CAMPUS,145.016039981744,-37.957799992926
MERCY REGIONAL COLLEGE,143.139569995897,-38.2349899911671
OUR LADY OF THE SACRED HEART COLLEGE,145.039939961086,-37.9257199933677
PRESENTATION COLLEGE WINDSOR,144.994719996393,-37.8576299968453
WAVERLEY CHRISTIAN COLLEGE,145.215209964931,-37.8770499961648
SON CENTRE CHRISTIAN COLLEGE,143.546500046746,-35.377549978299
WALLAN SECONDARY COLLEGE,144.981469976219,-37.4183900002029
WARRAGUL REGIONAL COLLEGE,145.925489968449,-38.1651999982664
WESTERN PORT SECONDARY COLLEGE,145.17638001989,-38.3081699971308
MARCELLIN COLLEGE,145.082669982166,-37.7747799933702
OUR LADY OF MERCY COLLEGE,145.067589967618,-37.7579300002279
TAYLORS LAKES SECONDARY COLLEGE,144.794399986382,-37.7074100022784
TEMPLESTOWE COLLEGE,145.122309996103,-37.7674299960565
NOTRE DAME COLLEGE,145.407639976882,-36.374709991089
SALESIAN COLLEGE,145.100260005294,-37.8827199902511
SALESIAN COLLEGE,144.739039982337,-37.5726299967014
ST PATRICKS COLLEGE,143.831559980373,-37.5597000011297
FRANKSTON HIGH SCHOOL - 7-10 CAMPUS,145.128949974472,-38.162189998955
CHRISTIAN BROTHERS COLLEGE - BALACLAVA,144.996789981755,-37.8693599940597
BALLARAT SECONDARY COLLEGE - BARKLY SENIOR CAMPUS,143.868739978476,-37.564299996529
CRUSOE 7-10 SECONDARY COLLEGE - BENDIGO TEACHING UNIT,144.291309984216,-36.7653999998641
"PRESHIL, THE MARGARET LYTTLE MEMORIAL SCHOOL - BLACKHALL-KALIMNA PRESHIL SENIOR SCHOOL",145.049480009752,-37.8129499883245
DROUIN SECONDARY COLLEGE - BLACKWOOD ANNEXE,145.8388099672,-38.2553499985713
EMMAUS COLLEGE - BURWOOD CAMPUS,145.096390004731,-37.8483899847718
YARRA HILLS SECONDARY COLLEGE - CAMBRIDGE CAMPUS,145.324109975953,-37.7965000002449
CATHOLIC REGIONAL COLLEGE,144.799089994193,-37.7388900037911
BRUNSWICK SECONDARY COLLEGE - CENTRAL TEACHING UNIT,144.945960008606,-37.7586900038977
KEYSBOROUGH SECONDARY COLLEGE - ACACIA CAMPUS,145.182599979733,-37.9845499945697
CAROLINE CHISHOLM CATHOLIC COLLEGE - CHRIST THE KING CAMPUS,144.86177998819,-37.7865800023375
COBURG SENIOR HIGH SCHOOL - COBURG TEACHING UNIT,144.973739990774,-37.7404200026826
COLLINGWOOD COLLEGE - COLLINGWOOD ALTERNATIVE SCHOOL,144.985639978982,-37.8023899938813
ST MONICAS COLLEGE - DALTON ROAD CAMPUS,145.031680009009,-37.6551700011218
COPPERFIELD COLLEGE - DELAHEY SENIOR CAMPUS,144.772429979895,-37.7194600028678
BENALLA COLLEGE - DUNLOP CAMPUS,145.990639955077,-36.5487800017813
TRARALGON COLLEGE - EAST CAMPUS,146.553089979358,-38.2025799986737
BALLARAT SECONDARY COLLEGE - EAST CAMPUS,143.892280002926,-37.5591200010009
ESSENDON EAST KEILOR DISTRICT COLLEGE - EAST KEILOR CAMPUS,144.869709987868,-37.7397100005856
ROWVILLE SECONDARY COLLEGE - EASTERN CAMPUS,145.264809992452,-37.9208999968831
WODONGA MIDDLE YEARS COLLEGE - FELLTIMBER CAMPUS,146.862119988029,-36.1271800057668
MOUNT ERIN SECONDARY COLLEGE - FRANKSTON CAMPUS,145.146629967042,-38.1741199962497
TRARALGON COLLEGE - HAZELWOOD ESTATE,146.380290012621,-38.3108600014695
KEYSBOROUGH SECONDARY COLLEGE - BANKSIA CAMPUS,145.15983996964,-37.9670199958862
RESERVOIR HIGH SCHOOL - HEIDELBERG SECONDARY TEACHING UNIT,145.029579989076,-37.7223100013954
HORSHAM COLLEGE - HORSHAM HIGH CAMPUS,142.18409996788,-36.7116599715732
WODONGA MIDDLE YEARS COLLEGE - HUON CAMPUS,146.890560012025,-36.1308399399546
DAMASCUS COLLEGE,143.870349988443,-37.6114599989236
EMMANUEL COLLEGE INC - EMMANUEL COLLEGE INC.,142.477359989306,-38.3709699835853
MOUNT WAVERLEY SECONDARY COLLEGE - JUNIOR CAMPUS,145.130660001873,-37.8657299862428
PENLEIGH AND ESSENDON GRAMMAR SCHOOL - KEILOR EAST CAMPUS,144.870340003574,-37.7321500015815
DE LA SALLE COLLEGE - KINNOULL CAMPUS,145.031929994154,-37.8555199923833
CATHOLIC COLLEGE BENDIGO - LA VALLA CAMPUS,144.338599992755,-36.770720000002
SALE COLLEGE - MACALISTER CAMPUS,147.068010004183,-38.1089199841713
The Geelong College - The Geelong College Senior School,144.340099995453,-38.1524099987051
GIPPSLAND GRAMMAR - MAIN CAMPUS,147.06463000865,-38.0936499838161
FIRBANK GRAMMAR SCHOOL - MAIN CAMPUS,144.99694000072,-37.9061199902975
NEWHAVEN COLLEGE - MAIN CAMPUS,145.354129961653,-38.5103399987406
METHODIST LADIES COLLEGE - MALLACOOTA CAMPUS,149.819390170278,-37.4806204720965
KURNAI COLLEGE - MORWELL CAMPUS,146.432789973232,-38.2287899978607
YARRA HILLS SECONDARY COLLEGE - MOUNT EVELYN CAMPUS,145.383389968104,-37.7747899972563
ESSENDON EAST KEILOR DISTRICT COLLEGE - NIDDRIE CAMPUS,144.879120008277,-37.7300700021655
STAR OF THE SEA COLLEGE,144.996780001772,-37.8967299912284
MACKILLOP CATHOLIC REGIONAL COLLEGE - ST MARYS CAMPUS,144.696339991058,-37.9534400001857
THOMAS CARR COLLEGE,144.702059980391,-37.8476799939175
TRINITY COLLEGE COLAC INC,143.576939977272,-38.3520299898922
VICTORIA UNIVERSITY SECONDARY COLLEGE - BRIMBANK CAMPUS,144.785959976318,-37.7403000049116
SWIFTS CREEK SCHOOL (INTERIM NAME) - SECONDARY CAMPUS,147.724039957791,-37.2668299761898
MERBEIN P-10 COLLEGE - SECONDARY CAMPUS,142.071320012741,-34.1693500318642
CHRISTIAN COLLEGE INSTITUTE OF SENIOR EDUCATION - ARTS/TECHNOLOGY CENTRE VILLA PALOMA CAMPUS,144.300579965949,-38.2044000164254
HERITAGE COLLEGE - OFFICER CAMPUS,145.416719986067,-38.0543399963277
ST ALOYSIUS COLLEGE,144.942869953435,-37.7928899958989
ST JAMES  COLLEGE,145.071369988527,-37.9264599895326
WOODLEIGH SCHOOL - SENIOR CAMPUS,145.174649973062,-38.1925999983016
DIAMOND VALLEY COLLEGE,145.167399985667,-37.6728299995832
Footscray City College,144.894019989111,-37.7910599995577
BACCHUS MARSH COLLEGE,144.433059986279,-37.6856299949652
MULLAUNA SECONDARY COLLEGE,145.19015998799,-37.8071099939941
SOUTH OAKLEIGH SECONDARY COLLEGE,145.089769990775,-37.9223199917736
NEW GENERATION COLLEGE,144.963529960502,-37.8145199974443
COMMUNITY COLLEGE GIPPSLAND LTD,145.926229996809,-38.1782200014004
SEYMOUR COLLEGE - LOCO STREET CAMPUS,145.141119982881,-37.0298300077288
GOOD SHEPHERD COLLEGE - MAIN CAMPUS,142.041490052744,-37.7708200090265
HORSHAM COLLEGE - MC KENZIE CREEK CAMPUS,142.176250018968,-36.7827899935706
CROYDON COMMUNITY SCHOOL - RECONNECTING YOUTH CAMPUS,145.166539957086,-37.9070499949785
THE HAMILTON AND ALEXANDRA COLLEGE - SENIOR CAMPUS,142.024220056782,-37.7371900118507
ST JOSEPHS COLLEGE MILDURA,142.153460016566,-34.1887300316249
ST MARY OF THE ANGELS COLLEGE,145.20874998498,-36.0576600531784
NOTRE DAME COLLEGE - EMMAUS CAMPUS,145.40795997618,-36.3247700027896
CROYDON COMMUNITY SCHOOL,145.278929983565,-37.7984199971061
LYNALL HALL COMMUNITY SCHOOL,145.002259987564,-37.8164799961068
GLEN EIRA COLLEGE,145.038009993799,-37.8856999919876
METHODIST LADIES COLLEGE -KINDLE,145.038440023477,-37.8147099865772
STOTTS COLLEGES,144.970559974605,-37.8115399969065
OVERNEWTON ANGLICAN COMMUNITY COLLEGE - TAYLORS LAKES CAMPUS,144.773279982874,-37.690260001744
CAMPERDOWN COLLEGE - WILSON STREET,143.145439968387,-38.2397299915531
NEWHAVEN COLLEGE - PHILLIP ISLAND TOURIST ROAD CAMPUS,145.272329989684,-38.4883299978958
YUILLE PARK P-8 COMMUNITY COLLEGE - YUILLE CAMPUS,143.824460016489,-37.5209799974378
BACCHUS MARSH GRAMMAR,144.431599993048,-37.6902499958972
CHARLTON COLLEGE - CHARLTON COLLEGE (CLUSTER),143.347259993242,-36.2742199917133
KARDINIA INTERNATIONAL COLLEGE,144.328000006071,-38.1098699966488
KINGS COLLEGE,142.506179958964,-38.3620999852092
ST ANTHONYS COPTIC ORTHODOX COLLEGE,145.157969976037,-38.1201199957015
ST JOHNS GREEK ORTHODOX COLLEGE,144.998750004704,-37.7472300024366
ST MARYS COPTIC ORTHODOX COLLEGE,144.931219992277,-37.6558200002524
AL SIRAAT COLLEGE,145.037539984355,-37.6242499993313
FRAYNE COLLEGE,146.939939999078,-36.173879941001
XAVIER COLLEGE - KOSTKA HALL CAMPUS,144.994029997942,-37.9270599932277
ST AUGUSTINES COLLEGE,145.044719991306,-36.3095400084952
WESTERN ENGLISH LANGUAGE SCHOOL - WYNDHAM SECONDARY CAMPUS,144.653629967419,-37.8889499959189
ST MARYS COLLEGE,145.140929967981,-37.0198800066527
POINT COOK PREP - YEAR 9 COLLEGE,144.725699982354,-37.8935799957928
ACACIA COLLEGE,145.075509973555,-37.5990199997835
COLBINNABIN STATE SCHOOL,144.745019996953,-36.5955200019446
ST PAULS TRARALGON CAMPUS,146.518219987735,-38.1834899999477
ST ALBANS SECONDARY COLLEGE - STRATHBOGIE CAMP,145.809980006621,-36.8217499975002
BENTON JUNIOR COLLEGE,145.061119972147,-38.2459299977954
BETHEL CHRISTIAN COLLEGE,145.234539998361,-36.4399400214338
BALMORAL K-12 COMMUNITY COLLEGE,141.827379991723,-37.2405400078338
BAYSIDE CHRISTIAN COLLEGE,145.163029964659,-38.1786199964115
BETH RIVKAH LADIES COLLEGE,145.00083998906,-37.8692699933366
CAMBERWELL GRAMMAR SCHOOL,145.066409995472,-37.8160799885077
CHRISTIAN COLLEGE BELLARINE,144.573559967291,-38.1710099962946
COVENANT COLLEGE,144.317999993169,-38.0971799989137
CREEK STREET CHRISTIAN COLLEGE,144.27158000051,-36.7655200015724
CHRIST THE KING ANGLICAN COLLEGE,145.660059943222,-35.9242700429946
Holy Eucharist Primary School,145.069449971498,-37.8841499931387
KANIVA COLLEGE,141.244850033676,-36.382709975984
KERANG CHRISTIAN COLLEGE,143.913420022501,-35.7304099987698
LAKESIDE LUTHERAN COLLEGE,145.455929996026,-38.0649099981493
LIGHTHOUSE CHRISTIAN COLLEGE,145.14350998372,-38.0011899989684
LIGHTHOUSE CHRISTIAN COLLEGE CRANBOURNE,145.307299956625,-38.1399999971974
MELTON CHRISTIAN COLLEGE,144.56029000469,-37.700259996508
MILDURA CHRISTIAN COLLEGE,142.145330055005,-34.2474100205524
MT HIRA COLLEGE,145.175479977722,-38.0139799942585
MURTOA COLLEGE,142.475750023518,-36.6234799817726
NORTHSIDE CHRISTIAN COLLEGE,145.054679955708,-37.6950000009491
OLIVET CHRISTIAN COLLEGE,144.205429990926,-37.0884800012871
PRESBYTERIAN LADIES COLLEGE,145.107010004869,-37.8485499865047
RIVER CITY CHRISTIAN COLLEGE,144.73176997856,-36.1448000041611
ST ANDREWS CHRISTIAN COLLEGE,145.244639981171,-37.8738499961888
ST THOMAS AQUINAS COLLEGE,145.623689991637,-38.0832100011264
TRINITY LUTHERAN COLLEGE,142.128790021297,-34.2015900293154
GILSON COLLEGE,144.763159980952,-37.7245900032735
KINGSWOOD COLLEGE,145.118629996582,-37.8327599892081
OXLEY CHRISTIAN COLLEGE,145.304319983098,-37.7629199986549
SCOTCH COLLEGE,145.03228998845,-37.8339099922741
THE PENINSULA SCHOOL,145.090699972218,-38.1981599975382
YESHIVAH COLLEGE,145.000349990272,-37.8681099942958
DARUL ULUM COLLEGE OF VICTORIA,144.971699985947,-37.705170002324
DONVALE CHRISTIAN COLLEGE,145.193460001059,-37.7740199920172
BRIGHTON GRAMMAR SCHOOL,144.993529996771,-37.9110999910947
GOOD NEWS LUTHERAN COLLEGE,144.666609983758,-37.8552299965816
GEELONG BAPTIST COLLEGE,144.330289984169,-38.0671199965373
WODONGA MIDDLE YEARS COLLEGE - FLYING FRUIT FLY CIRCUS SCHOOL,146.862119988031,-36.1271600057667
YUILLE PARK P-8 COMMUNITY COLLEGE - GREVILLEA CAMPUS,143.820090018563,-37.5277699982018
ISIK COLLEGE - SHEPPARTON CAMPUS,145.491730006228,-36.3641699949311
CARRANBALLAC P-9 COLLEGE - JAMIESON WAY CAMPUS,144.745609983714,-37.8951399991448
OVERNEWTON ANGLICAN COMMUNITY COLLEGE - KEILOR MAIN CAMPUS,144.823189983492,-37.7065400042225
FLINDERS CHRISTIAN COMMUNITY COLLEGE - TRARALGON CAMPUS,146.551169977927,-38.2089499985694
SOUTH COAST CHRISTIAN COLLEGE,145.960879983655,-38.4702199977059
FLINDERS CHRISTIAN COMMUNITY COLLEGE - MAIN CAMPUS,145.167989979504,-38.2620999962675
BEACONHILLS COLLEGE - VALLEY CAMPUS,145.467329996374,-38.0618899969332
MARANATHA CHRISTIAN SCHOOL - CASEY SENIOR CAMPUS,145.278039988596,-37.9709099941138
AL-TAQWA COLLEGE - MAIN CAMPUS,144.722029974383,-37.8526399962926
MOUNT SCOPUS MEMORIAL COLLEGE - MAIN CAMPUS,145.117780003146,-37.847199987239
METHODIST LADIES COLLEGE - MAIN CAMPUS,145.03850002155,-37.8139399875766
AUSTRALIAN INTERNATIONAL ACADEMY OF EDUCATION - SENIOR CAMPUS,144.958669995887,-37.7265400035662
GEELONG LUTHERAN COLLEGE,144.337069967743,-38.2304500199827
HEATHDALE CHRISTIAN COLLEGE,144.681339986403,-37.8813099987322
MINARET COLLEGE - OFFICER CAMPUS,145.411009996143,-38.0536499959225
The Geelong College - The Geelong College Preparatory School,144.325519996864,-38.1444599976974
HEATHERTON CHRISTIAN COLLEGE,145.111369988108,-37.9578299954818
HENDERSON COLLEGE,142.159270055899,-34.2225900281772
CAMBERWELL GIRLS GRAMMAR SCHOOL,145.060999997398,-37.8161999881364
FOREST HILL COLLEGE,145.16372998802,-37.8485199884214
ROWVILLE SECONDARY COLLEGE,145.237089977946,-37.9238899959741
GREENSBOROUGH SECONDARY COLLEGE,145.091249975919,-37.7084900005489
MILL PARK SECONDARY COLLEGE,145.063409986557,-37.6641600013573
BRUNSWICK SECONDARY COLLEGE,144.955009966714,-37.7709000005915
LYNALL HALL COMMUNITY SCHOOL - THE ISLAND CAMPUS,144.976499988233,-37.741000002875
OZFORD COLLEGE,144.954429984259,-37.8128899968124
CASTLEMAINE SECONDARY COLLEGE - YAPEEN CAMPUS,144.188319990425,-37.1318499994442
MELBOURNE GRAMMAR SCHOOL - SENIOR CAMPUS,144.977089971074,-37.8335899964897
MELBOURNE GRAMMAR SCHOOL - WADHURST CAMPUS,144.973979970654,-37.8332299962747
SIMONDS CATHOLIC COLLEGE - SIMONDS CATHOLIC COLLEGE ST BRIGIDS VCE CAMPUS,144.976489983714,-37.7918599981899
SAINT IGNATIUS COLLEGE GEELONG,144.557899991159,-38.1886999963579
SIMONDS CATHOLIC COLLEGE,144.952889977279,-37.8059599966642
CATHOLIC COLLEGE BENDIGO,144.273370019433,-36.7534300006129
PADUA COLLEGE - PADUA COLLEGE MORNINGTON CAMPUS,145.071999973289,-38.2182599953741
ST MONICAS COLLEGE,145.031410009055,-37.6551800011032
CAROLINE CHISHOLM CATHOLIC COLLEGE,144.850099968295,-37.7858600015399
LAVALLA CATHOLIC COLLEGE,146.514249991342,-38.2008799997589
ST PETERS COLLEGE - ST PETERS COLLEGE CRANBOURNE EAST CAMPUS,145.319469994383,-38.1141499968875
HALLAM SENIOR SECONDARY COLLEGE - HALLAM SENIOR COLLEGE / MISSION AUSTRALIA ANNEX,145.238569972209,-37.9823499984388
SURF COAST SECONDARY COLLEGE,144.312309996473,-38.3217500729115
LAKEVIEW SENIOR COLLEGE,144.73706998429,-37.7356500035817
CROYDON MAROONDAH COLLEGE (INTERIM NAME) - CROYDON CAMPUS,145.282329983988,-37.7892699962861
CROYDON MAROONDAH COLLEGE (INTERIM NAME) - MAROONDAH CAMPUS,145.261199987001,-37.7951199978515
BORONIA K-12 COLLEGE - MOUNT VIEW CAMPUS,145.302439972706,-37.8596399961248
CATHEDRAL COLLEGE WANGARATTA - THE CLOSE CAMPUS,146.321299975542,-36.3559199857295
SACRED HEART COLLEGE - SACRED HEART COLLEGE SENIOR CAMPUS,146.009209932807,-36.0086599986276
THE ALPINE SCHOOL - DINNER PLAIN CAMPUS,147.245930021388,-37.0232800040559
THE ALPINE SCHOOL - SNOWY RIVER CAMPUS,148.628639988065,-37.799379991205
THE ALPINE SCHOOL - GNURAD GUNDIDJ CAMPUS,142.953580011428,-38.1584099934551
GREENSBOROUGH SECONDARY COLLEGE - BARJARG LODGE,145.976640013417,-36.9151000071149
NORTHCOTE HIGH SCHOOL - BOHO SOUTH CAMP,145.783120017777,-36.7704399992458
WESTALL SECONDARY COLLEGE - CAMP BALOOK,146.563979988193,-38.4120000007838
BRAUER SECONDARY COLLEGE - DUNKELD ANNEXE,142.345440012672,-37.6130600013668
MOUNT WAVERLEY SECONDARY COLLEGE - LOWER HOMEBUSH,143.52723999186,-37.0302299956471
MELBOURNE HIGH SCHOOL - MILLGROVE OUTDOOR EDUCATION CENTRE,145.643829955099,-37.7481199974773
PRINCES HILL SECONDARY COLLEGE - MIRRIMBAH COUNTRY CENTRE,146.365769977392,-37.1076200068473
BELMONT HIGH SCHOOL - TANYBRYN CAMP,143.707719973718,-38.6569299919639
GENAZZANO FCJ COLLEGE - ALL HALLOWS CAMPUS,145.086949986384,-37.8117299888942
CORRYONG COLLEGE,147.910760010677,-36.192929990155
BALLARAT CHRISTIAN COLLEGE,143.843809994912,-37.5929100001157
OAKLEIGH GREEK ORTHODOX COLLEGE OSHC -EXTEND,145.082879983827,-37.8963199931382
MARIAN COLLEGE,144.806129975727,-37.7877300005705
ELTHAM COLLEGE - CITY CAMPUS,144.955869982535,-37.8172599969378
SANDRINGHAM COLLEGE - BEAUMARIS YEAR 7-10 CAMPUS,145.032939979618,-37.9776799922083
HUME CENTRAL SECONDARY COLLEGE - BLAIR STREET CAMPUS,144.928719985164,-37.6794000022285
CAULFIELD GRAMMAR SCHOOL - MAIN CAMPUS,145.004889991471,-37.8773799916643
KURNAI COLLEGE - CHURCHILL CAMPUS,146.426709966726,-38.3087900009033
BELLARINE SECONDARY COLLEGE - DRYSDALE CAMPUS,144.557529992014,-38.1906599963452
WANGARATTA HIGH SCHOOL - EDWARDS STREET CAMPUS,146.307729972998,-36.3448899866564
PENOLA CATHOLIC COLLEGE - GLENROY CAMPUS,144.907919995505,-37.7095600029983
COLAC SECONDARY COLLEGE,143.590099993977,-38.3514999907141
COPPERFIELD COLLEGE - KINGS PARK JUNIOR CAMPUS,144.770749978896,-37.7315100028291
CHRISTIAN BROTHERS COLLEGE,144.997010003807,-37.8593499970128
WESTERN HEIGHTS SECONDARY COLLEGE - VINES ROAD CAMPUS,144.32896997953,-38.1228799967922
CHRISTADELPHIAN HERITAGE COLLEGE MELBOURNE,145.322249969286,-37.8594699975061
HAILEYBURY COLLEGE - BRIGHTON CAMPUS,145.006979991314,-37.9304499921358
HAILEYBURY GIRLS COLLEGE - BERWICK CAMPUS,145.363909979502,-38.0435799965588
DE LA SALLE COLLEGE,145.032189991875,-37.8576599934144
BROOKSIDE P-9 COLLEGE,144.736539982236,-37.7463700016125
CORNISH COLLEGE,145.1487699785,-38.0491799946282
BENDIGO SENIOR SECONDARY COLLEGE - NETSCHOOL CAMPUS,144.280520007644,-36.7592700021182
ANTONINE COLLEGE - ST JOSEPH CAMPUS,144.94273998906,-37.7411800035691
ST PETERS COLLEGE - ST PETERS COLLEGE WEST CAMPUS,145.256869983996,-38.1083999984892
SACRED HEART COLLEGE,146.009199932809,-36.0086599986268
MCCLELLAND SECONDARY COLLEGE - CAMP MAHAIKAH,146.279299977895,-36.9244000102909
CHRISTIAN COLLEGE HIGHTON - MAIN CAMPUS,144.313079984761,-38.1852300101292
CAREY BAPTIST GRAMMAR SCHOOL - KEW CAMPUS,145.047820011842,-37.8147699872217
MELBOURNE GIRLS GRAMMAR - MERTON HALL CAMPUS,144.984809969941,-37.8316799970061
GEELONG GRAMMAR SCHOOL - MAIN CAMPUS,144.399079969893,-38.0687999950813
BALLARAT CLARENDON COLLEGE - MAIN CAMPUS,143.833659980016,-37.5596400012631
FLINDERS CHRISTIAN COMMUNITY COLLEGE - CARRUM DOWNS CAMPUS,145.180899967374,-38.1168799972685
FIRBANK GRAMMAR SCHOOL,145.016239980636,-37.9584699919438
FIRBANK GRAMMAR SCHOOL,144.997299999477,-37.9077799913324
SHEPPARTON CHRISTIAN COLLEGE LTD,145.415979993751,-36.3538499925395
VICTORY LUTHERAN COLLEGE,146.847620041656,-36.1159899645916
TOORAK COLLEGE,145.093469974596,-38.1722499975698
MARYBOROUGH EDUCATION CENTRE - BALACLAVA ROAD CAMPUS,143.722869977467,-37.0421499990099
BARBARA TOLSON CENTRE  MELBOURNE GIRLS GRAMMAR,144.98585997085,-37.8308399970728
OAKWOOD SCHOOL - CAULFIELD PARK COMMUNITY CAMPUS,145.034169965748,-37.8739799906514
Turning Point Campus,143.382959993836,-38.681949986797
The Geelong College Middle School Campus,144.325519996864,-38.1444599976974
HAZEL GLEN COLLEGE ,145.122909958413,-37.5988700010483
COBURG HIGH SCHOOL,144.974999988663,-37.7394300027626
AUBURN HIGH SCHOOL,145.045069992578,-37.8398799911886
ASHWOOD HIGH SCHOOL,145.103329995756,-37.86452998535
