RICHMOND HIGH SCHOOL - GLEADELL STREET CAMPUS,2500236.840883219,2409291.30484809
HAWKESDALE P12 COLLEGE,2264815.0546992426,2373888.8378943345
HORSHAM SECONDARY COLLEGE,2248480.385205409,2528273.711738214
IRYMPLE TECHNICAL SCHOOL,2238554.431381349,2803256.4817109182
Port Melbourne Secondary College,2493997.3504982325,2407666.5173513666
Greenvale Secondary College,2490344.756429236,2427835.5731978845
Wurun Senior Campus,2498555.5818336736,2412032.5589381605
Clyde Secondary College,2529647.105627164,2374684.74169322
MIDLANDS SECONDARY COLLEGE SENIOR CAMPUS,2402140.0767309982,2440110.998182351
ST PAULS TRARALGON CAMPUS,2633018.542304021,2367595.837891902
SPRINGSIDE WEST SECONDARY COLLEGE,2476007.9826452606,2420545.312719088
PRESTON HIGH SCHOOL,2500564.053897732,2417694.015296193
WARRAGUL HIGH SCHOOL,2580833.082773913,2370087.662669531
ST ALBANS SECONDARY COLLEGE - STRATHBOGIE CAMP,2572254.1479421216,2519471.122603059
BENTON JUNIOR COLLEGE,2505350.7907770104,2361723.434628479
BETHEL CHRISTIAN COLLEGE,2521026.7082939874,2562116.8707584515
WILLIAM RUTHVEN SECONDARY COLLEGE,2500244.275624548,2422690.486283483
CORIO SECONDARY COLLEGE,2443202.532090452,2379813.5532770297
KARINGAL HIGH SCHOOL,2512870.644247668,2373429.8310289066
ALTONA NORTH HIGH SCHOOL,2486503.501621091,2407112.8457431896
BAYSIDE SECONDARY COLLEGE WILLIAMSTOWN CAMPUS,2490002.551775365,2404774.7750385376
MORTLAKE SECONDARY COLLEGE,2307970.0193795953,2377243.805178593
MURRAYVILLE HIGH SCHOOL,2152234.6122619663,2685461.3158647977
MILDURA TECHNICAL SCHOOL,2236892.3104490284,2807272.649707755
MANSFIELD SECONDARY COLLEGE,2596799.103523294,2492491.5045325756
MANSFIELD HIGH SCHOOL,2596799.103523294,2492491.5045325756
MERRILANDS COLLEGE (P-12),2500244.275624548,2422690.486283483
SWAN HILL SECONDARY COLLEGE,2368403.347648462,2683724.033686448
SWAN HILL COLLEGE,2368403.347648462,2683724.033686448
BALMORAL K-12 COMMUNITY COLLEGE,2218584.2180313,2468619.2266419046
BAYSIDE CHRISTIAN COLLEGE,2514285.362213829,2369184.899628586
BETH RIVKAH LADIES COLLEGE,2500073.90633524,2403534.3276359215
CAMBERWELL GRAMMAR SCHOOL,2505847.193070035,2409435.7730494
CHRISTIAN COLLEGE BELLARINE,2462629.87694674,2369958.19064295
COVENANT COLLEGE,2440176.048482813,2378023.017802559
CREEK STREET CHRISTIAN COLLEGE,2434973.5124421683,2525768.8753823917
CHRIST THE KING ANGLICAN COLLEGE,2559571.222491806,2619153.5526529253
MARIBYRNONG HIGH SCHOOL,2490155.1169138877,2413489.6993763736
BOX FOREST SECONDARY COLLEGE OAK PARK CAMPUS,2493449.299484003,2420732.4230571743
OAK PARK SECONDARY COLLEGE,2493449.299484003,2420732.4230571743
OAKLEIGH HIGH SCHOOL,2510248.3023616765,2399795.438613712
OAKLEIGH SECONDARY COLLEGE,2506632.614058393,2399490.5269563235
OAKLEIGH TECHNICAL SCHOOL,2506632.614058393,2399490.5269563235
Oberon High School,2444429.214632014,2363218.3922241637
WINDSOR TECHNICAL SCHOOL,2499646.2417941405,2404919.469979057
WODONGA HIGH SCHOOL,2669316.0010319147,2595346.8494351152
MITCHELL SECONDARY COLLEGE,2670173.9413346113,2594798.264290141
WODONGA MIDDLE YEARS COLLEGE HUON CAMPUS,2670173.9413346113,2594798.264290141
WODONGA WEST COLLEGE,2669202.087833013,2596234.712792091
WODONGA WEST HIGH SCHOOL,2669202.087833013,2596234.712792091
Holy Eucharist Primary School,2506109.3419277556,2401880.564859979
De La Salle College - Holy Eucharist Campus,2506109.3419277556,2401880.564859979
KANIVA COLLEGE,2163184.186684238,2561849.087655835
KERANG CHRISTIAN COLLEGE,2401690.6476971116,2640310.153332727
LAKESIDE LUTHERAN COLLEGE,2540010.7951413845,2381723.492405451
LIGHTHOUSE CHRISTIAN COLLEGE,2512604.6311658374,2388882.609573446
LIGHTHOUSE CHRISTIAN COLLEGE CRANBOURNE,2526940.70238289,2373440.6752335243
MELTON CHRISTIAN COLLEGE,2461225.669201564,2422202.518932976
MILDURA CHRISTIAN COLLEGE,2236819.0407978017,2801529.422505196
MT HIRA COLLEGE,2515409.9693028084,2387458.258081018
MURTOA COLLEGE,2274265.0664385213,2538785.0640065353
NORTHSIDE CHRISTIAN COLLEGE,2504822.1181425224,2422874.445020929
OLIVET CHRISTIAN COLLEGE,2429367.484455988,2489887.347782947
PRESBYTERIAN LADIES COLLEGE,2509417.845260894,2405828.735523409
RIVER CITY CHRISTIAN COLLEGE,2475860.6926696454,2594856.3728257194
ST ANDREWS CHRISTIAN COLLEGE,2521523.2889937833,2402998.3388023544
ST THOMAS AQUINAS COLLEGE,2554719.3257494783,2379608.7492328268
TRINITY LUTHERAN COLLEGE,2235141.2020711927,2806569.009993024
GILSON COLLEGE,2479121.733143624,2419565.8834078293
KINGSWOOD COLLEGE,2510442.692619697,2407580.030457233
OXLEY CHRISTIAN COLLEGE,2526813.2425378086,2415294.9783084495
SCOTCH COLLEGE,2502842.3617876987,2407458.4180808375
THE PENINSULA SCHOOL,2507945.4441831573,2367024.2691636384
YESHIVAH COLLEGE,2500030.7943248022,2403663.0760206915
DARUL ULUM COLLEGE OF VICTORIA,2497504.6126413886,2421746.769839853
DONVALE CHRISTIAN COLLEGE,2517043.0258533736,2414088.5827132603
BRIGHTON GRAMMAR SCHOOL,2499431.0530850305,2398891.55979178
GOOD NEWS LUTHERAN COLLEGE,2470661.322827554,2405041.248706823
GEELONG BAPTIST COLLEGE,2441230.616296232,2381367.2768407995
WODONGA MIDDLE YEARS COLLEGE - FLYING FRUIT FLY CIRCUS SCHOOL,2667608.935409439,2595208.3919127323
YUILLE PARK P-8 COMMUNITY COLLEGE - GREVILLEA CAMPUS,2395718.695259974,2440788.542590931
ISIK COLLEGE - SHEPPARTON CAMPUS,2544127.2820604527,2570435.9240238816
CARRANBALLAC P-9 COLLEGE - JAMIESON WAY CAMPUS,2477625.2246488757,2400633.1084820386
OVERNEWTON ANGLICAN COMMUNITY COLLEGE - KEILOR MAIN CAMPUS,2484409.857870093,2421580.617203282
FLINDERS CHRISTIAN COMMUNITY COLLEGE - TRARALGON CAMPUS,2635859.148066918,2364723.423516388
SOUTH COAST CHRISTIAN COLLEGE,2583868.169094117,2336401.7499816986
FLINDERS CHRISTIAN COMMUNITY COLLEGE - MAIN CAMPUS,2514703.626274468,2359917.1318224287
BEACONHILLS COLLEGE - VALLEY CAMPUS,2541012.856257578,2382053.8570633577
MARANATHA CHRISTIAN SCHOOL - CASEY SENIOR CAMPUS,2524430.3319160384,2392217.3862822214
AL-TAQWA COLLEGE - MAIN CAMPUS,2475537.4865520485,2405344.369116295
MOUNT SCOPUS MEMORIAL COLLEGE - MAIN CAMPUS,2510365.8871264285,2405977.451216165
METHODIST LADIES COLLEGE - MAIN CAMPUS,2503389.9031103035,2409674.639982475
AUSTRALIAN INTERNATIONAL ACADEMY OF EDUCATION - SENIOR CAMPUS,2496356.7074973593,2419374.645744361
GEELONG LUTHERAN COLLEGE,2441951.8246993916,2363241.47343353
HEATHDALE CHRISTIAN COLLEGE,2471967.2628566497,2402151.089192166
MINARET COLLEGE - OFFICER CAMPUS,2536074.1975455927,2382991.28624167
The Geelong College - The Geelong College Preparatory School,2440872.862792949,2372779.6224700306
HEATHERTON CHRISTIAN COLLEGE,2509787.3736069947,2393699.146335453
HENDERSON COLLEGE,2238021.606754658,2804322.5810325835
CAMBERWELL GIRLS GRAMMAR SCHOOL,2505370.8511393312,2409422.773358279
WILSON PARK SECONDARY COLLEGE,2461970.465794927,2421305.8493632134
MELTON TECHNICAL SCHOOL,2461970.465794927,2421305.8493632134
FOREST HILL COLLEGE,2514409.7168384935,2405824.966768818
ROWVILLE SECONDARY COLLEGE,2520845.2134177582,2397446.030923766
GREENSBOROUGH SECONDARY COLLEGE,2508045.720741916,2421374.823140178
MILL PARK SECONDARY COLLEGE,2505594.2820866616,2426296.631141005
BRUNSWICK SECONDARY COLLEGE,2496036.3979433635,2414451.2364536123
LYNALL HALL COMMUNITY SCHOOL - THE ISLAND CAMPUS,2497928.8401364856,2417770.357465636
OZFORD COLLEGE,2495987.5325304456,2409790.900672769
CASTLEMAINE SECONDARY COLLEGE - YAPEEN CAMPUS,2427887.5751709463,2485062.223058192
MELBOURNE GRAMMAR SCHOOL - SENIOR CAMPUS,2497983.310911523,2407494.1732081966
MELBOURNE GRAMMAR SCHOOL - WADHURST CAMPUS,2497709.537622984,2407534.058617262
SIMONDS CATHOLIC COLLEGE - SIMONDS CATHOLIC COLLEGE ST BRIGIDS VCE CAMPUS,2497929.352374642,2412125.6559663927
SAINT IGNATIUS COLLEGE GEELONG,2461266.678715034,2367988.246397482
SIMONDS CATHOLIC COLLEGE,2495851.55338324,2410559.9748296104
CATHOLIC COLLEGE BENDIGO,2435123.066471763,2527111.531355012
PADUA COLLEGE - PADUA COLLEGE MORNINGTON CAMPUS,2506305.611015271,2364794.4049592754
ST MONICAS COLLEGE,2502771.4453291865,2427294.642046787
CAROLINE CHISHOLM CATHOLIC COLLEGE,2486796.4927397035,2412781.4329108894
LAVALLA CATHOLIC COLLEGE,2632640.0373703116,2365671.2058903817
ST PETERS COLLEGE - ST PETERS COLLEGE CRANBOURNE EAST CAMPUS,2528017.2635611705,2376306.5862889634
HALLAM SENIOR SECONDARY COLLEGE - HALLAM SENIOR COLLEGE / MISSION AUSTRALIA ANNEX,2520959.0752772847,2390957.013990759
SURF COAST SECONDARY COLLEGE,2439857.017137247,2353090.9240413383
LAKEVIEW SENIOR COLLEGE,2476825.2053830004,2418332.373719385
CROYDON MAROONDAH COLLEGE (INTERIM NAME) - CROYDON CAMPUS,2524867.0649480927,2412376.492539433
CROYDON MAROONDAH COLLEGE (INTERIM NAME) - MAROONDAH CAMPUS,2523004.200190143,2411732.538008402
BORONIA K-12 COLLEGE - MOUNT VIEW CAMPUS,2526613.494981614,2404560.8838172965
CATHEDRAL COLLEGE WANGARATTA - THE CLOSE CAMPUS,2618581.356573649,2570642.3541883286
SACRED HEART COLLEGE - SACRED HEART COLLEGE SENIOR CAMPUS,2590982.1987237795,2609513.946180526
THE ALPINE SCHOOL - DINNER PLAIN CAMPUS,2699804.1910759094,2495059.8581907675
THE ALPINE SCHOOL - SNOWY RIVER CAMPUS,2819483.7397739547,2405201.844832532
THE ALPINE SCHOOL - GNURAD GUNDIDJ CAMPUS,2320649.6869174386,2369512.8289716532
GREENSBOROUGH SECONDARY COLLEGE - BARJARG LODGE,2587014.2935133358,2508974.17250189
NORTHCOTE HIGH SCHOOL - BOHO SOUTH CAMP,2569904.993868508,2525184.2180060074
WESTALL SECONDARY COLLEGE - CAMP BALOOK,2636610.708485949,2342166.6002762383
BRAUER SECONDARY COLLEGE - DUNKELD ANNEXE,2265676.342073717,2428702.4003441427
MOUNT WAVERLEY SECONDARY COLLEGE - LOWER HOMEBUSH,2368984.1689713337,2495632.208311364
MELBOURNE HIGH SCHOOL - MILLGROVE OUTDOOR EDUCATION CENTRE,2556737.8024488636,2416788.549517812
PRINCES HILL SECONDARY COLLEGE - MIRRIMBAH COUNTRY CENTRE,2621375.5489613633,2487187.6206415184
BELMONT HIGH SCHOOL - TANYBRYN CAMP,2387489.297507785,2315330.631570544
GENAZZANO FCJ COLLEGE - ALL HALLOWS CAMPUS,2507656.1157488,2409917.1107006418
CORRYONG COLLEGE,2761749.544413466,2585548.1897035744
BALLARAT CHRISTIAN COLLEGE,2397902.7730747736,2433585.781075038
OAKLEIGH GREEK ORTHODOX COLLEGE OSHC -EXTEND,2507289.5706106783,2400528.861007817
RICHMOND GIRLS SECONDARY COLLEGE,2501261.6040450647,2408724.0668417355
Sunshine West Secondary College,2483608.601757678,2411978.925557431
SAINT KILDA ALTERNATIVE HIGH SCHOOL,2498350.9185145013,2404765.040332933
SPRINGVALE SECONDARY COLLEGE,2513709.3730329345,2394672.6075599343
ORBOST HIGH SCHOOL,2805586.2830789876,2416300.783644257
MARIAN COLLEGE,2482923.9515371555,2412566.896911159
ELTHAM COLLEGE - CITY CAMPUS,2496114.550069673,2409305.945903916
SANDRINGHAM COLLEGE - BEAUMARIS YEAR 7-10 CAMPUS,2502894.056628825,2391501.1242402503
HUME CENTRAL SECONDARY COLLEGE - BLAIR STREET CAMPUS,2493712.6591119636,2424604.7897439636
CAULFIELD GRAMMAR SCHOOL - MAIN CAMPUS,2500430.199068809,2402634.1876277067
KURNAI COLLEGE - CHURCHILL CAMPUS,2624793.0816279356,2353811.7907278184
BELLARINE SECONDARY COLLEGE - DRYSDALE CAMPUS,2461235.2737716017,2367770.5242320774
WOODMANS HILL SECONDARY COLLEGE,2402139.0822488265,2437386.3385967836
WANGARATTA HIGH SCHOOL - EDWARDS STREET CAMPUS,2617380.391413319,2571882.8972297907
PENOLA CATHOLIC COLLEGE - GLENROY CAMPUS,2491881.2086073845,2421256.001095243
COLAC SECONDARY COLLEGE,2376747.3810445615,2349092.7339769024
Castlemaine High School,2431295.173334588,2494113.2620591074
COPPERFIELD COLLEGE - KINGS PARK JUNIOR CAMPUS,2479792.665821182,2418799.518440485
CHRISTIAN BROTHERS COLLEGE,2499736.890968706,2404635.340606638
WESTERN HEIGHTS SECONDARY COLLEGE - VINES ROAD CAMPUS,2441158.410014158,2375177.1630618935
COBURG HIGH SCHOOL,2497796.5927925613,2417944.5685684606
YUILLE PARK P-8 COMMUNITY COLLEGE,2395759.860952157,2440819.018373929
CROYDON SECONDARY COLLEGE,2524866.18087923,2412375.3852951955
NOBLE PARK SECONDARY COLLEGE,2516024.3286970067,2392315.4095565807
CHRISTADELPHIAN HERITAGE COLLEGE MELBOURNE,2528356.752013074,2404574.03243489
HAILEYBURY COLLEGE - BRIGHTON CAMPUS,2500613.6358153485,2396743.8534561647
HAILEYBURY GIRLS COLLEGE - BERWICK CAMPUS,2531944.5404128977,2384125.86376042
LYNDALE HIGH SCHOOL,2518165.7676782403,2393580.814526583
DE LA SALLE COLLEGE,2502832.6681745504,2404822.43824578
BROOKSIDE P-9 COLLEGE,2476781.783379365,2417142.5012283474
CORNISH COLLEGE,2513058.297398588,2383555.1220209664
CRANBOURNE HIGH SCHOOL,2523781.3739894275,2380622.167231177
CORIO NORTH HIGH SCHOOL,2444128.617486453,2381716.8390899682
BENDIGO SOUTH EAST 7-10 SECONDARY COLLEGE,2437303.8038617643,2524646.8227823675
KNOX SECONDARY COLLEGE,2522746.1467539747,2404919.6751022814
KURNAI COLLEGE CHURCHILL CAMPUS,2624703.913274315,2353757.613240135
CLEELAND SECONDARY COLLEGE,2518829.0160668246,2391517.0593549106
FERNTREE GULLY SECONDARY COLLEGE,2525084.3590045813,2402291.408608922
MELTON SECONDARY COLLEGE,2461915.6239303336,2424259.9720757883
TEMPLESTOWE HIGH SCHOOL,2509361.416616626,2414409.213925929
MELBOURNE COLLEGE OF TEXTILES,2494430.3319013286,2418451.315276984
TRAFALGAR SECONDARY COLLEGE,2601444.0440374278,2364589.2682003183
MOE HIGH SCHOOL,2609462.019457331,2368126.9951519817
WILLIAMSTOWN NORTH SECONDARY COLLEGE,2490002.551775365,2404774.7750385376
CAULFIELD PARK COMMUNITY SCHOOL,2503006.2525795028,2403011.0259017386
BENDIGO SENIOR SECONDARY COLLEGE - NETSCHOOL CAMPUS,2435766.335928349,2526468.4078493807
ANTONINE COLLEGE - ST JOSEPH CAMPUS,2494953.434521474,2417749.1182258185
ST PETERS COLLEGE - ST PETERS COLLEGE WEST CAMPUS,2522529.029724641,2376961.4666147577
SACRED HEART COLLEGE,2590981.297238628,2609513.9557375126
MCCLELLAND SECONDARY COLLEGE - CAMP MAHAIKAH,2613964.656225799,2507622.84427255
WILLIAM RUTHVEN SECONDARY COLLEGE - MERRILANDS ROAD CAMPUS,2500244.275624548,2422690.486283483
ALEXANDRA HIGH SCHOOL,2562270.8522876143,2478189.4154776633
ALTONA SECONDARY COLLEGE,2483929.737812091,2404349.1163727157
HURSTBRIDGE HIGH SCHOOL,2516559.4138406203,2428856.9160317406
BENDIGO COLLEGE OF ADVANCED EDUCATION,2437584.4739684258,2524229.458466472
BENDIGO EAST PRIMARY SCHOOL,2437308.4560723007,2528736.8535249364
BROADFORD SECONDARY COLLEGE,2503553.0586903724,2477321.7532671094
NEWBOROUGH SECONDARY COLLEGE,2612435.782241272,2368426.0391212795
DANDENONG VALLEY SECONDARY COLLEGE,2518829.0160668246,2391517.0593549106
CHRISTIAN COLLEGE HIGHTON - MAIN CAMPUS,2439815.0042461427,2368246.2414026875
CAREY BAPTIST GRAMMAR SCHOOL - KEW CAMPUS,2504210.4761622925,2409582.1485576155
MELBOURNE GIRLS GRAMMAR - MERTON HALL CAMPUS,2498662.8413670245,2407706.296459443
GEELONG GRAMMAR SCHOOL - MAIN CAMPUS,2447268.2691792333,2381221.0853412375
BALLARAT CLARENDON COLLEGE - MAIN CAMPUS,2396961.2879479523,2437266.782269202
FLINDERS CHRISTIAN COMMUNITY COLLEGE - CARRUM DOWNS CAMPUS,2515864.2271695784,2376035.4857972385
BUCKLEY PARK SECONDARY COLLEGE,2490989.8674049466,2417086.552341787
KINGS PARK SECONDARY COLLEGE KAMBALDA JUNIOR CAMPUS,2479715.248269441,2418737.1806842424
BRUNSWICK HIGH SCHOOL,2496170.1020499207,2414907.447675486
BORONIA HIGH SCHOOL,2524651.847848545,2404789.9755226076
TOTTENHAM TECHNICAL SCHOOL,2487241.1941919015,2412278.2440610146
AUBURN HIGH SCHOOL,2503967.021960121,2406795.360866908
BALLAM PARK TECHNICAL SCHOOL,2514160.2339614066,2372902.691546088
PRAHRAN COLLEGE OF TECHNOLOGY,2499352.2814519773,2405443.321283185
FIRBANK GRAMMAR SCHOOL,2501427.183808419,2393633.7135373484
FIRBANK GRAMMAR SCHOOL,2499762.562006143,2399260.0686429683
SHEPPARTON CHRISTIAN COLLEGE LTD,2537334.6141309454,2571613.3843809757
VICTORY LUTHERAN COLLEGE,2666328.0159756835,2596472.9867233206
TOORAK COLLEGE,2508190.924099115,2369900.2201687265
MARYBOROUGH EDUCATION CENTRE - BALACLAVA ROAD CAMPUS,2386403.9123204416,2494561.0149649438
BOORT SECONDARY COLLEGE,2385153.7045974927,2597412.9975031596
BOORT HIGH SCHOOL,2385153.7045974927,2597412.9975031596
BRAUER SECONDARY COLLEGE,2277899.9142109263,2346240.668920841
WARRNAMBOOL TECHNICAL SCHOOL,2277899.9142109263,2346240.668920841
STRATHMORE SECONDARY COLLEGE,2493534.112260867,2418217.6065778285
STRATHMORE HIGH SCHOOL,2493534.112260867,2418217.6065778285
COBURG NORTH SECONDARY COLLEGE,2495777.0742483134,2418575.2927828245
POINT COOK SENIOR SECONDARY COLLEGE,2476497.6650670995,2401564.5670379736
NOSSAL HIGH SCHOOL,2529545.720637287,2384698.56595553
BARBARA TOLSON CENTRE  MELBOURNE GIRLS GRAMMAR,2498755.257736264,2407799.54066367
HIGHVALE SECONDARY COLLEGE,2515558.271811392,2403948.3000217685
YALLOURN SECONDARY COLLEGE,2614442.2540193778,2369170.3162033763
YALLOURN HIGH SCHOOL,2614442.2540193778,2369170.3162033763
MILDURA SENIOR COLLEGE,2236660.08043003,2807013.5132095404
Wanganui Park Secondary College,2535171.9701105785,2571269.7179296315
MONASH SECONDARY COLLEGE,2512837.117471057,2399020.4761486314
MONBULK COLLEGE,2537633.749430666,2401907.004095503
SCORESBY HIGH SCHOOL,2520776.671212837,2401358.670209294
THORNBURY DAREBIN SECONDARY COLLEGE,2502221.409444643,2416050.0623897295
TIMBER TOP,2615885.6621959335,2485198.2750493363
KURNAI COLLEGE MARYVALE CAMPUS,2625015.5545228287,2363221.090227426
WESTERN HEIGHTS SECONDARY COLLEGE,2441079.4215597645,2375062.269732398
WERRIBEE SECONDARY COLLEGE,2470868.193744149,2399458.0091509074
WERRIBEE HIGH SCHOOL,2470868.193744149,2399458.0091509074
WESTALL HIGH SCHOOL,2512005.6560598044,2395640.870892239
SAINT ARNAUD SECONDARY COLLEGE,2343549.6997771068,2541886.330039609
MELBOURNE COLLEGE OF DECORATION,2495952.298365392,2409819.7404119857
PASCOE VALE GIRLS HIGH SCHOOL,2494313.567152388,2420370.1390346196
PEMBROKE SECONDARY COLLEGE,2528585.224069816,2411190.3983659847
NAYOOK SECONDARY SCHOOL,2583514.334014976,2397257.3532949975
TARNEIT P-9 COLLEGE,2471831.8914785907,2407353.8443062482
PARKVILLE COLLEGE - MALMSBURY CAMPUS,2446338.1980076167,2479056.3082177173
RINGWOOD SECONDARY COLLEGE - BINDAREE CAMP,2563964.542431209,2351440.4621278737
ALIA COLLEGE,2503975.648216682,2406423.5450913925
AVILA COLLEGE,2511723.1423513195,2402926.7781257425
RESERVOIR DISTRICT SECONDARY COLLEGE PRESTON EAST CAMPUS,2503109.6511097034,2418499.200717712
PRESTON EAST HIGH SCHOOL,2503109.6511097034,2418499.200717712
MELBOURNE GIRLS COLLEGE,2501261.6040450647,2408724.0668417355
PARKVILLE COLLEGE - PARKVILLE CAMPUS,2495081.808756639,2413750.4130944684
ALAMANDA K-9 COLLEGE,2477184.9566445462,2399200.1254148483
BENALLA COLLEGE - BENALLA COLLEGE CAMP,2573937.738619116,2561299.8814577777
BENALLA COLLEGE - BENALLA COLLEGE CAMP,2573937.738619116,2561299.8814577777
NATHALIA SECONDARY COLLEGE,2518779.150314885,2604290.120497361
ACADEMY OF MARY IMMACULATE,2497746.509739631,2410810.4188336795
ALBURY WODONGA COMMUNITY COLLEGE,2670085.1405535033,2596175.0600429047
AQUINAS COLLEGE,2520683.802415578,2408637.5963286217
AVE MARIA COLLEGE,2491008.624185361,2416032.2196287103
STAUGHTON COLLEGE,2461970.465794927,2421305.8493632134
Turning Point Campus,2359264.120263494,2312120.788151482
SWINBURNE COLLEGE OF TECHNOLOGY,2503338.4604053716,2408741.255972583
SWINBURNE SENIOR SECONDARY COLLEGE,2503593.737077479,2408653.470227576
SWINBURNE SECONDARY COLLEGE,2503593.737077479,2408653.470227576
STAWELL COLLEGE WONGA CAMPUS,2303481.459328561,2490769.2354800887
MIRBOO NORTH HIGH SCHOOL,2600365.175275067,2343995.453436832
CASTERTON SECONDARY COLLEGE,2181049.1283581653,2428609.619848665
CASTERTON HIGH SCHOOL,2181049.1283581653,2428609.619848665
CHAFFEY SECONDARY COLLEGE,2236892.3104490284,2807272.649707755
TALLANGATTA SECONDARY COLLEGE,2695320.7750246064,2584268.709942324
BROADMEADOWS TECHNICAL SCHOOL,2493715.255741621,2425850.0003645625
WODONGA SENIOR SECONDARY COLLEGE,2669316.0010319147,2595346.8494351152
WODONGA TECHNICAL SCHOOL,2670173.9413346113,2594798.264290141
WODONGA WEST SECONDARY COLLEGE,2669202.087833013,2596234.712792091
CHARLTON SECONDARY COLLEGE,2352566.967146283,2579775.6327225845
CHARLTON HIGH SCHOOL,2352566.967146283,2579775.6327225845
MYRTLEFORD SECONDARY COLLEGE,2654533.447091802,2548669.680885082
MYRTLEFORD HIGH SCHOOL,2654533.447091802,2548669.680885082
PORTLAND TECHNICAL SCHOOL,2202402.84701443,2343869.884126258
PAKENHAM SECONDARY COLLEGE,2541331.0267996634,2381263.0692984182
PARKWOOD HIGH SCHOOL,2521030.979394807,2412970.779558624
SEYMOUR COLLEGE - LOCO STREET CAMPUS,2512590.9811116355,2496678.4513025377
COLAC HIGH SCHOOL,2374637.4754047426,2350786.6111856457
COLAC TECHNICAL SCHOOL,2376917.2452203534,2349371.7107942505
COBDEN TECHNICAL SCHOOL,2330665.41752037,2351331.7238328597
ROSANNA EAST HIGH SCHOOL,2507671.1268241643,2417667.2212008797
ROSEBUD SECONDARY COLLEGE,2490162.703205783,2348210.0076827537
HAILEYBURY BERWICK COLLEGE,2531984.3944726074,2384217.8409829615
WILLIAM RUTHVEN SECONDARY COLLEGE - RADFORD ROAD CAMPUS,2498359.144747644,2421210.9346080013
ALTONA COLLEGE,2483892.750699098,2404364.583899094
TWO RIVERS COLLEGE A KOORIE PATHWAYS SCHOOL,2236143.3018172258,2804276.3133514095
MERBEIN P-10 COLLEGE - PASCHENDALE AVENUE CAMPUS,2224983.416559357,2811094.9002554826
VICTORIA UNIVERSITY SECONDARY COLLEGE - BRIMBANK CAMPUS,2481106.41355652,2417849.2262708154
EDENHOPE COLLEGE,2171045.9260165053,2489896.125970695
RINGWOOD HIGH SCHOOL,2521056.2421128214,2409352.5403933655
RICHMOND TECHNICAL COLLEGE,2500036.978136465,2409327.9340862064
SUNBURY POST PRIMARY SCHOOL,2473901.3543738374,2435152.9611328132
SUNBURY SECONDARY COLLEGE,2476033.782041213,2436239.1238960456
SUNBURY HIGH SCHOOL,2476033.782041213,2436239.1238960456
SUNBURY COLLEGE,2476033.782041213,2436239.1238960456
Sunshine College - Senior Campus,2484963.538609228,2412268.9198188493
TEMPLESTOWE TECHNICAL SCHOOL,2510021.092107156,2413515.017782459
YARRAM SECONDARY COLLEGE,2646916.8540840414,2324825.729933886
YARRAM HIGH SCHOOL,2646916.8540840414,2324825.729933886
OUYEN SECONDARY COLLEGE,2256011.6426962805,2711521.0831447374
BEAUFORT SECONDARY COLLEGE,2356878.833853133,2450087.793941792
BEAUFORT HIGH SCHOOL,2356878.833853133,2450087.793941792
SUNSHINE TECHNICAL SCHOOL,2484917.7846846343,2412243.3107850933
Sunshine College - West Campus,2483608.601757678,2411978.925557431
LILYDALE HEIGHTS SECONDARY COLLEGE,2530087.9871909893,2417181.7190094627
LILYDALE TECHNICAL SCHOOL,2530087.9871909893,2417181.7190094627
LILYDALE HEIGHTS COLLEGE,2530087.9871909893,2417181.7190094627
LILYDALE HIGH SCHOOL,2530303.2228439674,2415529.4841031143
YEA HIGH SCHOOL,2536256.818705282,2476064.0320517067
MURRUMBEENA HIGH SCHOOL,2505435.8177728048,2399645.668037624
WONTHAGGI SECONDARY COLLEGE DUDLEY CAMPUS,2551584.851502423,2321407.968256658
WONTHAGGI HIGH SCHOOL,2551584.851502423,2321407.968256658
HAWKESDALE SECONDARY COLLEGE,2264815.0546992426,2373888.8378943345
IRYMPLE SECONDARY COLLEGE,2238554.431381349,2803256.4817109182
BELLARINE SECONDARY COLLEGE OCEAN GROVE CAMPUS,2459165.3066974888,2360203.048790396
HAMILTON COLLEGE,2237718.9436317314,2414137.6728606718
ARARAT SECONDARY COLLEGE,2315765.601122573,2466253.489214033
ARARAT SECONDARY COLLEGE SENIOR SCHOOL CAMPUS,2315817.3230344383,2465549.8063048664
ARARAT TECHNICAL SCHOOL,2315817.3230344383,2465549.8063048664
EUMEMMERRING SECONDARY COLLEGE,2522922.0251454012,2388825.172178843
GREVILLEA PARK PRIMARY SCHOOL,2395759.860952157,2440819.018373929
BAIMBRIDGE COLLEGE,2236902.5159903546,2414498.5143443337
HAMILTON TECHNICAL SCHOOL,2236902.5159903546,2414498.5143443337
BALLARAT COLLEGE,2396898.0937476656,2437088.4318708368
BALLARAT EAST HIGH SCHOOL,2402171.626314518,2437398.9254678674
BALLARAT GIRLS HIGH SCHOOL,2399727.8214245928,2436506.683644479
BALMORAL HIGH SCHOOL,2218957.841880706,2468461.801866265
WANGARATTA HIGH SCHOOL,2617379.478639899,2571881.8001060802
WANGARATTA SECONDARY COLLEGE,2618479.334845368,2570793.5743854474
WANGARATTA TECHNICAL SCHOOL,2618479.334845368,2570793.5743854474
OVENS COLLEGE,2618479.334845368,2570793.5743854474
WANTIRNA HIGH SCHOOL,2520236.990198615,2404805.1333514694
WARRAGUL SECONDARY COLLEGE,2580835.1687190733,2370303.0036486527
WARRAGUL TECHNICAL SCHOOL,2580835.1687190733,2370303.0036486527
WARRANDYTE HIGH SCHOOL,2516234.549231396,2416948.0519757792
WATERDALE HIGH SCHOOL,2504444.1955585894,2418637.329717377
LAKEVIEW SENIOR COLLEGE,2477106.7339476873,2418847.0027536005
WESLEY COLLEGE - ST KILDA ROAD JUNIOR CAMPUS,2498475.7872656393,2405250.0867253253
ISLAMIC COLLEGE OF MELBOURNE,2470112.6785077835,2405151.409212715
MOUNT ELIZA SECONDARY COLLEGE,2508195.1548529565,2367963.1501520127
MOUNT ELIZA HIGH SCHOOL,2508195.1548529565,2367963.1501520127
BAXTER TECHNICAL SCHOOL,2515959.8426251356,2358653.723658436
MOUNT EVELYN TECHNICAL SCHOOL,2533845.09322589,2413942.158728852
YARRA HILLS SECONDARY COLLEGE - MOUNT EVELYN CAMPUS,2533845.09322589,2413942.158728852
MOUNT BEAUTY SECONDARY COLLEGE,2693523.2274381453,2526611.9600916784
MOUNT BEAUTY HIGH SCHOOL,2693523.2274381453,2526611.9600916784
ELTHAM COLLEGE PREPARATORY CENTRE,2516834.847872853,2422300.7102939896
CAMPERDOWN COLLEGE WILSON STREET CAMPUS SECONDARY,2337635.9969121586,2360849.6322056614
CAMPERDOWN HIGH SCHOOL,2337635.9969121586,2360849.6322056614
MELTON HIGH SCHOOL,2461915.6239303336,2424259.9720757883
MELBOURNE COLLEGE OF HAIRDRESSING,2495854.5621461063,2409819.692655937
MELBOURNE COLLEGE OF PRINTING,2495389.041118082,2410929.3193733497
PASCOE VALE GIRLS SECONDARY COLLEGE,2494313.567152388,2420370.1390346196
MELBOURNE HIGH SCHOOL,2499587.1700721267,2407134.803737688
KEYSBOROUGH TECHNICAL SCHOOL,2514105.754557168,2391017.9989130786
KORUMBURRA SECONDARY COLLEGE,2571620.9937170893,2354784.1779190963
KORUMBURRA HIGH SCHOOL,2571620.9937170893,2354784.1779190963
KURUNJANG POST PRIMARY SCHOOL,2463476.073086965,2425247.987987997
KYABRAM SECONDARY COLLEGE,2504901.842171725,2575743.4332575407
KYNETON SECONDARY COLLEGE,2451937.105052092,2471974.7648592666
KYNETON TECHNICAL SCHOOL,2451937.105052092,2471974.7648592666
KYNETON HIGH SCHOOL,2451937.105052092,2471974.7648592666
LA TROBE HIGH SCHOOL,2504151.0287048984,2419346.664555868
LAWRENCE SECONDARY COLLEGE,2512305.168302912,2402659.5665562674
SYNDAL TECHNICAL SCHOOL,2512305.168302912,2402659.5665562674
LEONGATHA SECONDARY COLLEGE,2583890.0950885196,2335461.095771024
LEONGATHA TECHNICAL SCHOOL,2583212.21391455,2335401.2942555854
BAIRNSDALE HIGH SCHOOL,2729366.8266201913,2405264.2373373955
BAIRNSDALE SECONDARY COLLEGE,2729295.173211483,2404898.6914317394
BAIRNSDALE TECHNICAL SCHOOL,2731374.930195385,2405332.2624757355
BURWOOD HIGH SCHOOL,2509962.595826237,2405807.01742296
BURWOOD TECHNICAL SCHOOL,2511673.8708183235,2406082.280580896
BACCHUS MARSH COLLEGE DARLEY CAMPUS,2449080.9943354568,2427300.581514884
BACCHUS MARSH SECONDARY COLLEGE MADDINGLEY CAMPUS,2449960.3104263903,2423668.9557024874
BACCHUS MARSH SECONDARY COLLEGE,2449960.3104263903,2423668.9557024874
SOUTH BARWON SECONDARY COLLEGE,2440798.612010376,2368295.464808368
FOSTER CONSOLIDATED SCHOOL,2604258.665358132,2316014.8800013447
FOSTER SECONDARY COLLEGE,2604258.665358132,2316014.8800013447
SOMERTON SECONDARY COLLEGE,2493715.255741621,2425850.0003645625
SPRINGVALE HIGH SCHOOL,2513709.3730329345,2394672.6075599343
WATSONIA HIGH SCHOOL,2508486.812494155,2420730.6888373643
WATSONIA TECHNICAL SCHOOL,2508094.9816058218,2421254.914531201
WATTLE PARK SECONDARY COLLEGE,2509033.9545383225,2406486.2120098686
UPPER YARRA SECONDARY COLLEGE,2554952.1434064084,2411919.1986624664
UPWEY HIGH SCHOOL,2529503.378501554,2399587.6787065947
VERMONT SECONDARY COLLEGE,2517576.4218952125,2406307.2731381934
VERMONT HIGH SCHOOL,2517576.4218952125,2406307.2731381934
BACCHUS MARSH SECONDARY COLLEGE DARLEY CAMPUS,2449080.9943354568,2427300.581514884
VICTORIAN COLLEGE OF THE ARTS SCHOOL,2496898.604782993,2408088.738047599
VICTORIAN RAILWAYS TECHNICAL COLLEGE,2489451.730869501,2405436.7056417093
HAWTHORN SECONDARY COLLEGE,2503967.021960121,2406795.360866908
JOHN GARDINER HIGH SCHOOL,2503967.021960121,2406795.360866908
HEALESVILLE HIGH SCHOOL,2546842.660636789,2428450.767461052
BALLAM PARK SECONDARY COLLEGE,2514160.2339614066,2372902.691546088
BANYULE HIGH SCHOOL,2507111.43155508,2416570.0799402297
BATMAN AUTOMOTIVE COLLEGE,2496462.6437337734,2419007.33594732
BAYSIDE SECONDARY COLLEGE ALTONA NORTH CAMPUS,2486503.501621091,2407112.8457431896
BAYSIDE SECONDARY COLLEGE PAISLEY CAMPUS,2487984.1982451794,2406390.3443937097
PAISLEY SECONDARY COLLEGE,2487984.1982451794,2406390.3443937097
BAYSWATER SECONDARY COLLEGE,2523061.244060875,2406858.905991505
BAYSWATER HIGH SCHOOL,2523061.244060875,2406858.905991505
BELL PARK SECONDARY COLLEGE,2441662.426772331,2377089.9941628026
QUEENSCLIFF HIGH SCHOOL,2459165.3066974888,2360203.048790396
BELLARINE SECONDARY COLLEGE QUEENSCLIFF CAMPUS,2469089.0813271515,2359166.731255546
BENTLEIGH HIGH SCHOOL,2505385.7453161273,2396994.097221447
CHURCHILL NORTH SECONDARY COLLEGE,2624703.913274315,2353757.613240135
CLAYTON TECHNICAL SCHOOL,2511199.4867161345,2398190.386047935
COBRAM HIGH SCHOOL,2559043.2662379392,2620340.0619480535
COBURG TECHNICAL SCHOOL,2495777.0742483134,2418575.2927828245
PARKDALE SECONDARY COLLEGE,2508213.3897000835,2390096.826490786
PARKDALE HIGH SCHOOL,2508213.3897000835,2390096.826490786
PARKWOOD SECONDARY COLLEGE,2521030.979394807,2412970.779558624
SEYMOUR PRIMARY SCHOOL,2512321.076971979,2497665.295150958
SEYMOUR COLLEGE - GRANT STREET CAMPUS,2512321.076971979,2497665.295150958
SEYMOUR SPECIAL SCHOOL,2511628.9050758407,2497697.3423903715
SEYMOUR COLLEGE - TALLAROOK STREET CAMPUS,2511628.9050758407,2497697.3423903715
SEYMOUR TECHNICAL HIGH SCHOOL,2512590.9811116355,2496678.4513025377
CHELTENHAM HIGH SCHOOL,2506018.4820869067,2394187.7514546355
PEMBROKE HIGH SCHOOL,2528585.224069816,2411190.3983659847
YARRA HILLS SECONDARY COLLEGE - CAMBRIDGE CAMPUS,2528585.224069816,2411190.3983659847
SHEPPARTON HIGH SCHOOL,2537273.7458914802,2569594.2360726893
SHEPPARTON SOUTH SECONDARY COLLEGE,2536610.4177544457,2566613.4785480592
SHEPPARTON SOUTH TECHNICAL SCHOOL,2536610.4177544457,2566613.4785480592
MCGUIRE COLLEGE,2536610.4177544457,2566613.4785480592
SHEPPARTON TECHNICAL SCHOOL,2536629.9318988463,2570118.5177470353
KINGS PARK HIGH SCHOOL,2479715.248269441,2418737.1806842424
COPPERFIELD COLLEGE KINGS PARK JUNIOR CAMPUS,2479715.248269441,2418737.1806842424
BRUNSWICK GIRLS HIGH SCHOOL,2496953.461855993,2414599.2298155185
BRUNSWICK TECHNICAL SCHOOL,2496072.349629513,2414814.174961266
CALVARY BIBLE COLLEGE,2525100.646202104,2415672.079029574
DROMANA SECONDARY COLLEGE,2501187.3385913773,2350988.951876696
DROMANA TECHNICAL SCHOOL,2501187.3385913773,2350988.951876696
DROUIN SECONDARY COLLEGE,2574599.138235039,2372633.458625219
UPFIELD SECONDARY COLLEGE,2493850.6924793245,2430041.8194581512
ROXBURGH COLLEGE,2493850.6924793245,2430041.8194581512
Wanganui Park High School,2535171.9701105785,2571269.7179296315
WAVERLEY SECONDARY COLLEGE,2509347.512793121,2401954.1603312893
WAVERLEY HIGH SCHOOL,2509347.512793121,2401954.1603312893
WELLINGTON SECONDARY COLLEGE,2514889.9937687977,2396284.437397821
MOOMBA PARK SECONDARY COLLEGE,2496804.118347646,2422737.6036779564
FAWKNER TECHNICAL SCHOOL,2496804.118347646,2422737.6036779564
MOORABBIN CITY SECONDARY COLLEGE,2505257.444983731,2397085.19288754
MOORABBIN TECHNICAL COLLEGE,2504456.7747214953,2395915.7907518335
MORDIALLOC COLLEGE,2508138.987897867,2387661.633887749
MORELAND HIGH SCHOOL,2497002.0953190858,2416572.558078017
MORNINGTON HIGH SCHOOL,2503551.5796598094,2363432.8400468063
MORNINGTON SECONDARY COLLEGE,2505058.6056197053,2364967.3182039084
MORWELL HIGH SCHOOL,2623102.3981324695,2362423.5628737565
KURNAI COLLEGE MORWELL CAMPUS,2623102.3981324695,2362423.5628737565
MORDIALLOC CHELSEA SECONDARY COLLEGE,2508138.987897867,2387661.633887749
BALWYN HIGH SCHOOL,2506760.987986052,2411457.2679965952
CANAAN COLLEGE,2598040.4685242097,2569110.7109787446
CASTLEMAINE TECHNICAL COLLEGE,2430727.0363965034,2492674.9567619115
CAULFIELD NORTH PRIMARY SCHOOL,2501918.892004785,2403285.4907775763
CAULFIELD NORTH CENTRAL SCHOOL,2501918.892004785,2403285.4907775763
CAULFIELD JUNIOR COLLEGE CAULFIELD NORTH CAMPUS,2501918.892004785,2403285.4907775763
CHADSTONE HIGH SCHOOL,2507197.0325292433,2402356.9601571104
CHANDLER SECONDARY COLLEGE,2516057.3236683425,2390736.990457709
KEYSBOROUGH SECONDARY COLLEGE,2516057.3236683425,2390736.990457709
OAKWOOD SCHOOL - CAULFIELD PARK COMMUNITY CAMPUS,2503006.2525795028,2403011.0259017386
CAULFIELD PRIMARY SCHOOL,2501783.88711833,2401450.849646982
CAULFIELD JUNIOR COLLEGE CAULFIELD CAMPUS,2501783.88711833,2401450.849646982
CAULFIELD SECONDARY COLLEGE,2503323.3636010243,2401758.9343938297
CAULFIELD HIGH SCHOOL,2503323.3636010243,2401758.9343938297
CAULFIELD TECHNICAL SCHOOL,2503995.7988600866,2402544.453272689
ELTHAM HIGH SCHOOL,2512494.0210468275,2419599.2016924676
ESSENDON HIGH SCHOOL,2491396.951831344,2416291.2212095167
EUMEMMERRING SECONDARY COLLEGE FOUNTAIN GATE CAMPUS,2525897.162885372,2388353.6287156865
EUMEMMERRING SECONDARY COLLEGE,2525897.162885372,2388353.6287156865
EUMEMMERRING SECONDARY COLLEGE HALLAM CAMPUS,2522922.0251454012,2388825.172178843
EUROA SECONDARY COLLEGE,2550425.047872443,2526680.277559081
EUROA HIGH SCHOOL,2550425.047872443,2526680.277559081
CLEELAND HIGH SCHOOL,2518829.0160668246,2391517.0593549106
FAWKNER SECONDARY COLLEGE,2497518.6405925415,2422019.790512653
FAWKNER HIGH SCHOOL,2497518.6405925415,2422019.790512653
JOHN FAWKNER SECONDARY COLLEGE,2497518.6405925415,2422019.790512653
FERNTREE GULLY HIGH SCHOOL,2525084.3590045813,2402291.408608922
PATTERSON RIVER SECONDARY COLLEGE SEAFORD CAMPUS,2511954.785520529,2379751.6876895335
SEAFORD-CARRUM SECONDARY COLLEGE,2511954.785520529,2379751.6876895335
SEYMOUR EAST PRIMARY SCHOOL,2513801.8715158664,2496738.7031298894
ELWOOD HIGH SCHOOL,2498692.760337136,2402144.629137869
TRARALGON HEIGHTS SECONDARY COLLEGE,2634147.604888137,2366748.424774832
TRARALGON TECHNICAL SCHOOL,2634147.604888137,2366748.424774832
TRARALGON SECONDARY COLLEGE EAST CAMPUS,2635852.436799951,2365333.04804263
TRARALGON SECONDARY COLLEGE WEST CAMPUS,2633198.035959621,2366763.6453734245
BUCKLEY PARK COLLEGE,2490989.8674049466,2417086.552341787
DEER PARK SECONDARY COLLEGE,2479426.4266862655,2415742.115716736
DEER PARK HIGH SCHOOL,2479426.4266862655,2415742.115716736
VICTORIA UNIVERSITY SECONDARY COLLEGE - DEER PARK CAMPUS,2479426.4266862655,2415742.115716736
DOOKIE AGRICULTURAL COLLEGE,2563013.334381336,2568116.0741331875
DOOKIE AGRICULTURE COLLEGE HALL,2563287.8737176275,2568237.208387004
DOVETON TECHNICAL SCHOOL,2520117.401618471,2389479.501308455
BOX FOREST SECONDARY COLLEGE HADFIELD CAMPUS,2495310.6125271604,2420487.2875569277
HADFIELD SECONDARY COLLEGE,2495310.6125271604,2420487.2875569277
DONCASTER HIGH SCHOOL,2512159.93743346,2412925.073897401
MERRILANDS SECONDARY COLLEGE,2500380.077095238,2422583.9384297486
MERRILANDS HIGH SCHOOL,2500380.077095238,2422583.9384297486
MIRBOO NORTH SECONDARY COLLEGE,2600365.175275067,2343995.453436832
MITCHAM HIGH SCHOOL,2516865.495041896,2410358.687798908
MITCHAM TECHNICAL SCHOOL,2516057.422362174,2409590.022706435
MONASH HIGH SCHOOL,2512837.117471057,2399020.4761486314
MONBULK SECONDARY COLLEGE,2537633.749430666,2401907.004095503
MONTEREY HIGH SCHOOL,2513019.2150138686,2374817.1505479934
MONTEREY TECHNICAL SCHOOL,2512922.362302834,2375124.780908929
MONTMORENCY HIGH SCHOOL,2510005.1335158357,2420821.1320418566
MOOROOLBARK HEIGHTS SECONDARY COLLEGE,2527681.941912914,2413942.5689512333
MOOROOLBARK COLLEGE,2527681.941912914,2413942.5689512333
MOOROOLBARK TECHNICAL SCHOOL,2527992.342245155,2413242.325305626
NORTHLAND SECONDARY COLLEGE,2502235.995652281,2417873.530413525
PRESTON EAST TECHNICAL SCHOOL,2502235.995652281,2417873.530413525
NORTHERN COLLEGE OF THE ARTS AND TECHNOLOGY,2502235.995652281,2417873.530413525
PRESTON GIRLS SECONDARY COLLEGE,2500600.1877903934,2417682.9143862203
PRESTON GIRLS HIGH SCHOOL,2500600.1877903934,2417682.9143862203
PRESTON INSTITUTE OF TECHNOLOGY,2506065.045511891,2424586.0862349328
PRESTON SECONDARY COLLEGE,2499768.2095640805,2417682.932501046
PRESTON TECHNICAL SCHOOL,2499768.2095640805,2417682.932501046
MOORLEIGH SECONDARY COLLEGE,2505970.5847988343,2396038.050585676
PRINCES HILL HIGH SCHOOL,2496929.3481202037,2413088.7082818793
PRINCESS HILL HIGH SCHOOL,2496856.2605032283,2413026.529231878
MOORLEIGH HIGH SCHOOL,2505970.5847988343,2396038.050585676
BOX FOREST SECONDARY COLLEGE GLENROY CAMPUS,2493386.744696361,2421796.6975928824
MORWELL TECHNICAL SCHOOL,2624213.9383166423,2363263.0496541653
ESSENDON TECHNICAL SCHOOL,2493305.776936851,2416076.5415060595
CANTERBURY GIRLS SECONDARY COLLEGE,2506083.699907582,2408968.3471813574
CANTERBURY GIRLS HIGH SCHOOL,2506083.699907582,2408968.3471813574
EAGLEHAWK TECHNICAL SCHOOL,2434046.1683095954,2530805.9919330236
EAGLEHAWK HIGH SCHOOL,2434046.1683095954,2530805.9919330236
EAST DONCASTER SECONDARY COLLEGE,2513966.983006906,2413194.175238603
EMILY MCPHERSON COLLEGE,2496979.6073034653,2410499.4141465696
ENDEAVOUR HILLS SECONDARY COLLEGE,2521293.859389237,2391326.8943485273
EPPING HIGH SCHOOL,2502950.113303397,2428535.338651873
ERINBANK HIGH SCHOOL,2491754.5046141217,2425478.737259295
HOPPERS CROSSING SECONDARY COLLEGE,2473197.023324205,2403275.0128053334
HOPPERS CROSSING POST PRIMARY SCHOOL,2473197.023324205,2403275.0128053334
EXHIBITION HIGH SCHOOL,2497786.8966833134,2411269.914499185
FAIRHILLS HIGH SCHOOL,2522790.3829856613,2403066.0208648136
TOTTENHAM COMMUNITY SECONDARY COLLEGE,2487241.1941919015,2412278.2440610146
TRAFALGAR HIGH SCHOOL,2601444.0440374278,2364589.2682003183
TORMORE SECONDARY COLLEGE,2524651.847848545,2404789.9755226076
DEBNEY PARK SECONDARY COLLEGE,2494119.345488829,2413201.5240753777
MOUNT ALEXANDER 7-12 COLLEGE,2494119.345488829,2413201.5240753777
GROVEDALE TECHNICAL SCHOOL,2435195.318567806,2365818.233813
GROVEDALE HIGH SCHOOL,2435195.318567806,2365818.233813
GROVEDALE COLLEGE,2435195.318567806,2365818.233813
HAMPTON PARK SECONDARY COLLEGE,2522815.3062517126,2385123.6857502963
AUSTRALIAN COUNTER DISASTER COLLEGE,2463718.849745603,2454504.799247112
AVONDALE SECONDARY COLLEGE,2487776.1353965276,2415083.650329345
AVONDALE HIGH SCHOOL,2487776.1353965276,2415083.650329345
HALLAM HIGH SCHOOL,2522922.2777090836,2388917.298956779
PETER LALOR SECONDARY COLLEGE,2501160.9844625234,2425993.217082087
LALOR TECHNICAL SCHOOL,2501160.9844625234,2425993.217082087
POINT GELLIBRAND GIRLS HIGH SCHOOL,2489832.696894416,2404065.3472760674
WILLIAMSTOWN HIGH SCHOOL BAYVIEW CAMPUS,2489832.696894416,2404065.3472760674
PRAHRAN SECONDARY COLLEGE,2499222.0307942936,2405478.8267058404
PRAHRAN HIGH SCHOOL,2499222.0307942936,2405478.8267058404
PYRAMID HILL COLLEGE,2420221.6118753776,2604962.732700534
PYRAMID HILL HIGHER ELEMENTARY SCHOOL,2420221.6118753776,2604962.732700534
HASTINGS SECONDARY COLLEGE,2515222.7718460015,2354708.573628336
HASTINGS HIGH SCHOOL,2515222.7718460015,2354708.573628336
HEATHERHILL SECONDARY COLLEGE,2513216.892720412,2392268.148740515
HEATHERHILL HIGH SCHOOL,2513216.892720412,2392268.148740515
HEATHMONT SECONDARY COLLEGE,2520429.6130513414,2406932.3288662666
HEATHMONT COLLEGE,2520429.6130513414,2406932.3288662666
EASTERN SECONDARY COLLEGE,2520995.1941802655,2408531.383395939
RINGWOOD TECHNICAL SCHOOL,2520995.1941802655,2408531.383395939
HEIDELBERG HIGH SCHOOL,2503488.5597528955,2416140.638649216
HEIDELBERG TECHNICAL SCHOOL,2503904.747352125,2416726.453530941
HIGHVALE HIGH SCHOOL,2515558.271811392,2403948.3000217685
HILLCREST SECONDARY COLLEGE,2492270.6744343755,2424399.3804744463
BROADMEADOWS WEST TECHNICAL SCHOOL,2492270.6744343755,2424399.3804744463
ALBERT PARK HIGH SCHOOL,2495367.8206250123,2406305.559282407
BEECHWORTH SECONDARY COLLEGE,2651752.9435392343,2571082.982919436
BEECHWORTH HIGH SCHOOL,2651752.9435392343,2571082.982919436
WEEROONA COLLEGE BENDIGO,2437308.4560723007,2528736.8535249364
BENDIGO INSTITUTE OF TECHNOLOGY,2436448.3107873406,2526963.979353737
BENDIGO SENIOR SECONDARY COLLEGE,2435652.299309163,2526908.0582586527
BENDIGO HIGH SCHOOL,2435652.299309163,2526908.0582586527
BERWICK SECONDARY COLLEGE,2532084.0356724514,2385477.3007873883
BERWICK HIGH SCHOOL,2532084.0356724514,2385477.3007873883
KINGS PARK SECONDARY COLLEGE DELAHEY SENIOR CAMPUS,2479955.875658564,2420217.170317184
JAMES HARRISON SECONDARY COLLEGE,2445877.3293082756,2369594.357287205
GEELONG EAST TECHNICAL SCHOOL,2445877.3293082756,2369594.357287205
BORONIA PRIMARY SCHOOL,2525666.0401449194,2404648.1925147166
GISBORNE SECONDARY COLLEGE,2463286.4917061212,2444646.2303817384
GLADSTONE PARK HIGH SCHOOL,2490298.643842926,2423450.66031277
KOO-WEE-RUP HIGH SCHOOL,2543522.3311271016,2367158.7077999236
BOX HILL SENIOR SECONDARY COLLEGE,2509854.216967989,2410191.1729835933
DANDENONG HIGH SCHOOL,2518377.2543069026,2391441.477121911
COPPERFIELD COLLEGE DELAHEY SENIOR CAMPUS,2479955.875658564,2420217.170317184
KANIVA CONSOLIDATED SCHOOL,2163126.893163728,2562072.2418769263
SALE COLLEGE - GUTHRIDGE CAMPUS,2682756.217277909,2376119.5936228866
Castlemaine Secondary College- Junior Campus,2431295.173334588,2494113.2620591074
MOUNT WAVERLEY SECONDARY COLLEGE - MIDDLE SENIOR CAMPUS,2511641.303375358,2403546.2171975775
GREYTHORN HIGH SCHOOL,2508477.0237077414,2411050.6075551575
DONVALE HIGH SCHOOL,2515595.507506808,2411193.549478908
MOUNT SCOPUS MEMORIAL COLLEGE - FINK KARP IVANY CAMPUS,2502963.0192228057,2400170.7882319586
COBURG SENIOR HIGH SCHOOL,2497796.5927925613,2417944.5685684606
PRAHRAN HIGH SCHOOL,2499268.6735971575,2405478.8309031036
WESTALL SECONDARY COLLEGE,2512005.6560598044,2395640.870892239
BROOKSIDE P-9 COLLEGE,2476927.7795882714,2417250.559044255
ST ARNAUD SECONDARY COLLEGE,2343549.6997771068,2541886.330039609
GROVEDALE SECONDARY COLLEGE,2435195.318567806,2365818.233813
HAMPTON HIGH SCHOOL,2500574.0582827963,2396501.8916432466
UPFIELD HIGH SCHOOL,2493850.6924793245,2430041.8194581512
FOSTER HIGH SCHOOL,2604594.190116919,2316036.1935922094
KARINGAL SECONDARY COLLEGE,2512870.644247668,2373429.8310289066
CRANBOURNE SECONDARY COLLEGE,2525096.4448128752,2377044.057093451
WYNDHAM CENTRAL SECONDARY COLLEGE,2469552.0326634594,2401296.9024842344
GEELONG HIGH SCHOOL,2445105.30274342,2371857.2052666033
KEILOR DOWNS SECONDARY COLLEGE,2483353.7416798198,2420581.96296658
RINGWOOD SECONDARY COLLEGE,2521056.2421128214,2409352.5403933655
SUNBURY DOWNS SECONDARY COLLEGE,2473901.3543738374,2435152.9611328132
Sunshine High School,2484963.538609228,2412268.9198188493
Sunshine West High School,2483608.601757678,2411978.925557431
LAKE BOLAC COLLEGE,2309240.521100373,2417857.601694476
MERBEIN HIGH SCHOOL,2229700.727210807,2809960.4018922597
COBURG HIGH SCHOOL,2497602.7336965688,2417803.5658466537
TALLANGATTA HIGH SCHOOL,2695320.7750246064,2584268.709942324
COBRAM SECONDARY COLLEGE,2559043.2662379392,2620340.0619480535
HAZEL GLEN COLLEGE ,2510852.9597512265,2433537.3315664195
BRUNSWICK EAST HIGH SCHOOL,2496953.461855993,2414599.2298155185
BUCKLEY PARK HIGH SCHOOL,2490989.8674049466,2417086.552341787
KEW HIGH SCHOOL,2505580.1670253407,2411714.5158429816
MACLEOD HIGH SCHOOL,2506257.138946934,2419591.7411987334
NORLANE HIGH SCHOOL,2442216.6752446704,2379638.065593618
YARRA HILLS SECONDARY COLLEGE - SENIOR CAMPUS,2527811.712131497,2412430.5048389174
HIGHVIEW CHRISTIAN COMMUNITY COLLEGE,2387625.8244874584,2493314.464134883
XAVIER COLLEGE,2502739.221492025,2409684.8665588293
ST COLUMBAS COLLEGE,2492447.6175582507,2415969.267553608
VICTORIA UNIVERSITY SECONDARY COLLEGE - DEER PARK CAMPUS,2479476.6077066176,2415759.996252585
PAYIKA COLLEGE A KOORIE PATHWAYS SCHOOL (INTERIM NAME),2369336.378757757,2681441.813763451
SUNSHINE COLLEGE - SUNSHINE WORK EDUCATION TRAINING UNIT,2484958.2201672834,2412287.7779600173
DIMBOOLA MEMORIAL HIGH SCHOOL,2234209.30205889,2556904.139666358
BALLARAT CLARENDON COLLEGE - SECOND CAMPUS,2398507.4927878794,2437409.887437459
KEON PARK TECHNICAL SCHOOL,2500894.171688866,2422368.593912704
BORONIA K-12 COLLEGE - MOUNT VIEW CAMPUS,2526484.9476444204,2404537.983330248
KURUNJANG SECONDARY COLLEGE,2463476.073086965,2425247.987987997
KYABRAM HIGH SCHOOL,2504901.842171725,2575743.4332575407
KYNETON HIGH SCHOOL,2451937.105052092,2471974.7648592666
LEONGATHA HIGH SCHOOL,2583890.0950885196,2335461.095771024
POINT GELLIBRAND GIRLS SECONDARY COLLEGE,2489832.696894416,2404065.3472760674
MARIBYRNONG SECONDARY COLLEGE,2490155.1169138877,2413489.6993763736
EAGLEHAWK SECONDARY COLLEGE,2434046.1683095954,2530805.9919330236
DONCASTER EAST HIGH SCHOOL,2513966.983006906,2413194.175238603
WELLINGTON HIGH SCHOOL,2514889.9937687977,2396284.437397821
BENTLEIGH SECONDARY COLLEGE,2505257.444983731,2397085.19288754
VICTORIAN COLLEGE OF THE ARTS SECONDARY SCHOOL,2496898.604782993,2408088.738047599
MORNINGTON TECHNICAL SCHOOL,2505058.6056197053,2364967.3182039084
ROCHESTER HIGH SCHOOL,2472957.610490288,2571770.882355837
SYNDAL HIGH SCHOOL,2512280.580684737,2402690.6799492287
KERANG TECHNICAL HIGH SCHOOL,2401718.9995868863,2640838.7013908364
MURRUMBEENA SECONDARY COLLEGE,2505435.8177728048,2399645.668037624
ROCHESTER SECONDARY COLLEGE,2472957.610490288,2571770.882355837
SYNDAL SECONDARY COLLEGE,2512280.580684737,2402690.6799492287
ROSEBUD HIGH SCHOOL,2490162.703205783,2348210.0076827537
YESODEI HATORAH COLLEGE,2498557.993988242,2403133.5300874477
DEBNEY PARK HIGH SCHOOL,2494119.345488829,2413201.5240753777
PAKENHAM HIGH TECHNICAL SCHOOL,2541331.0267996634,2381263.0692984182
Edenbrook Secondary School,2539176.333761486,2380064.6430330705
Edenbrook Secondary College,2539176.333761486,2380064.6430330705
Footscray High School - Pilgrim Campus,2490976.6319233975,2410552.815192527
NUMURKAH SECONDARY COLLEGE,2540195.6157706934,2601991.7596276365
EDGARS CREEK SECONDARY COLLEGE,2500447.617599289,2432365.7363658175
RICHMOND HIGH SCHOOL - GRIFFITHS STREET CAMPUS,2500246.52583737,2409290.1946938196
GLENROY SECONDARY COLLEGE,2493386.744696361,2421796.6975928824
HEATHMONT HIGH SCHOOL,2520429.6130513414,2406932.3288662666
THOMASTOWN HIGH SCHOOL,2500171.117797343,2424682.609305173
ST KILDA ALTERNATIVE HIGH SCHOOL,2498350.9185145013,2404765.040332933
NORTH SHEPPARTON SECONDARY COLLEGE,2537153.6210226226,2570239.4183264654
NORTHCOTE HIGH SCHOOL,2499093.4921852564,2414090.3116939645
TYRRELL COLLEGE,2305224.5089931213,2663243.1050929073
Sunshine College - Ardeer Campus,2481968.231812962,2412590.422989608
ARDOCH HIGH SCHOOL,2499841.607265923,2404610.925563272
ASHWOOD SECONDARY COLLEGE,2509092.0463369307,2404055.4860638734
BACCHUS MARSH SECONDARY COLLEGE,2449080.9943354568,2427300.581514884
BACCHUS MARSH COLLEGE MADDINGLEY CAMPUS,2449960.3104263903,2423668.9557024874
PRINCESS HILL SECONDARY COLLEGE,2496856.2605032283,2413026.529231878
MOOROOLBARK HIGH SCHOOL,2527681.941912914,2413942.5689512333
Mooroopna Secondary College,2531563.8718687925,2568538.743515428
YARRAWONGA HIGH SCHOOL,2590750.439349932,2608059.429372562
SEYMOUR COLLEGE - DELATITE ROAD CAMPUS,2513763.61523525,2496737.6557748616
ST KEVINS COLLEGE - GLENDALOUGH CAMPUS,2501825.6747450666,2407521.964154116
NHILL COLLEGE,2200108.123462603,2568790.8487225045
ALPHINGTON GRAMMAR SCHOOL,2503187.037923731,2413394.9855477307
KOONUNG SECONDARY COLLEGE,2510352.6926286398,2410973.0298953643
BRAEMAR COLLEGE,2462417.8114980375,2459616.0004311446
BRANDON PARK TECHNICAL SCHOOL,2514547.425018162,2399480.515365787
BRAYBROOK COLLEGE,2486569.652783793,2413624.565818552
BRENTWOOD SECONDARY COLLEGE,2514629.529941797,2400165.1909057973
BRIGHTON BAY SECONDARY COLLEGE,2499694.828625095,2399801.705759505
BROADMEADOWS HIGH SCHOOL,2493837.9937765477,2424493.90126162
SEYMOUR COLLEGE - DELATITE ROAD CAMPUS,2513801.8715158664,2496738.7031298894
GLENORMISTON AGRICULTURAL COLLEGE,2320625.790883871,2369074.8530123197
ALEXANDRA LADIES COLLEGE,2238691.6395090744,2415155.1583497766
ARARAT COMMUNITY COLLEGE SECONDARY,2315765.601122573,2466253.489214033
CARRUM DOWNS SECONDARY COLLEGE,2517338.9902739814,2378429.0972682843
Footscray High School Barkly Street Campus,2490743.3114458546,2411318.3697369797
MATER CHRISTI COLLEGE,2531559.5062222197,2398883.147433592
NUNAWADING CHRISTIAN COLLEGE-SECONDARY,2514880.4019446657,2408706.513623448
TAYLORS SENIOR COLLEGE,2496536.089279142,2409784.486024401
MARIAN COLLEGE,2654443.639080802,2548160.8283998147
DANDENONG HIGH SCHOOL - BURREMAH GRASSMERE ANNEXE,2520197.7651402857,2389658.0119935535
HUME CENTRAL SECONDARY COLLEGE - DIMBOOLA ROAD CAMPUS,2492374.6824629237,2424479.382193016
MACLEOD TECHNICAL SCHOOL,2505154.9173413864,2419099.7247870825
WARRNAMBOOL SECONDARY COLLEGE,2281434.822846762,2344295.2959866244
WENDOUREE HIGH SCHOOL,2396891.283849254,2441681.9846178405
DONCASTER SECONDARY COLLEGE,2512159.93743346,2412925.073897401
CAMBERWELL HIGH SCHOOL,2506410.379022728,2407873.763592789
DROUIN HIGH SCHOOL,2574599.138235039,2372633.458625219
GEELONG TECHNICAL SCHOOL,2440798.612010376,2368295.464808368
SOUTH GIPPSLAND SECONDARY COLLEGE,2604258.665358132,2316014.8800013447
SOUTH MELBOURNE TECHNICAL SCHOOL,2496491.6811753768,2406490.3463959675
ST MARY MACKILLOP COLLEGE,2368772.8426056025,2682988.2366278376
MERCY REGIONAL COLLEGE - OKEEFFE CAMPUS,2318529.154621045,2365879.5097661912
SIENA COLLEGE LTD,2507269.218527005,2407483.4949858338
ST JOSEPHS COLLEGE,2525956.1148331542,2401138.883847084
CATHOLIC COLLEGE SALE - SION CAMPUS,2681323.2548011695,2376110.86866067
WHITEFRIARS COLLEGE INC,2517574.5112944692,2412114.1531748064
YESODEI HATORAH COLLEGE - SENIOR CAMPUS,2498813.1106400015,2403327.8026165524
Footscray High School Kinnear Street Campus,2490665.700273754,2412209.504835684
LOWANNA COLLEGE,2612682.444392187,2368651.404529419
TWO RIVERS COLLEGE A KOORIE PATHWAYS SCHOOL,2238752.003280201,2806321.7167152036
CROYDON COMMUNITY SCHOOL - LEAPS AND BOUNDS CAMPUS,2523008.965609,2407053.280123517
LYNDALE SECONDARY COLLEGE - MONASH ADOLESCENT PSYCHIATRIC CENTRE,2510676.6999813113,2397805.9255453832
NEWCOMB SECONDARY COLLEGE - VICTORIAN SAILING WATER SAFETY SCHOOL,2444546.871558571,2372658.3149860688
PRINCES HILL SECONDARY COLLEGE,2496919.6709732707,2413055.408975183
ST FRANCIS XAVIER COLLEGE,2532747.5847475952,2383188.136315218
CATHOLIC REGIONAL COLLEGE,2477047.0236879243,2419085.455028698
MACKILLOP CATHOLIC REGIONAL COLLEGE,2470549.631404978,2399017.3643804993
KOLBE CATHOLIC COLLEGE,2492007.9260859787,2431714.942719793
BURWOOD HEIGHTS HIGH SCHOOL,2514265.393363358,2405831.873096047
HOBSONS BAY SECONDARY COLLEGE,2495367.8206250123,2406305.559282407
BUNDOORA SECONDARY COLLEGE,2505464.989802608,2421486.772805296
GREENWOOD SECONDARY COLLEGE,2505464.989802608,2421486.772805296
SWAN HILL TECHNICAL SCHOOL,2369327.3136908035,2681560.434300691
BILLANOOK COLLEGE,2529935.8141960334,2412573.022830898
DONALD HIGH SCHOOL,2318214.0344175715,2567882.018349711
WENDOUREE SECONDARY COLLEGE,2396891.283849254,2441681.9846178405
COHUNA SECONDARY COLLEGE,2430084.671224579,2631367.2846225984
COHUNA HIGH SCHOOL,2430084.671224579,2631367.2846225984
MERBEIN SECONDARY COLLEGE,2229700.727210807,2809960.4018922597
CORIO COMMUNITY COLLEGE,2443202.532090452,2379813.5532770297
COOMOORA SECONDARY COLLEGE,2513361.709899414,2391065.8389320215
CORIO BAY SENIOR COLLEGE,2443202.532090452,2379813.5532770297
COOMOORA HIGH SCHOOL,2513361.709899414,2391065.8389320215
FRANKSTON TECHNICAL COLLEGE,2511165.8700086265,2373061.5313967485
GALVIN PARK SECONDARY COLLEGE,2469552.0326634594,2401296.9024842344
WERRIBEE TECHNICAL SCHOOL,2469552.0326634594,2401296.9024842344
CRAIGIEBURN POST PRIMARY SCHOOL,2494345.114576901,2432445.9701524917
GISBORNE HIGH TECHNICAL SCHOOL,2463286.4917061212,2444646.2303817384
GLADSTONE PARK SECONDARY COLLEGE,2490298.643842926,2423450.66031277
GLENFERN SECONDARY COLLEGE,2526618.9676737413,2400746.1126428945
FERNTREE GULLY TECHNICAL SCHOOL,2526618.9676737413,2400746.1126428945
GOLDEN SQUARE SECONDARY COLLEGE,2433816.9495231467,2524108.8499785047
GOLDEN SQUARE HIGH SCHOOL,2433816.9495231467,2524108.8499785047
LAKESIDE SECONDARY COLLEGE,2498273.6411380405,2421104.3741257563
LAKESIDE HIGH SCHOOL,2498273.6411380405,2421104.3741257563
MILDURA HIGH SCHOOL,2236660.08043003,2807013.5132095404
MILDURA SECONDARY COLLEGE,2236660.08043003,2807013.5132095404
GEELONG GRAMMAR SCHOOL,2447119.340080104,2381042.5400173506
PORTLAND HIGH SCHOOL,2202895.5205577663,2345161.6782590887
PORTLAND SECONDARY COLLEGE,2202402.84701443,2343869.884126258
MILDURA TECHNICAL SCHOOL,2237736.0104912305,2807149.032452369
ALEXANDRA SECONDARY COLLEGE,2562270.8522876143,2478189.4154776633
ALTONA NORTH TECHNICAL SCHOOL,2486394.299343274,2406604.341432349
ALTONA HIGH SCHOOL,2483929.737812091,2404349.1163727157
COLLINGWOOD SECONDARY COLLEGE,2498789.973659816,2411239.043274261
KANIVA SECONDARY COLLEGE,2162550.516134074,2561525.352130806
KANIVA HIGH SCHOOL,2162550.516134074,2561525.352130806
HAMILTON HIGH SCHOOL,2236919.3456361312,2414636.729609984
BALLARAT NORTH TECHNICAL SCHOOL,2402140.0767309982,2440110.998182351
LONGERENONG AGRICULTURAL COLLEGE,2258920.2623462854,2533741.070486646
KANGAROO FLAT SECONDARY COLLEGE,2431643.9332518275,2522950.965226544
KEILOR DOWNS POST PRIMARY SCHOOL,2483353.7416798198,2420581.96296658
KEILOR HEIGHTS SECONDARY COLLEGE,2488726.7224173774,2417767.479347704
KEILOR HEIGHTS HIGH SCHOOL,2488726.7224173774,2417767.479347704
HAMILTON TECHNICAL SCHOOL,2236729.5750859366,2414445.341195654
KINGSBURY TECHNICAL SCHOOL,2502535.6498188176,2420765.671733031
RESERVOIR DISTRICT SECONDARY COLLEGE KINGSBURY CAMPUS,2502535.6498188176,2420765.671733031
KNOX TECHNICAL SCHOOL,2522746.1467539747,2404919.6751022814
KOO-WEE-RUP SECONDARY COLLEGE,2543522.3311271016,2367158.7077999236
KOONUNG HIGH SCHOOL,2510352.6926286398,2410973.0298953643
LALOR NORTH SECONDARY COLLEGE,2503010.338894543,2426674.179212382
LALOR NORTH HIGH SCHOOL,2503010.338894543,2426674.179212382
LANGWARRIN SECONDARY COLLEGE,2516668.644418042,2371326.225642684
LANGWARRIN POST PRIMARY SCHOOL,2516668.644418042,2371326.225642684
ELISABETH MURDOCH COLLEGE,2516668.644418042,2371326.225642684
LALOR SECONDARY COLLEGE,2502701.115459692,2425354.722574264
LALOR HIGH SCHOOL,2502701.115459692,2425354.722574264
KANGAROO FLAT TECHNICAL SCHOOL,2431643.9332518275,2522950.965226544
MONIVAE COLLEGE,2240000.202037273,2413625.759098566
KEON PARK SECONDARY COLLEGE,2500894.171688866,2422368.593912704
RED CLIFFS SECONDARY COLLEGE,2241606.4806768904,2795963.1790607776
RED CLIFFS HIGH SCHOOL,2241606.4806768904,2795963.1790607776
ST ARNAUD HIGH SCHOOL,2343478.513514222,2541913.875192782
STAWELL SECONDARY COLLEGE,2303472.5957957087,2490844.5040830355
STAWELL HIGH SCHOOL,2303472.5957957087,2490844.5040830355
SEA LAKE SECONDARY COLLEGE,2305224.5089931213,2663243.1050929073
Ardeer Secondary College ,2481968.231812962,2412590.422989608
Ardeer High School,2481968.231812962,2412590.422989608
FLEMINGTON HIGH SCHOOL,2492770.069358687,2412962.95886626
FLINDERS PEAK SECONDARY COLLEGE,2444128.617486453,2381716.8390899682
FLORA HILL HIGH SCHOOL,2437303.8038617643,2524646.8227823675
FOOTSCRAY TECHNICAL COLLEGE,2491182.5238858527,2410710.6357963607
FOOTSCRAY/YARRAVILLE SECONDARY COLLEGE,2488665.8694015597,2408673.2126129894
FOOTSCRAY HIGH SCHOOL,2488665.8694015597,2408673.2126129894
FOREST HILL SECONDARY COLLEGE  BLACKBURN SOUTH CAMPUS,2513166.5895519694,2406666.088493134
BLACKBURN SOUTH HIGH SCHOOL,2513166.5895519694,2406666.088493134
FOREST HILL SECONDARY COLLEGE BURWOOD HEIGHTS CAMPUS,2514265.393363358,2405831.873096047
FOREST HILL SECONDARY  COLLEGE  NUNAWADING CAMPUS,2514732.5202351385,2407218.423886167
NUNAWADING HIGH SCHOOL,2514732.5202351385,2407218.423886167
FOOTSCRAY INSTITUTE OF TECHNOLOGY,2491107.178973605,2412005.7700574826
FOOTSCRAY TECHNICAL SCHOOL,2490594.468533596,2411327.0829118183
FOOTSCRAY GIRLS SECONDARY COLLEGE,2490911.6220248286,2412035.5265872926
FOOTSCRAY GIRLS HIGH SCHOOL,2490911.6220248286,2412035.5265872926
HAWKESDALE HIGH SCHOOL,2264815.0546992426,2373888.8378943345
HEYWOOD DISTRICT SECONDARY COLLEGE,2203741.799057682,2369416.252702427
HEYWOOD HIGH SCHOOL,2203741.799057682,2369416.252702427
JOSEPH BANKS SECONDARY COLLEGE,2520976.6969263954,2391327.6958291074
DOVETON HIGH SCHOOL,2520976.6969263954,2391327.6958291074
KEALBA HIGH SCHOOL,2484207.9501346964,2418762.375927141
PATTERSON RIVER SECONDARY COLLEGE BONBEACH CAMPUS,2511006.2164181974,2381634.4520934345
BONBEACH SECONDARY COLLEGE,2511006.2164181974,2381634.4520934345
BORONIA HEIGHTS COLLEGE,2526484.9476444204,2404537.983330248
BORONIA HEIGHTS SECONDARY COLLEGE,2526484.9476444204,2404537.983330248
BORONIA TECHNICAL SCHOOL,2526484.9476444204,2404537.983330248
BORONIA K-12 COLLEGE - RANGEVIEW CAMPUS,2525666.0401449194,2404648.1925147166
BOX FOREST SECONDARY COLLEGE SENIOR CAMPUS,2493571.07097514,2421749.118320076
GLENROY TECHNICAL SCHOOL,2493571.07097514,2421749.118320076
BOX HILL HIGH SCHOOL,2512080.2829971346,2408994.0364020234
BOX HILL TECHNICAL COLLEGE,2509854.216967989,2410191.1729835933
J H BOYD DOMESTIC COLLEGE,2496613.2521038842,2408402.72316554
BRANDON PARK SECONDARY COLLEGE,2514547.425018162,2399480.515365787
BRAYBROOK SECONDARY COLLEGE,2486569.652783793,2413624.565818552
BRAYBROOK HIGH SCHOOL,2486569.652783793,2413624.565818552
BRENTWOOD HIGH SCHOOL,2514629.529941797,2400165.1909057973
BROADFORD HIGH SCHOOL,2503553.0586903724,2477321.7532671094
BLACKBURN HIGH SCHOOL,2513198.3408721676,2410061.159354496
BROADMEADOWS SECONDARY COLLEGE,2493837.9937765477,2424493.90126162
BRIGHTON TECHNICAL SCHOOL,2499694.828625095,2399801.705759505
BRIGHTON SECONDARY COLLEGE,2501681.1354218074,2397885.821570076
BRIGHTON HIGH SCHOOL,2501681.1354218074,2397885.821570076
DAYLESFORD SECONDARY COLLEGE,2424848.0447478164,2462528.716709964
DAYLESFORD TECHNICAL SCHOOL,2424848.0447478164,2462528.716709964
DAYLESFORD HIGH SCHOOL,2424848.0447478164,2462528.716709964
MORTLAKE HIGH SCHOOL,2307970.0193795953,2377243.805178593
MORTLAKE P12 COLLEGE,2307970.0193795953,2377243.805178593
OUYEN HIGH SCHOOL,2256011.6426962805,2711521.0831447374
ROBINVALE SECONDARY COLLEGE,2296061.7925525927,2765262.200082209
ROBINVALE HIGH SCHOOL,2296061.7925525927,2765262.200082209
SAINT ARNAUD HIGH SCHOOL,2343549.6997771068,2541886.330039609
WYCHEPROOF HIGH SCHOOL,2340496.83597664,2600613.445134349
ASHWOOD HIGH SCHOOL,2509092.0463369307,2404055.4860638734
ASPENDALE TECHNICAL SCHOOL,2508854.6242691865,2386755.167567157
SAINT ALBANS TECHNICAL SCHOOL,2481014.8281651945,2417815.724282639
DERRINALLUM SECONDARY COLLEGE,2343593.2352385004,2393499.4206979247
DERRINALLUM HIGH SCHOOL,2343593.2352385004,2393499.4206979247
DERRINALLUM P12 COLLEGE,2343593.2352385004,2393499.4206979247
WARRACKNABEAL SECONDARY COLLEGE,2265448.4450493264,2578586.888203291
WARRACKNABEAL HIGH SCHOOL,2265448.4450493264,2578586.888203291
HORSHAM COLLEGE,2248480.385205409,2528273.711738214
HORSHAM TECHNICAL SCHOOL,2248328.1700668507,2528192.613082977
LAKE BOLAC SECONDARY COLLEGE,2309240.521100373,2417857.601694476
LAKE BOLAC HIGH SCHOOL,2309240.521100373,2417857.601694476
DIMBOOLA MEMORIAL SECONDARY COLLEGE,2234209.30205889,2556904.139666358
BLACKBURN SECONDARY COLLEGE KOONUNG ROAD,2513343.4301556754,2410489.3400196964
BLACKBURN TECHNICAL SCHOOL,2513343.4301556754,2410489.3400196964
CORRYONG SECONDARY COLLEGE,2761821.683086564,2585641.450490648
CORRYONG HIGH SCHOOL,2761821.683086564,2585641.450490648
CROYDON HIGH SCHOOL,2524866.18087923,2412375.3852951955
MELBA SECONDARY COLLEGE - JUNIOR CAMPUS,2524866.18087923,2412375.3852951955
DANDENONG HIGH SCHOOL - DANDENONG CAMPUS,2518377.2543069026,2391441.477121911
DANDENONG TECHNICAL SCHOOL,2518829.0160668246,2391517.0593549106
DAREBIN SECONDARY COLLEGE,2500771.8501161984,2415494.2872517677
NORTHCOTE TECHNICAL SCHOOL,2500771.8501161984,2415494.2872517677
GLEN WAVERLEY SECONDARY COLLEGE,2514261.552268385,2402542.1432624273
GLEN WAVERLEY HIGH SCHOOL,2514261.552268385,2402542.1432624273
MURRAYVILLE COMMUNITY COLLEGE,2152234.6122619663,2685461.3158647977
MURTOA SECONDARY COLLEGE,2274242.035402158,2538540.2636950854
MURTOA HIGH SCHOOL,2274242.035402158,2538540.2636950854
SWAN HILL HIGH SCHOOL,2368459.04713903,2683829.210069865
TERANG COLLEGE SENIOR CAMPUS,2318030.4486266193,2359703.9634106336
TERANG HIGH SCHOOL,2318030.4486266193,2359703.9634106336
WARRNAMBOOL NORTH SECONDARY COLLEGE,2281582.2637268268,2344206.991943607
WARRNAMBOOL TECHNICAL SCHOOL,2281582.2637268268,2344206.991943607
WEDDERBURN HIGH SCHOOL,2376187.843529819,2563751.4213044774
WANTIRNA COLLEGE,2520236.990198615,2404805.1333514694
CREEKSIDE K-9 COLLEGE,2476961.87465821,2418313.8827521186
McKinnon Secondary College - East Campus,2505691.200283775,2398857.456838878
Wonthaggi Secondary College McBride Campus,2552102.544654105,2321018.3228989793
ECHUCA HIGH SCHOOL,2476381.798421858,2597780.4669867065
ECHUCA COLLEGE - CROFTON STREET CAMPUS,2476381.798421858,2597780.4669867065
ECHUCA SECONDARY COLLEGE,2475915.319036417,2596233.513329748
ECHUCA TECHNICAL SCHOOL,2475915.319036417,2596233.513329748
ECHUCA COLLEGE,2475915.319036417,2596233.513329748
KAMBRYA COLLEGE,2530492.0575629314,2383009.0812727557
OFFICER SECONDARY COLLEGE,2536061.8811756074,2380952.2528752144
WHITTLESEA SECONDARY COLLEGE,2510623.6439012513,2442839.680652803
SANDRINGHAM SECONDARY COLLEGE BEAUMARIS CAMPUS,2502746.4359174897,2391445.6763645187
BEAUMARIS HIGH SCHOOL,2502746.4359174897,2391445.6763645187
SANDRINGHAM SECONDARY COLLEGE HIGHETT CAMPUS,2501868.4064063043,2393912.2221767325
MARYBOROUGH REGIONAL COLLEGE NOLAN STREET CAMPUS,2388051.6435588337,2493667.446346307
HIGHETT HIGH SCHOOL,2501868.4064063043,2393912.2221767325
SANDRINGHAM COLLEGE HIGHETT CAMPUS,2501868.4064063043,2393912.2221767325
SANDRINGHAM SECONDARY COLLEGE SANDRINGHAM CAMPUS,2502233.9936171025,2393881.05413948
SANDRINGHAM TECHNICAL SCHOOL,2502233.9936171025,2393881.05413948
SANDRINGHAM COLLEGE SANDRINGHAM CAMPUS,2502233.9936171025,2393881.05413948
BEAUMARIS SECONDARY COLLEGE,2502994.1867495254,2391421.172345613
COLAC SECONDARY COLLEGE MURRAY STREET CAMPUS,2374637.4754047426,2350786.6111856457
MARYBOROUGH DISTRICT SECONDARY COLLEGE,2388051.6435588337,2493667.446346307
MARYBOROUGH EDUCATION CENTRE NOLAN STREET CAMPUS,2388051.6435588337,2493667.446346307
MARYBOROUGH REGIONAL COLLEGE PALMERSTON STREET CAMPUS,2387474.773726329,2494306.762945315
MARYBOROUGH HIGH SCHOOL,2387474.773726329,2494306.762945315
MARYBOROUGH EDUCATION CENTRE PALMERSTON SECONDARY CAMPUS,2387474.773726329,2494306.762945315
MARYBOROUGH SPECIALIST SCHOOL,2388145.0657141893,2494069.2880365737
MARYBOROUGH SPECIAL DEVELOPMENTAL SCHOOL,2388145.0657141893,2494069.2880365737
MARYBOROUGH EDUCATION CENTRE CHRISTIAN STREET CAMPUS,2388145.0657141893,2494069.2880365737
MOUNT ERIN SECONDARY COLLEGE,2515959.8426251356,2358653.723658436
FOOTSCRAY CITY SECONDARY COLLEGE,2490594.468533596,2411327.0829118183
MOUNT CLEAR SECONDARY COLLEGE,2400824.055420284,2431949.306694435
MOUNT CLEAR TECHNICAL ANNEXE,2400824.055420284,2431949.306694435
MOUNT CLEAR COLLEGE,2400824.055420284,2431949.306694435
VIEWBANK COLLEGE,2507631.537324042,2417744.946132334
Yarram Secondary College - Devon North Campus,2643730.207553358,2330161.8186017806
Bass Coast College - San Remo Campus,2534061.105217153,2329809.272065456
PENOLA CATHOLIC COLLEGE,2491880.327970713,2421254.890416935
EMMAUS COLLEGE,2515323.398363765,2405904.367144376
Cranbourne West Secondary College,2521543.949517154,2377248.2333394643
WILLIAM ANGLISS COLLEGE,2495854.623148525,2409696.496854483
SUNSHINE NORTH SECONDARY COLLEGE,2486211.2802575864,2414064.5974379973
SUNSHINE NORTH TECHNICAL SCHOOL,2486211.2802575864,2414064.5974379973
SUNSHINE COLLEGE - NORTH CAMPUS,2486211.2802575864,2414064.5974379973
SUNSHINE COLLEGE - SUNSHINE TEACHING UNIT,2485648.560302217,2413940.4593768194
SUNSHINE COLLEGE - WESTERN REGION DEAF FACILITY,2481857.9612578806,2412668.9854092384
MARYBOROUGH EAST PRIMARY SCHOOL,2388647.9846854284,2493366.810053669
MARYBOROUGH EDUCATION CENTRE GILLIES STREET CAMPUS,2388647.9846854284,2493366.810053669
MARYBOROUGH EDUCATION CENTRE PALMERSTON JUNIOR CAMPUS,2387281.0241321963,2494026.7569796387
COLAC SECONDARY COLLEGE HEARN STREET CAMPUS,2376518.0643544444,2349227.010797024
BELL PARK HIGH SCHOOL,2441079.4215597645,2375062.269732398
MARYBOROUGH PRIMARY SCHOOL,2387281.0241321963,2494026.7569796387
LOWANNA COLLEGE MOE CAMPUS,2609462.019457331,2368126.9951519817
LOWANNA COLLEGE NEWBOROUGH CAMPUS,2613287.409408465,2368414.515571126
LOWANNA COLLEGE YALLOURN CAMPUS,2614439.7112493673,2368984.9534654515
WARRNAMBOOL HIGH SCHOOL,2281434.822846762,2344295.2959866244
WODONGA MIDDLE YEARS COLLEGE FELLTIMBER CAMPUS,2669202.087833013,2596234.712792091
WARRNAMBOOL COLLEGE,2279144.4259703774,2344489.1124561056
PARADE COLLEGE,2500414.214893058,2417437.650895199
RICHMOND SECONDARY COLLEGE,2500246.52583737,2409290.1946938196
RICHMOND HIGH SCHOOL,2500246.52583737,2409290.1946938196
FRANKSTON HIGH SCHOOL,2511312.380197786,2371204.2199850203
WILLIAMSTOWN HIGH SCHOOL,2489928.673104947,2404009.968343109
WILLIAMSTOWN HIGH SCHOOL PASCO CAMPUS,2489928.673104947,2404009.968343109
MCKINNON SECONDARY COLLEGE,2505700.87170288,2398855.2304182276
MCKINNON HIGH SCHOOL,2505700.87170288,2398855.2304182276
McKinnon Secondary College - McKinnon Campus,2505700.87170288,2398855.2304182276
MOUNT WAVERLEY SECONDARY COLLEGE,2511641.303375358,2403546.2171975775
MOUNT WAVERLEY HIGH SCHOOL,2511641.303375358,2403546.2171975775
CATHOLIC COLLEGE SALE,2680991.112485459,2374995.580517411
WATTLE PARK HIGH SCHOOL,2509033.9545383225,2406486.2120098686
Greater Shepparton Secondary College Mooroopna Campus,2531563.8718687925,2568538.743515428
Greater Shepparton Secondary College McGuire Campus,2536610.4177544457,2566613.4785480592
Greater Shepparton Secondary College Wanganui Park Campus,2535171.9701105785,2571269.7179296315
FITZROY SECONDARY COLLEGE,2498896.3142938744,2412897.192207695
FITZROY HIGH SCHOOL,2498896.3142938744,2412897.192207695
LAKES ENTRANCE SECONDARY COLLEGE,2763763.8859678726,2399150.4944335343
LAKES ENTRANCE POST PRIMARY SCHOOL,2763763.8859678726,2399150.4944335343
EMMANUEL COLLEGE,2477499.5121318037,2401919.160341465
BALLARAT SECONDARY COLLEGE - WENDOUREE CAMPUS,2396977.9296419243,2441752.9654648136
TRARALGON COLLEGE,2633115.7366176117,2366712.7794465125
MOUNT ROWAN SECONDARY COLLEGE,2396977.9296419243,2441752.9654648136
RESERVOIR DISTRICT SECONDARY COLLEGE RESERVOIR CAMPUS,2502624.411030763,2419850.034766335
RESERVOIR HIGH SCHOOL,2502624.411030763,2419850.034766335
AITKEN COLLEGE,2490352.471732076,2430339.284931246
MOORABBIN CITY TECHNICAL HIGH SCHOOL,2505257.444983731,2397085.19288754
MOOROOLBARK SECONDARY COLLEGE,2527992.342245155,2413242.325305626
Mooroopna High School,2531563.8718687925,2568538.743515428
Wonthaggi Technical Sschool,2552102.544654105,2321018.3228989793
Wonthaggi Secondary College Senior Campus,2552102.544654105,2321018.3228989793
Bass Coast College - Wonthaggi Campus,2552102.544654105,2321018.3228989793
CANDLEBARK SCHOOL,2472035.4138433123,2458252.9314012416
EAST PRESTON ISLAMIC COLLEGE,2503192.5253381184,2418553.551590331
ILIM COLLEGE OF AUSTRALIA,2493831.7404019935,2425802.365038095
VICTORY CHRISTIAN COLLEGE,2438725.771598746,2523900.445907004
TERANG COLLEGE - 5-12 CAMPUS,2318042.7747618114,2359700.9013703326
WESLEY COLLEGE - GLEN WAVERLEY CAMPUS,2513664.80898956,2402912.7362527773
ISIK COLLEGE - EASTMEADOWS CAMPUS,2494323.4457804,2424017.0230355803
ELTHAM COLLEGE - MAIN CAMPUS,2516952.040533356,2422256.0814795922
The Geelong College Middle School Campus,2440872.862792949,2372779.6224700306
WONTHAGGI SECONDARY COLLEGE - DUDLEY CAMPUS,2550603.829672806,2323123.9721135944
Bass Coast College - Dudley Campus,2550603.829672806,2323123.9721135944
ASHWOOD HIGH SCHOOL,2509092.0463369307,2404055.4860638734
BEACONHILLS COLLEGE - VILLAGE CAMPUS,2531384.375453628,2383394.277614029
PLENTY VALLEY CHRISTIAN COLLEGE,2512253.6896137954,2431917.340182239
ST LEONARDS COLLEGE,2500664.641636948,2396946.9665760817
MARYMEDE CATHOLIC COLLEGE,2508033.2413346563,2428609.7019610815
ISIK COLLEGE - IBRAHIM DELLAL CAMPUS,2481559.9964734158,2412782.651321548
MINARET COLLEGE - MAIN CAMPUS,2513065.096787932,2395781.3553546434
COLLINGWOOD COLLEGE,2499163.4074206185,2410892.8103825524
FLEMINGTON SECONDARY COLLEGE,2492770.069358687,2412962.95886626
FLORA HILL SECONDARY COLLEGE,2437303.8038617643,2524646.8227823675
JAMIESON PARK SECONDARY COLLEGE,2481014.8281651945,2417815.724282639
STATE BANK STAFF COLLEGE,2513180.1585767674,2369019.099050775
UPPER YARRA HIGH SCHOOL,2554952.1434064084,2411919.1986624664
MORDIALLOC CHELSEA HIGH SCHOOL,2508138.987897867,2387661.633887749
QUEENS PARK SECONDARY COLLEGE,2493305.776936851,2416076.5415060595
WESTALL SECONDARY COLLEGE - WESTALL ENGLISH LANGUAGE CENTRE,2511971.390179066,2395652.019335201
YARRAWONGA SECONDARY COLLEGE,2590750.439349932,2608059.429372562
RINGWOOD SECONDARY COLLEGE - BINDAREE CAMP,2563964.542431209,2351440.4621278737
BAYVIEW COLLEGE,2203321.369314023,2345412.3827755833
NEWBOROUGH HIGH SCHOOL,2613287.409408465,2368414.515571126
YALLOURN TECHNICAL COLLEGE,2614439.7112493673,2368984.9534654515
LYNDALE SECONDARY COLLEGE,2518165.7676782403,2393580.814526583
LYNDHURST SECONDARY COLLEGE,2523781.3739894275,2380622.167231177
NORTH GEELONG SECONDARY COLLEGE,2442184.9416406564,2376618.527064192
GEELONG NORTH HIGH SCHOOL,2442184.9416406564,2376618.527064192
SHEPPARTON TECHNICAL SCHOOL,2537153.6210226226,2570239.4183264654
NORWOOD SECONDARY COLLEGE,2520925.3225125656,2411224.1152060116
NORWOOD HIGH SCHOOL,2520925.3225125656,2411224.1152060116
ISIK COLLEGE - KEYSBOROUGH CAMPUS,2514166.421570509,2388453.8817514414
HAILEYBURY GIRLS COLLEGE - BRIGHTON CAMPUS,2500616.272321311,2396731.6440437706
HILLCREST CHRISTIAN COLLEGE,2531918.3344526053,2379564.9432649584
BIALIK COLLEGE,2503818.1501411763,2406531.2773135556
SOPHIA MUNDI STEINER SCHOOL - SECONDARY CAMPUS,2499656.574090025,2410453.3372652726
HAILEYBURY GIRLS COLLEGE - KEYSBOROUGH CAMPUS,2512716.2535859286,2389510.6808516085
CHARLTON COLLEGE,2352623.1628568307,2579695.591243023
HERITAGE COLLEGE,2527783.0282050404,2383405.9180372283
YESODEI HATORAH COLLEGE,2498548.322461387,2403096.901698094
XAVIER COLLEGE - BILLILLA ANNEX CAMPUS,2500092.3241728963,2398156.8108215546
XAVIER COLLEGE - BURKE HALL CAMPUS,2501220.498849546,2410594.208576196
THE KILMORE INTERNATIONAL SCHOOL - TKIS SUTHERLAND STREET CAMPUS,2495483.4038930326,2466625.2195848804
THE KILMORE INTERNATIONAL SCHOOL,2495852.191560871,2466597.6668726224
CREEKSIDE K-9 COLLEGE,2476910.331967755,2418466.8991813604
WAVERLEY CHRISTIAN COLLEGE - WAVERLEY CHRISTIAN COLLEGE - NARRE WARREN SOUTH,2526332.0749310507,2383391.7462980384
CATHEDRAL COLLEGE WANGARATTA - MURDOCH ROAD CAMPUS,2619308.401078476,2567302.1245783716
WAVERLEY CHRISTIAN COLLEGE,2518941.2817376484,2402308.6654101787
MACLEOD COLLEGE,2506366.435678889,2419573.901661584
WEDDERBURN COLLEGE,2376139.772185988,2563788.452841811
GENAZZANO FCJ COLLEGE,2504912.5995031386,2410226.6018118197
LEIBLER YAVNEH COLLEGE,2500583.1574415835,2400916.04328872
WESLEY COLLEGE - ELSTERNWICK CAMPUS,2500859.3792081266,2401262.3112272173
"WESLEY COLLEGE - ST KILDA ROAD, MIDDLE AND SENIOR SCHOOL",2498429.0416758438,2405803.91317322
HAILEYBURY COLLEGE - BERWICK CAMPUS,2531875.872326687,2384073.9561494617
HAILEYBURY COLLEGE - KEYSBOROUGH CAMPUS,2512862.867261122,2389461.6183007434
BRUNSWICK SECONDARY COLLEGE - BRUNSWICK ENGLISH LANGUAGE CENTRE,2496101.5989974723,2414435.729064391
GLEN EIRA COLLEGE - GLEN EIRA ENGLISH LANGUAGE CENTRE,2503347.0946878083,2401708.9791385615
HUME CENTRAL SECONDARY COLLEGE - HUME CENTRAL ENGLISH LANGUAGE CAMPUS,2493851.9960881076,2424644.846189311
WHEELERS HILL SECONDARY COLLEGE,2515981.702433797,2398983.9860301083
WHEELERS HILL HIGH SCHOOL,2515981.702433797,2398983.9860301083
WHITE HILLS SECONDARY COLLEGE,2437278.8315376732,2528757.7173259575
WHITE HILLS TECHNICAL SCHOOL,2437278.8315376732,2528757.7173259575
WEEROONA COLLEGE BENDIGO,2437278.8315376732,2528757.7173259575
BELL PARK TECHNICAL SCHOOL,2441662.426772331,2377089.9941628026
QUEENSCLIFF HIGH SCHOOL,2469089.0813271515,2359166.731255546
BELMONT HIGH SCHOOL,2441339.0226784623,2369320.569042585
MAROONDAH SECONDARY COLLEGE,2523076.299255261,2411689.0550139323
MAROONDAH HIGH SCHOOL,2523076.299255261,2411689.0550139323
MELBA SECONDARY COLLEGE - SENIOR CAMPUS,2523076.299255261,2411689.0550139323
MARYVALE HIGH SCHOOL,2625015.5545228287,2363221.090227426
MATTHEW FLINDERS GIRLS SECONDARY COLLEGE,2443304.08771662,2372227.026777774
MATTHEWS FLINDERS GIRLS HIGH SCHOOL,2443304.08771662,2372227.026777774
STAWELL COLLEGE GOLD REEF CAMPUS,2302923.1910563335,2491404.4476485886
STAWELL TECHNICAL SCHOOL,2302751.2686469043,2491338.287314834
CAULFIELD JUNIOR COLLEGE,2501897.76133428,2403220.0116044963
CHRISTIAN COLLEGE HIGHTON - BELMONT CAMPUS,2440768.975823257,2367780.1688337065
CAMPERDOWN COLLEGE - BROOKE STREET,2337358.324687742,2361347.188501877
PENLEIGH AND ESSENDON GRAMMAR SCHOOL - ESSENDON CAMPUS,2492870.2312877285,2416369.182177663
MOUNT SCOPUS MEMORIAL COLLEGE - GANDEL BESEN HOUSE CAMPUS,2500173.3177201734,2403001.574425322
THE HAMILTON AND ALEXANDRA COLLEGE - JUNIOR CAMPUS,2238534.899226523,2415005.925365286
AUSTRALIAN INTERNATIONAL ACADEMY OF EDUCATION - KING KHALID COBURG CAMPUS,2497014.7022806103,2418289.4866070915
ANTONINE COLLEGE - CEDAR CAMPUS,2498081.458119,2417135.56471652
MERBEIN P-10 COLLEGE - STURT HIGHWAY CAMPUS,2225856.2346623167,2804765.3326084614
SEYMOUR COLLEGE - GRANT STREET CAMPUS,2512612.1753963414,2496573.0063241683
ST MARYS SCHOOL - SECOND CAMPUS,2499677.930330458,2404707.4816510454
BORONIA K-12 COLLEGE - RANGEVIEW CAMPUS,2525468.034372866,2404644.357129285
MERBEIN P-10 COLLEGE - JENNER STREET CAMPUS,2227831.6744525554,2809693.82058613
MERBEIN P-10 COLLEGE - PASCHENDALE AVENUE CAMPUS,2224694.1641407385,2810069.299332252
TERANG COLLEGE - P-4 CAMPUS,2316851.155735376,2360012.3476384813
NEERIM SOUTH SECONDARY COLLEGE,2584007.248547849,2386721.803569461
NEERIM DISTRICT SECONDARY COLLEGE,2584007.248547849,2386721.803569461
NEERIM SOUTH HIGH SCHOOL,2584007.248547849,2386721.803569461
NEWCOMB SECONDARY COLLEGE,2446999.959731541,2369860.214759875
NEWCOMB HIGH SCHOOL,2446999.959731541,2369860.214759875
NEWLANDS SECONDARY COLLEGE,2497808.8279683655,2418341.8938567396
NEWLANDS HIGH SCHOOL,2497808.8279683655,2418341.8938567396
Rubicon Outdoor Centre,2572818.8701814734,2466951.4577576015
NIDDRIE HIGH SCHOOL,2489263.5692225415,2419063.3642652985
NOBLE PARK NORTH HIGH SCHOOL,2516640.15301768,2395345.4652524954
NIDDRIE SECONDARY COLLEGE,2489969.294408495,2417134.227294294
NIDDRIE TECHNICAL SCHOOL,2489969.294408495,2417134.227294294
ROSEHILL SECONDARY COLLEGE,2489969.294408495,2417134.227294294
SAINT ALBANS SECONDARY COLLEGE,2483115.348166748,2417250.865149554
SAINT ALBANS HIGH SCHOOL,2483115.348166748,2417250.865149554
ST ALBANS SECONDARY COLLEGE,2483115.348166748,2417250.865149554
NUMURKAH HIGH SCHOOL,2540195.6157706934,2601991.7596276365
SALE COLLEGE GUTHRIDGE CAMPUS,2682750.158266494,2376403.958922229
SALE HIGH SCHOOL,2682750.158266494,2376403.958922229
SANDRINGHAM COLLEGE BEAUMARIS CAMPUS,2502746.4359174897,2391445.6763645187
SCORESBY SECONDARY COLLEGE,2520776.671212837,2401358.670209294
Rubicon School Camp,2572818.8701814734,2466951.4577576015
Rubicon Outdoor Centre - Thornton Campus,2572818.8701814734,2466951.4577576015
Rubicon Outdoor School,2572818.8701814734,2466951.4577576015
WHITEHORSE TECHNICAL COLLEGE,2511042.368863481,2409074.269253616
WHITTLESEA TECHNICAL SCHOOL,2510623.6439012513,2442839.680652803
CHANDLER HIGH SCHOOL,2516057.3236683425,2390736.990457709
ENDEAVOUR HILLS TECHNICAL SCHOOL,2521293.859389237,2391326.8943485273
EPPING SECONDARY COLLEGE,2502950.113303397,2428535.338651873
ERINBANK SECONDARY COLLEGE,2491754.5046141217,2425478.737259295
SOMERVILLE SECONDARY COLLEGE,2515959.8426251356,2358653.723658436
MOUNT EVELYN SECONDARY COLLEGE,2533845.09322589,2413942.158728852
BALMORAL K-12 COMMUNITY COLLEGE,2214687.604181327,2468241.9343421366
DANDENONG HIGH SCHOOL - CLEELAND CAMPUS,2518744.4404351576,2391414.0234250613
OMEO HIGHER ELEMENTARY SCHOOL,2730862.66045847,2486079.0764631163
ORBOST SECONDARY COLLEGE,2805586.2830789876,2416300.783644257
CATHOLIC REGIONAL COLLEGE NORTH KEILOR,2482809.755918098,2422309.9779852405
CATHOLIC REGIONAL COLLEGE,2479807.8191031246,2422394.300006263
CATHOLIC REGIONAL COLLEGE,2460342.380747601,2424752.1105597075
CHELTENHAM SECONDARY COLLEGE,2506036.035398673,2394154.4405792374
CHRISTIAN COLLEGE INSTITUTE OF SENIOR EDUCATION - MAIN CAMPUS,2438992.5365683474,2367969.401606838
CLONARD COLLEGE,2441296.436103029,2374378.8904090784
ELWOOD COLLEGE,2498698.0477810074,2402085.804998083
EMERALD SECONDARY COLLEGE,2540332.607871857,2397332.635241596
Gilmore College for Girls,2490743.3114458546,2411318.3697369797
GROVEDALE COLLEGE,2441092.8843843364,2365461.2330034534
HOLMES SECONDARY COLLEGE,2497559.151240361,2410080.072211584
KILBREDA COLLEGE,2505772.683657321,2390781.4916961584
KILLESTER COLLEGE,2513359.537477075,2393556.571610541
KOO WEE RUP SECONDARY COLLEGE,2543431.446924687,2367033.7414208464
KORUMBURRA SECONDARY COLLEGE,2570191.5981998416,2339454.1308087558
LARA SECONDARY COLLEGE,2448329.544266009,2386846.583807542
LORETO COLLEGE,2396057.3002741397,2437564.1964182425
LUTHER COLLEGE,2524039.3801600384,2413079.230693926
MAZENOD COLLEGE,2514608.9008453703,2398423.7636790555
MENTONE GIRLS SECONDARY COLLEGE,2504700.2727068085,2391222.815727177
MERCY COLLEGE,2496876.0776485964,2418946.4591902737
MONTEREY SECONDARY COLLEGE,2512952.8822045154,2375014.8401324367
MONTMORENCY SECONDARY COLLEGE,2510016.5131203723,2420752.3090932984
MOUNT LILYDALE MERCY COLLEGE,2531525.9416532214,2416628.172759073
NAGLE COLLEGE,2727743.0744062564,2404009.4944757847
NAZARETH COLLEGE,2517181.3393641883,2395640.7245630063
OUR LADY OF SION COLLEGE,2511438.70516384,2409178.066032349
PATTERSON RIVER SECONDARY COLLEGE,2511821.421965459,2379747.437475601
SUNSHINE COLLEGE - NORTH SUNSHINE CAMPUS,2485952.240354249,2414087.4745426457
EMMANUEL COLLEGE - NOTRE DAME CAMPUS,2477499.5121318037,2401919.160341465
BELLARINE SECONDARY COLLEGE - OCEAN GROVE CAMPUS,2459891.515666762,2360084.4619849212
AL-TAQWA COLLEGE - OLIVE BRANCH ANNEXE,2473211.3433413883,2410082.018415422
KURNAI COLLEGE - PRECINCT CAMPUS,2624632.9195126644,2353748.683795559
LAVALLA CATHOLIC COLLEGE - PRESENTATION CAMPUS,2612756.8834456946,2367869.9512021756
PARADE COLLEGE - PRESTON CAMPUS,2500430.080051815,2417468.7256412935
WESTERN HEIGHTS SECONDARY COLLEGE - QUAMBY CAMPUS,2441518.394394529,2374987.652343943
RESERVOIR HIGH SCHOOL - RESERVOIR CAMPUS,2502624.411030763,2419850.034766335
LYNALL HALL COMMUNITY SCHOOL - RICHMOND CAMPUS,2500160.240181067,2409230.2636933103
PADUA COLLEGE - ROSEBUD CAMPUS,2491898.2448348193,2347619.0400181627
CAROLINE CHISHOLM CATHOLIC COLLEGE - SACRED HEART CAMPUS,2486748.147612968,2412718.0945638893
SANDRINGHAM COLLEGE - SANDRINGHAM YEAR 7-10 CAMPUS,2501886.984665976,2394459.4187429184
SANDRINGHAM COLLEGE - SENIOR CAMPUS,2502052.063664907,2393833.373242393
ESSENDON EAST KEILOR DISTRICT COLLEGE - SENIOR CAMPUS,2491358.282420029,2416191.295299351
ESSENDON KEILOR COLLEGE - ESSENDON CAMPUS,2491358.282420029,2416191.295299351
MILL PARK SECONDARY COLLEGE - SENIOR CAMPUS,2505599.23293734,2428428.560246786
Castlemaine Secondary College - Senior Campus,2430165.9536139513,2491160.0996267516
CAMBERWELL GIRLS GRAMMAR SCHOOL - SENIOR SCHOOL,2505257.1307593216,2409199.760728361
LAVALLA CATHOLIC COLLEGE - ST PAULS CAMPUS,2632806.788515135,2366789.8691166956
OZFORD COLLEGE - ENGLISH LANGUAGE CENTRE,2496967.5677310023,2409696.9732673243
COPPERFIELD COLLEGE - SYDENHAM JUNIOR CAMPUS,2478667.6164606228,2422042.994658474
HUME CENTRAL SECONDARY COLLEGE - TOWN PARK CAMPUS,2492534.3251287695,2424488.4041448254
ISIK COLLEGE - MEADOW FAIR CAMPUS,2493096.2534521013,2425486.6062991284
FRANKSTON HIGH SCHOOL - VCE CAMPUS,2511312.380197786,2371204.2199850203
WANGARATTA HIGH SCHOOL - CUSACK STREET CAMPUS,2617860.7691252795,2569743.5113473907
ST KEVINS COLLEGE - WATERFORD CAMPUS,2499787.8203245583,2408855.12474717
TRARALGON COLLEGE - WEST CAMPUS,2633115.7366176117,2366712.7794465125
ST BERNARDS COLLEGE,2489707.0431459146,2416833.1420601886
KENSINGTON COMMUNITY HIGH SCHOOL,2493445.104267567,2412561.7446074327
MOUNT ST JOSEPH GIRLS COLLEGE,2483428.6382488664,2404113.951684881
SACRED HEART GIRLS COLLEGE,2507570.43534606,2399880.422082915
ST BEDES COLLEGE,2505991.753800697,2390003.256638962
ST BRIGIDS COLLEGE,2250627.575401555,2527709.7938711643
ST JOHNS REGIONAL COLLEGE,2519875.529909642,2390085.0102117285
ST JOSEPHS COLLEGE,2441433.9802401867,2372147.506928403
ST JOSEPHS COLLEGE,2476896.6483576302,2597816.2676774543
SYDNEY ROAD COMMUNITY SCHOOL,2496641.5889755804,2414585.7925313376
ASSUMPTION COLLEGE,2495357.5394079895,2466597.4093009643
CATHOLIC COLLEGE,2667628.8148373924,2594936.104117781
CATHOLIC LADIES COLLEGE LTD,2512657.504045736,2421031.7484154906
FCJ COLLEGE,2587314.824735209,2549176.3368640617
GALEN CATHOLIC COLLEGE,2617641.9761678856,2572560.6332045775
ST KEVINS COLLEGE,2502174.2015090752,2407293.245445924
JOHN PAUL COLLEGE,2512175.3370817816,2373967.0246642064
EMMANUEL COLLEGE INC - SECOND CAMPUS,2279915.8857043153,2344640.6100243805
ST FRANCIS XAVIER COLLEGE - JUNIOR CAMPUS,2529750.713073702,2381125.8549649836
LOYOLA COLLEGE,2507118.627749602,2421940.5615188684
MARIAN COLLEGE,2317164.030432716,2466423.7551405784
MARIST-SION COLLEGE,2580218.587704027,2370986.119942018
MARY MACKILLOP CATHOLIC REGIONAL COLLEGE,2584104.2547413604,2336786.8606181843
DANDENONG HIGH SCHOOL - MYUNA SECONDARY TEACHING UNIT,2520307.1515415465,2390573.466340798
FOUNTAIN GATE SECONDARY COLLEGE,2525942.0916008414,2388397.8883500937
GLENEAGLES SECONDARY COLLEGE,2524299.0972576346,2391807.085006471
HALLAM SENIOR SECONDARY COLLEGE,2522940.868553063,2388970.5264904797
OUR LADY OF THE SACRED HEART SCHOOL,2228040.9245629227,2810212.4521750286
RED ROCK CHRISTIAN COLLEGE,2474015.1180629823,2442357.9277749415
SHOLEM ALEICHEM COLLEGE,2500106.4425207134,2402090.345133434
TARRINGTON LUTHERAN SCHOOL,2244030.3607240873,2411064.880526888
TRINITY ANGLICAN COLLEGE WODONGA,2675043.4196785856,2590248.738270607
GIPPSLAND GRAMMAR - SECOND CAMPUS,2681188.5822435278,2374554.9538807264
FIRBANK GRAMMAR SCHOOL - SECOND CAMPUS,2499739.6978560532,2399252.2985420115
GOOD SHEPHERD COLLEGE - SECOND CAMPUS,2238426.4509637826,2414807.1181449825
SACRED HEART COLLEGE,2442159.233602854,2372229.1606238773
SACRED HEART COLLEGE,2451995.746546988,2471801.987726966
SANTA MARIA COLLEGE,2500218.4879930303,2414512.101977829
SOMERVILLE SECONDARY COLLEGE,2514763.8663984435,2363784.634180799
ST HELENA SECONDARY COLLEGE,2512339.708959631,2423769.0445313174
FIRBANK GRAMMAR SCHOOL - SANDRINGHAM CAMPUS,2501409.6202594587,2393708.0825870875
MERCY REGIONAL COLLEGE,2337113.9758572234,2361347.967900778
OUR LADY OF THE SACRED HEART COLLEGE,2503511.4839208964,2397268.1350285597
PRESENTATION COLLEGE WINDSOR,2499535.3678727844,2404826.2335647233
EDENHOPE SECONDARY COLLEGE,2171045.9260165053,2489896.125970695
WAVERLEY CHRISTIAN COLLEGE,2518933.2544079986,2402649.4246230414
RUTHERGLEN HIGH SCHOOL,2630815.7382361377,2603017.8403832596
TAWONGA SECONDARY SCHOOL,2693555.82212471,2526631.195319647
TIMBARRA P-9 COLLEGE,2528296.0432956303,2387158.1787561746
ALTONA P-9 COLLEGE,2483892.750699098,2404364.583899094
CRANBOURNE EAST SECONDARY COLLEGE,2526841.8750993763,2377332.785852016
MERBEIN P-10 COLLEGE - SECONDARY CAMPUS,2229737.117196214,2810038.177091956
MERBEIN P-10 COLLEGE - JENNER STREET CAMPUS,2227974.3032944193,2809799.3361964375
MERBEIN P-10 COLLEGE - STURT HIGHWAY CAMPUS,2224448.7633411186,2804443.5269247107
ALBERT PARK COLLEGE,2495366.9710775954,2406250.064458306
SON CENTRE CHRISTIAN COLLEGE,2367897.65583805,2679019.299074676
YARRA HILLS SECONDARY COLLEGE - SENIOR CAMPUS,2527818.692116422,2412410.5040757935
DOVETON COLLEGE,2521351.213413929,2390046.963785588
SURF COAST SECONDARY COLLEGE,2440853.2764528845,2355047.529743525
TARNEIT SENIOR COLLEGE,2471867.579246466,2407473.8321060045
WALLAN SECONDARY COLLEGE,2498359.8984340704,2453572.8989747986
WARRAGUL REGIONAL COLLEGE,2581108.516816041,2370292.58000735
WESTERN PORT SECONDARY COLLEGE,2515428.503353776,2354801.4472304936
MARCELLIN COLLEGE,2507282.814317615,2414018.3884181976
OUR LADY OF MERCY COLLEGE,2505955.6680045766,2415889.534343905
TAYLORS LAKES SECONDARY COLLEGE,2481871.525271989,2421478.9643233474
TEMPLESTOWE COLLEGE,2510775.948847513,2414830.36992043
NOTRE DAME COLLEGE,2536576.1833680635,2569302.106346404
SALESIAN COLLEGE,2508819.790572495,2402036.865830129
SALESIAN COLLEGE,2476949.2483312697,2436424.796283284
ST PATRICKS COLLEGE,2396775.85738447,2437257.8492339384
FRANKSTON HIGH SCHOOL - 7-10 CAMPUS,2511301.604483593,2371013.3050670773
CHRISTIAN BROTHERS COLLEGE - BALACLAVA,2499717.567272208,2403524.334031202
BALLARAT SECONDARY COLLEGE - BARKLY SENIOR CAMPUS,2400066.379391361,2436787.065561345
CRUSOE 7-10 SECONDARY COLLEGE - BENDIGO TEACHING UNIT,2436734.6877409597,2525795.484161511
"PRESHIL, THE MARGARET LYTTLE MEMORIAL SCHOOL - BLACKHALL-KALIMNA PRESHIL SENIOR SCHOOL",2504356.74131861,2409784.070515764
DROUIN SECONDARY COLLEGE - BLACKWOOD ANNEXE,2573424.0472987066,2360355.9580457453
EMMAUS COLLEGE - BURWOOD CAMPUS,2508483.2078132383,2405847.4923981912
YARRA HILLS SECONDARY COLLEGE - CAMBRIDGE CAMPUS,2528544.2185786488,2411562.345112223
CATHOLIC REGIONAL COLLEGE,2482292.432298571,2417986.10404939
BRUNSWICK SECONDARY COLLEGE - CENTRAL TEACHING UNIT,2495238.331477498,2415805.9482667055
KEYSBOROUGH SECONDARY COLLEGE - ACACIA CAMPUS,2516041.485040823,2390723.7013495034
CAROLINE CHISHOLM CATHOLIC COLLEGE - CHRIST THE KING CAMPUS,2487825.4085062104,2412703.0798146008
COBURG SENIOR HIGH SCHOOL - COBURG TEACHING UNIT,2497685.571616148,2417834.664604852
COLLINGWOOD COLLEGE - COLLINGWOOD ALTERNATIVE SCHOOL,2498735.4156297618,2410957.1290936125
ST MONICAS COLLEGE - DALTON ROAD CAMPUS,2502795.2689990285,2427295.7439539637
COPPERFIELD COLLEGE - DELAHEY SENIOR CAMPUS,2479937.5530447713,2420137.218541952
BENALLA COLLEGE - DUNLOP CAMPUS,2588684.529539182,2549604.930578511
TRARALGON COLLEGE - EAST CAMPUS,2636038.831828755,2365427.7090209816
BALLARAT SECONDARY COLLEGE - EAST CAMPUS,2402139.0822488265,2437386.3385967836
ESSENDON EAST KEILOR DISTRICT COLLEGE - EAST KEILOR CAMPUS,2488516.773118093,2417905.924703678
ESSENDON KEILOR COLLEGE - EAST KEILOR CAMPUS,2488516.773118093,2417905.924703678
ROWVILLE SECONDARY COLLEGE - EASTERN CAMPUS,2523283.304960501,2397771.4726153677
WODONGA MIDDLE YEARS COLLEGE - FELLTIMBER CAMPUS,2667608.8920053104,2595206.1731898934
MOUNT ERIN SECONDARY COLLEGE - FRANKSTON CAMPUS,2512849.0969371805,2369686.7646099897
TRARALGON COLLEGE - HAZELWOOD ESTATE,2620729.726147322,2353641.874670311
KEYSBOROUGH SECONDARY COLLEGE - BANKSIA CAMPUS,2514045.277478604,2392673.0406055134
RESERVOIR HIGH SCHOOL - HEIDELBERG SECONDARY TEACHING UNIT,2502607.6596192457,2419844.490831569
HORSHAM COLLEGE - HORSHAM HIGH CAMPUS,2248480.385205409,2528273.711738214
WODONGA MIDDLE YEARS COLLEGE - HUON CAMPUS,2670160.3724407274,2594749.7029440533
DAMASCUS COLLEGE,2400270.700345576,2431555.4165689424
EMMANUEL COLLEGE INC - EMMANUEL COLLEGE INC.,2279547.328233217,2344922.9307443677
MOUNT WAVERLEY SECONDARY COLLEGE - JUNIOR CAMPUS,2511496.6400084575,2403919.343156753
PENLEIGH AND ESSENDON GRAMMAR SCHOOL - KEILOR EAST CAMPUS,2488571.157335771,2418745.036725946
DE LA SALLE COLLEGE - KINNOULL CAMPUS,2502809.868451755,2405059.9630792364
CATHOLIC COLLEGE BENDIGO - LA VALLA CAMPUS,2440960.334472442,2525235.583185736
SALE COLLEGE - MACALISTER CAMPUS,2681361.514238587,2374964.225182562
The Geelong College - The Geelong College Senior School,2442157.0898694405,2371906.1138357306
GIPPSLAND GRAMMAR - MAIN CAMPUS,2681101.897052154,2376665.2609194107
FIRBANK GRAMMAR SCHOOL - MAIN CAMPUS,2499730.8978002924,2399444.314050572
NEWHAVEN COLLEGE - MAIN CAMPUS,2530893.29198803,2332313.164111615
METHODIST LADIES COLLEGE - MALLACOOTA CAMPUS,2926034.9812253416,2435881.116634138
KURNAI COLLEGE - MORWELL CAMPUS,2625458.5104651134,2362683.75070397
YARRA HILLS SECONDARY COLLEGE - MOUNT EVELYN CAMPUS,2533774.658100811,2413952.43146261
ESSENDON EAST KEILOR DISTRICT COLLEGE - NIDDRIE CAMPUS,2489344.7747494928,2418976.9005830586
ESSENDON KEILOR COLLEGE - NIDDRIE CAMPUS,2489344.7747494928,2418976.9005830586
STAR OF THE SEA COLLEGE,2499716.791935089,2400486.5231423406
MACKILLOP CATHOLIC REGIONAL COLLEGE - ST MARYS CAMPUS,2473312.355152754,2394149.5722285425
THOMAS CARR COLLEGE,2473778.327051487,2405889.556119237
TRINITY COLLEGE COLAC INC,2375597.90501149,2349016.784163207
VICTORIA UNIVERSITY SECONDARY COLLEGE - BRIMBANK CAMPUS,2481135.5480858954,2417827.0949802566
SWIFTS CREEK SCHOOL (INTERIM NAME) - SECONDARY CAMPUS,2741554.4015749027,2466935.4210034683
MERBEIN P-10 COLLEGE - SECONDARY CAMPUS,2229731.342087552,2809985.7848832738
CHRISTIAN COLLEGE INSTITUTE OF SENIOR EDUCATION - ARTS/TECHNOLOGY CENTRE VILLA PALOMA CAMPUS,2438735.459592222,2366110.311834288
HERITAGE COLLEGE - OFFICER CAMPUS,2536575.022845679,2382912.5186433746
ST ALOYSIUS COLLEGE,2494968.3328544335,2412010.0862805406
ST JAMES  COLLEGE,2506274.7204784486,2397184.3854460455
WOODLEIGH SCHOOL - SENIOR CAMPUS,2515300.7074741395,2367631.220348575
DIAMOND VALLEY COLLEGE,2514766.996378271,2425323.3070874084
Footscray City College,2490665.700273754,2412209.504835684
BACCHUS MARSH COLLEGE,2449996.7711207387,2423766.838573899
MULLAUNA SECONDARY COLLEGE,2516744.9729440496,2410416.6427488225
SOUTH OAKLEIGH SECONDARY COLLEGE,2507892.8483098815,2397642.5252093906
NEW GENERATION COLLEGE,2496788.8602070212,2409610.336653851
COMMUNITY COLLEGE GIPPSLAND LTD,2581159.3081894103,2368846.718678236
SEYMOUR COLLEGE - LOCO STREET CAMPUS,2512554.509461565,2496680.724567257
GOOD SHEPHERD COLLEGE - MAIN CAMPUS,2239398.246497867,2410411.394774301
HORSHAM COLLEGE - MC KENZIE CREEK CAMPUS,2248013.487099619,2520364.0279888865
CROYDON COMMUNITY SCHOOL - RECONNECTING YOUTH CAMPUS,2514645.6548797917,2399328.285249712
THE HAMILTON AND ALEXANDRA COLLEGE - SENIOR CAMPUS,2237760.8554257406,2414094.5682560215
ST JOSEPHS COLLEGE MILDURA,2237373.54826322,2808064.6880258266
ST MARY OF THE ANGELS COLLEGE,2518807.624454773,2604538.6050222777
NOTRE DAME COLLEGE - EMMAUS CAMPUS,2536628.640962485,2574843.064589279
CROYDON COMMUNITY SCHOOL,2524564.625099027,2411361.8546337485
LYNALL HALL COMMUNITY SCHOOL,2500198.9838217823,2409393.4143512417
GLEN EIRA COLLEGE,2503343.5765034794,2401710.0904511064
METHODIST LADIES COLLEGE -KINDLE,2503384.585810066,2409589.1820339197
Elevation Secondary College,2490332.837366451,2433596.4875024743
Homestead Senior Secondary College,2479678.7669793377,2398545.0367047237
Greater Otway Applied Learning School,2359264.120263494,2312120.788151482
ARARAT SECONDARY COLLEGE MIDDLE SCHOOL CAMPUS,2315765.601122573,2466253.489214033
STOTTS COLLEGES,2497407.7415513997,2409941.2928673914
CARRANBALLAC P-9 COLLEGE BOARDWALK CAMPUS,2477300.089753227,2401820.950104704
THE GRANGE SECONDARY COLLEGE,2471462.678377248,2404624.4749332974
SALE COLLEGE MACALISTER CAMPUS,2680866.7553084563,2374964.9672300024
MACALISTER SECONDARY COLLEGE,2680866.7553084563,2374964.9672300024
LA TROBE SECONDARY COLLEGE,2505154.9173413864,2419099.7247870825
MACROBERTSON GIRLS HIGH SCHOOL,2497523.0076210257,2407238.776895699
MAFFRA SECONDARY COLLEGE,2674189.391712495,2391107.5495289583
MAFFRA HIGH SCHOOL,2674189.391712495,2391107.5495289583
OVERNEWTON ANGLICAN COMMUNITY COLLEGE - TAYLORS LAKES CAMPUS,2480004.770970216,2423378.0744519923
CAMPERDOWN COLLEGE - WILSON STREET,2337638.093626857,2360831.9080687463
NEWHAVEN COLLEGE - PHILLIP ISLAND TOURIST ROAD CAMPUS,2523764.3076417493,2334780.339874793
YUILLE PARK P-8 COMMUNITY COLLEGE - YUILLE CAMPUS,2396095.594865422,2441546.7852607667
BACCHUS MARSH GRAMMAR,2449871.064825681,2423253.344381636
CHARLTON COLLEGE - CHARLTON COLLEGE (CLUSTER),2351518.554272673,2579241.4713412337
KARDINIA INTERNATIONAL COLLEGE,2441063.1620566165,2376620.6741902214
KINGS COLLEGE,2282039.5237229858,2345973.6800801745
ST ANTHONYS COPTIC ORTHODOX COLLEGE,2513852.760850377,2375679.415754961
ST JOHNS GREEK ORTHODOX COLLEGE,2499889.841469379,2417079.18146535
ST MARYS COPTIC ORTHODOX COLLEGE,2493931.2845831625,2427221.8796662036
AL SIRAAT COLLEGE,2503313.673960455,2430727.0481841937
FRAYNE COLLEGE,2674506.916373411,2589885.6860876195
XAVIER COLLEGE - KOSTKA HALL CAMPUS,2499475.1323298956,2397120.1249853186
ST AUGUSTINES COLLEGE,2504015.9853799245,2576610.4619347863
CRUSOE 7-10 SECONDARY COLLEGE,2431609.993843343,2523175.9433794264
MCCLELLAND SECONDARY COLLEGE,2513890.0119049847,2372771.050120822
ALKIRA SECONDARY COLLEGE,2527089.265544642,2380862.956849252
SUZANNE CORY HIGH SCHOOL,2473679.142238211,2400764.8133807834
AVENUES EDUCATION,2503028.515442107,2396455.856242365
WESTERN ENGLISH LANGUAGE SCHOOL - WYNDHAM SECONDARY CAMPUS,2469532.689240439,2401294.6122986805
CRAIGIEBURN SECONDARY COLLEGE,2494345.114576901,2432445.9701524917
CRANBOURNE HIGH SCHOOL,2525096.4448128752,2377044.057093451
KEALBA SECONDARY COLLEGE,2484207.9501346964,2418762.375927141
ST MARYS COLLEGE,2512539.239516393,2497784.8133177795
POINT COOK PREP - YEAR 9 COLLEGE,2475873.55397451,2400801.3916981155
ACACIA COLLEGE,2506667.525018105,2433525.0467173215
THOMASTOWN SECONDARY COLLEGE,2500171.117797343,2424682.609305173
THORNBURY HIGH SCHOOL,2502221.409444643,2416050.0623897295
TIMBERTOP SCHOOL,2615885.6621959335,2485198.2750493363
COLBINNABIN STATE SCHOOL,2477187.067410608,2544849.724417651
BALLARAT EAST SECONDARY COLLEGE,2402171.626314518,2437398.9254678674
BALLARAT HIGH SCHOOL,2395589.3969776835,2437818.105510464
THE ALPINE SCHOOL,2699783.2623268464,2495040.3734182846
CAROLINE SPRINGS COLLEGE,2476927.7795882714,2417250.559044255
HUME CENTRAL SECONDARY COLLEGE BLAIR STREET CAMPUS,2493752.3090541326,2424662.5296355486
HUME CENTRAL SECONDARY COLLEGE DIMBOOLA ROAD CAMPUS,2492380.9433972966,2424383.943838153
SAINT ARNAUD HIGH SCHOOL,2343478.513514222,2541913.875192782
