,SA2,SA2 NAME,2012,2013,2014,2015,2016,2017,2018,2019
0,201011001,Alfredton,51670.07395056885,52993.21221146687,54624.78350694444,56373.600963855424,57746.69678475737,60026.081134194275,62315.12741465996,63668.27412692452
1,201011002,Ballarat,61177.13223140496,63669.22087175189,65506.66801845896,67216.71065989848,72754.45337837838,71895.1452476573,74671.36638101516,77875.69387755102
2,201011003,Ballarat - North,48946.98003810155,50871.715079167705,52023.79088165729,53016.99408142046,54660.32766059444,56067.36666925285,59786.48779574723,60366.69760258862
3,201011004,Ballarat - South,41918.13193943763,43625.17388968481,44721.796781568766,45473.45183749009,46143.21320149189,47676.111969760605,49041.0364405401,50778.31630246816
4,201011005,Buninyong,53538.21603970742,55674.65600825167,56765.49910187323,58010.96873424105,58292.42514371407,60008.74745021855,61564.81501787843,63257.766533301954
5,201011006,Delacombe,43298.24386356391,45581.3651184251,46312.18908775981,48355.7295392954,49260.43574555756,50741.37747858017,52198.85876623377,54844.57315265721
6,201011007,Smythes Creek,45269.70324645633,47338.734165923284,49268.49343257443,50298.612658227845,52009.991796200346,54313.75880646498,56171.8554313099,59735.341076267905
7,201011008,Wendouree - Miners Rest,41695.54082073434,43593.03058373769,44266.65520295203,45558.03337236534,47309.589402055884,47545.05464480874,49104.23702978605,50403.980487804874
8,201021009,Bacchus Marsh Region,50218.37414745047,51398.73134328358,52574.428479381444,54168.098738849585,55485.365361077114,57510.42632331903,66628.45072836333,61564.745520716686
9,201021010,Creswick - Clunes,43597.40924523374,44973.25873221216,45297.78785569106,45964.69319319319,48087.49290060852,50497.1662603608,51503.91901663051,52233.11504424779
10,201021011,Daylesford,42417.69341161122,43006.835680751174,44634.100815728925,45981.00425877104,46609.6238,49000.23222565688,50440.08377558757,52043.69811672571
11,201021012,Gordon (Vicnp),45824.826618229854,48620.30662358643,49887.84705882353,52709.54658000619,54516.123704866564,56551.26743840902,57959.56920464195,60424.15551885494
12,201031013,Avoca,33237.74129651861,34429.86380368098,36570.2309567337,39754.83754512636,39127.77873918418,41427.342925659475,43798.458136792455,46334.74825986079
13,201031014,Beaufort,37839.05247225025,37320.49522373052,39510.11160936722,41926.674118231495,48944.27788649707,45354.65823970037,48542.18937644342,49835.2614638448
14,201031015,Golden Plains - North,41813.65268614515,43143.360916316036,43803.24326791419,45755.692585895114,46708.77956269523,48034.73728457335,50393.67939861845,52791.66706349207
15,201031016,Maryborough (Vicnp),38101.320629159105,39190.839715048976,39450.00543970988,40456.21703792896,40883.45350929814,42842.89009009009,44231.130295995354,45694.080285714284
16,201031017,Maryborough Region,35649.35140815469,36983.67593763169,38189.20118093631,38491.14090909091,38557.65590947192,40631.69572368421,42490.255842062856,44469.15508885299
17,202011018,Bendigo,48021.24961119751,49763.57472349609,50959.69753506741,52504.79826292933,54347.159195904605,55160.81314603764,56943.57079989645,59825.31746631407
18,202011019,California Gully - Eaglehawk,40336.43910130075,41954.109844165716,42755.68338028169,43640.57235890014,44850.034110685694,45857.10410359906,47779.10282942603,49686.57830754657
19,202011020,East Bendigo - Kennington,48835.14834605598,51148.84132936764,52386.978396668404,54023.32566508161,54514.808697937195,55550.73076435543,57893.93340886203,60577.19116927593
20,202011021,Flora Hill - Spring Gully,47467.385986229245,49303.99107142857,49064.01301115242,51326.168351557666,52722.05305532618,53538.22267839687,54870.23306848278,57803.95746254855
21,202011022,Kangaroo Flat - Golden Square,41967.7812946702,43556.28356234097,44457.59630981346,46419.68761220826,47180.948165001486,48010.05375516877,49833.48875717377,51787.252189949286
22,202011023,Maiden Gully,49457.34053275738,51118.425026586316,52207.11821974965,54248.101895734595,55422.91426657736,56980.18362040949,59250.512488144166,60380.95652173913
23,202011024,Strathfieldsaye,54393.55376588022,57426.45938314509,59180.32055022926,61395.92283277128,61389.58928923016,62078.46999263623,64328.66943169785,66427.18591263122
24,202011025,White Hills - Ascot,45790.97798682973,47664.42545126354,48548.108450222375,50257.970801742216,50746.4453313253,51738.81657569664,54303.99557338498,56161.108040859086
25,202021026,Bendigo Region - South,48890.84319953797,49888.97649034425,52417.52462923729,54183.98768225239,55569.832669322706,57423.24964936887,59454.93426916221,60617.22744928787
26,202021027,Castlemaine,42126.238216810685,43742.708242735716,44848.52004603875,45495.94831163932,46477.6170411985,48000.48902706657,50840.92380261248,52122.324257425746
27,202021028,Castlemaine Region,41137.45854100589,42789.42511210762,41706.37825319806,43825.45163398693,45273.8788482835,48155.55888605442,50249.025747508305,51341.405620888974
28,202021029,Heathcote,39319.12212943633,40284.086528497406,43280.95354772843,44158.28180039139,45047.074483421435,46459.90498369819,49636.67479674797,52294.93578387954
29,202021030,Kyneton,47268.20935412027,48725.752660622784,51634.148162182646,51692.28079178886,53299.79851714551,56113.68905472637,58008.95007800312,60982.029183535764
30,202021031,Woodend,57841.993546652324,60276.92751677852,60928.318692810455,63360.607757513484,66262.5319363797,68669.05768766595,70793.4335273574,73992.78594104308
31,202031032,Bendigo Region - North,42158.18198362147,44589.05426008969,46148.33629498001,49372.762359063316,47204.729066199034,50123.95823293173,53185.67850098619,53994.675094339626
32,202031033,Loddon,35570.35482046932,39514.00533857825,40013.43958215697,40470.35661971831,37386.35274888558,43213.99026624678,48535.93419210305,49540.858650374896
33,203011034,Bannockburn,52563.673378839594,53209.90978886756,55112.920062208395,55921.406384814494,57412.03053435114,59878.761745827986,61745.981545275594,64568.49027052682
34,203011035,Golden Plains - South,46343.596175478066,47436.86549547077,49453.94052744887,50917.32928405273,52873.06012738853,54335.14634742243,56477.48403635516,58864.09632503994
35,203011036,Winchelsea,48483.3052662898,49429.06571513529,48701.33613202084,51989.04950773558,52878.79451667609,54166.86756238004,59171.55519742143,62699.08199273482
36,203021037,Belmont,46221.21151374968,48340.48409848679,49791.8515674984,49871.898627376904,50759.221693386775,51749.54548807475,53673.8473501615,56270.980986819086
37,203021038,Corio - Norlane,41551.54507512521,42901.81799942677,44190.583630923655,44756.585514418955,45572.40429925842,46400.62832820141,47322.91852502195,48364.2518106788
38,203021039,Geelong,55307.58352219704,56806.75699323876,58454.987600580396,61518.61607378129,61780.21014584655,63406.1965010142,64680.49056603773,67477.747263208
39,203021040,Geelong West - Hamlyn Heights,51040.00471872687,53671.37923709246,54609.82768804799,56556.0827951202,58308.235939032,60422.245333104984,63101.85571274923,65809.20924846259
40,203021041,Grovedale,46766.938123752494,48516.79193959243,49424.5469858156,50590.02598385469,51566.53514599104,53685.482734614314,55567.33747331651,57797.33850601841
41,203021042,Highton,57020.7650990099,59167.07340631037,59659.56237250902,62642.8564379337,63055.51009717583,64334.298257273666,66088.63260375214,69711.936282439
42,203021043,Lara,53608.515168730824,55388.470725995314,55623.65061153805,56585.8369417425,57985.04234160345,60325.51354301022,62036.01555534478,63782.70784044016
43,203021044,Leopold,48271.71206102018,49507.14958702967,51019.48994569206,52248.81782566111,51720.9715064758,53080.298074351434,55092.51305379747,56566.49725274725
44,203021045,Newcomb - Moolap,42384.31155442496,43982.45088368269,44950.09656801445,45100.845012926926,46081.53839913467,47208.32732060566,48158.82933637863,50278.719537945595
45,203021046,Newtown (Vicnp),69703.07458424324,69854.08137222406,73628.17174019209,76708.56988906498,77265.74363807729,79885.469927096,83647.90285032085,85348.51379259478
46,203021047,North Geelong - Bell Park,47804.28772720868,48746.307271418285,50618.49582985821,52089.665141934616,53699.30969899666,55080.71334096401,56636.190750736016,59181.21415027258
47,203031048,Clifton Springs,46171.29397369226,47490.762373240505,49036.18490345231,49944.723902854705,51334.21985525058,56090.58311822406,55035.791785936526,55927.29116300904
48,203031049,Lorne - Anglesea,45995.37809647979,46380.05456285897,48627.88092229943,49990.27091633466,51307.78863565408,54969.91103838143,56809.029462738305,58665.53998280309
49,203031050,Ocean Grove - Barwon Heads,52785.468697719465,54335.23451966364,56976.243121084764,58666.54794826048,60270.34451759043,62731.846153846156,64214.76305910797,66855.54041319319
50,203031051,Portarlington,41979.02686202686,44031.23470623864,45237.74985163205,47861.585139318886,47631.93675450763,49270.204685890836,51821.594693281404,53903.6815655396
51,203031052,Point Lonsdale - Queenscliff,53192.77270985052,55084.42113564669,57043.216372021525,56436.258633921716,57128.435477731255,56949.253137325206,60223.856800274065,62489.735048446375
52,203031053,Torquay,56781.26715686275,57901.39094488189,61020.17435267435,63363.28369048687,64148.87388568432,64721.349731663686,68033.78910231282,71515.2679323336
53,204011054,Alexandra,38781.35781990521,38556.914444769995,39170.84728340676,41921.9591954023,44043.690235690236,45641.70883644347,46204.5140562249,48414.21641386782
54,204011055,Euroa,37900.866211806584,38598.411097852026,40612.42970123023,42046.85702030312,41192.244967394385,43582.0943814005,45870.014588494356,46405.11364872213
55,204011056,Kilmore - Broadford,48075.83821478382,50284.952403028896,50761.7997911383,52538.41014492753,53586.11165523996,55063.24809415541,56871.431089949816,59376.27890227245
56,204011057,Mansfield (Vicnp),39051.022013250695,39683.56344856661,40695.17397600331,42809.12990692027,44327.981056829514,47336.12619138391,46771.977150287945,49202.50426574696
57,204011058,Nagambie,42017.43163672655,43060.224284997494,44905.1827852998,47005.82874475035,48331.492093023255,50523.236807095345,53482.90762711864,56205.609233305855
58,204011059,Seymour,43619.32810047096,44542.7396956246,45873.72106918239,45848.76806563585,47073.15875968992,48148.2713130056,49885.3433681073,51935.74453632605
59,204011060,Seymour Region,52530.28944723618,49785.68743818002,52533.40067178503,53614.021911421914,51077.69377080361,55077.24321959755,56193.28450106157,58016.09250203749
60,204011061,Upper Yarra Valley,34208.95698924731,35059.58974358974,36649.19540229885,37732.95294117647,40417.705128205125,40517.0,43070.614583333336,45296.1030927835
61,204011062,Yea,40220.895018746654,40927.83427689141,41724.0509329299,44051.81674096087,44683.98452321518,45806.22635962763,47069.5321888412,49592.74822190611
62,204021063,Benalla,41734.068652379225,43333.98303229338,44301.63285024155,45087.07733580018,46545.06094849944,47384.106292673925,48684.28638667632,50342.94238538556
63,204021064,Benalla Region,38081.885222381636,38810.81411192214,41058.878143133465,41925.17015341701,42565.503314393936,43965.01994434137,45395.88449295134,46121.33108412056
64,204021065,Rutherglen,43669.72655889145,45759.22968679074,48054.48119619393,50096.134745380805,50197.1074829932,50129.84622222222,51788.01045296167,53195.79280821918
65,204021066,Wangaratta,43535.88428831747,45613.80975954738,47225.68847072879,48518.51836855619,49351.975012297095,51227.80080266249,53216.244318726625,54320.800987935785
66,204021067,Wangaratta Region,40225.49327122153,41188.3442679558,44685.91100379441,46680.325953678475,46567.0795907751,46916.74324551099,48494.86608177454,50364.154647566334
67,204031068,Beechworth,43343.80811036789,43885.04914004914,46171.693729903534,48342.44766758134,49678.78694158076,49669.04990548204,50023.383875739644,51861.237787356324
68,204031069,Bright - Mount Beauty,38178.29038949066,39082.53952434881,41666.08463949843,43101.405494505496,43428.56025140876,44687.79612257661,46724.4087605975,48315.50865671642
69,204031070,Chiltern - Indigo Valley,45174.7449704142,46103.57049763033,47466.7535653166,49667.880446927375,49831.74757281553,50525.09829968119,52982.09714889123,53354.38857142857
70,204031071,Myrtleford,39138.47435897436,40907.97328094303,42255.91411764706,44529.6534351145,44838.40066592675,45776.23901712584,47691.3853606028,49515.25070721358
71,204031072,Towong,42749.510713237454,41415.679953447776,44243.257749712975,46558.293211637196,48292.14396551724,47641.36738148984,47150.214521452144,50034.33703190014
72,204031073,West Wodonga,46606.28183845391,48194.28244463689,50906.02133995037,52505.16381714563,53464.701608971234,53907.03497843795,54887.05554259043,57813.140745872304
73,204031074,Wodonga,46987.410021641415,48694.45167828766,50410.47394931528,51957.15405589639,52448.98018315568,53330.8623533594,54529.44146057409,56834.77246145667
74,204031075,Yackandandah,48252.8036444775,48786.83980582524,50221.78871201158,52287.2047769582,52726.631802120144,54067.47461752434,54936.41380482829,57182.960346551146
75,205011076,Drouin,43396.98865836791,43959.32475971301,45975.03419811321,47271.91405269762,48051.05810907359,49765.31440850486,51698.357569180684,53202.48745262727
76,205011077,Mount Baw Baw Region,45464.421594586645,45050.15883402737,49289.340718562875,50249.933570581255,50019.10503472222,50079.80763790665,50685.8152114223,52721.62815013405
77,205011078,Trafalgar (Vicnp),49429.01429980276,49662.975751697384,52033.04318936877,53576.92585684309,53125.4014648661,53295.8054884742,54698.0888452303,57124.34084626834
78,205011079,Warragul,48585.25419111484,49059.30757373343,50932.99490560384,52660.64453732504,53105.44576192682,54476.86331192006,56425.22156661536,58776.08464052287
80,205021081,Bairnsdale,43071.701475912,44563.14178272981,45576.32183592139,47291.22838433783,47798.50556064372,47567.2110268603,48730.90178796273,50621.8298314195
81,205021082,Bruthen - Omeo,38458.782507559896,40142.448745015245,41358.55920901357,43571.920404876924,43560.06828143022,45058.71428571428,44547.52873060957,44542.276956055735
83,205021084,Lakes Entrance,39566.67102040816,40581.98902464278,42801.97252747253,43031.09733441034,43737.22459572769,44002.03268101761,44328.54727685325,46725.34212988958
84,205021085,Orbost,38379.70307167235,38720.27794935145,41697.28938302537,42653.19885823026,42313.27661659046,45331.9728694542,42589.26195686152,43739.13588957055
85,205021086,Paynesville,39731.01707650273,41477.56893659846,42348.48552845528,42954.43537630994,43639.956050955414,45451.21678538247,45800.174646190906,47930.65597920278
86,205031087,Foster,39659.94365012616,37098.31992254733,42784.37363109298,44116.241466498104,45396.44333827579,44847.1871140387,44045.473759153785,47090.19791875125
87,205031088,French Island,25760.76785714286,22575.237288135595,20473.326530612245,22725.830508474577,32979.16129032258,27363.683333333334,32021.867924528302,21230.279069767443
88,205031089,Korumburra,42395.16204262163,41076.127790292856,44788.0475035375,45564.91072498502,45759.95774929916,47025.99747032497,49538.128355387526,49776.735949880225
89,205031090,Leongatha,44546.64708745741,43732.25882352941,47549.461197703036,48934.51371204701,48678.867897037395,49073.10865445357,50610.34349245841,53338.40769822941
90,205031091,Phillip Island,41203.411135327915,40772.57238132601,41917.25299600533,42838.812009490786,44175.135446175635,45021.15453639083,46340.514831177024,48135.80808080808
92,205031093,Wonthaggi - Inverloch,42933.48525943396,40933.10548196848,42410.55578827114,44644.10377619795,44740.112867418524,45521.704238591694,47392.474615132654,49340.01181567546
93,205041094,Churchill,52920.29401028704,54494.75117213664,56745.80943617199,58822.75994084785,59032.99501578335,59802.50655658086,59176.94432035737,60666.78311729371
94,205041095,Moe - Newborough,48379.750350989154,50006.16303069889,51882.468026677125,52750.73749676082,54157.13582651604,53941.33898524463,54039.80895030426,56147.56442559561
95,205041096,Morwell,45698.627581720604,47128.398796590336,48379.66352148273,50347.32862903226,50309.02701316465,50456.937128292266,49916.53719008264,50880.30403051916
96,205041097,Traralgon,56592.08734665265,59021.40552439111,59735.30937107795,62000.575391376,63479.08138268917,62237.37009345795,64109.08351893096,66226.1667408585
97,205041098,Yallourn North - Glengarry,55250.60424862313,58339.0932,60209.86340103544,62368.090382387025,62311.15016103059,62654.774826789835,62652.73216329645,64814.16432791728
98,205051099,Alps - West,21836.382352941175,18342.675675675677,29169.470588235294,26420.513513513513,21787.703703703704,30856.166666666668,27803.956521739132,33602.73684210526
99,205051100,Longford - Loch Sport,48516.298407806884,50420.979948586115,54142.47929606625,57032.40922473013,53851.93556085919,55478.79099678456,53400.27837837838,55264.8048886949
100,205051101,Maffra,47039.07029323102,47222.70232686218,49793.31503871756,52159.77985516787,51220.015213114755,51056.24934929724,52197.437362066725,53970.25031605562
101,205051102,Rosedale,47643.86853345989,44057.022128060264,49586.09962928638,52819.27941844616,50816.357630979495,48696.58993435449,50210.5035746202,49545.2424375274
102,205051103,Sale,53076.162560944314,55468.4760300596,57487.09452285381,59059.18474554868,59543.846212217024,58241.35171102662,59497.72602910086,62290.7875
103,205051104,Yarram,43051.5602862254,43207.552593133674,55079.32245047689,54112.12540775643,45827.109886071295,44022.79490909091,45840.08826695372,48524.27801120448
104,206011105,Brunswick,55599.75761359695,57142.33273261247,57814.07229942318,60482.57605057642,62219.859136212624,63199.107603855475,66873.4701856212,68893.15217848874
105,206011106,Brunswick East,56729.08289670659,58965.67882037534,58886.08215848323,61347.61093442375,62428.59185369909,64629.1990437846,67533.5535950066,70496.84629439305
106,206011107,Brunswick West,54723.180661243765,56810.75190199871,58039.52367125363,60110.71121747668,62038.3045703404,62165.994261280524,65111.08580750408,70209.35415558158
107,206011108,Coburg,52155.38738036157,54077.877497407535,55108.506848376936,57617.281378124586,59523.285267886204,61245.659237868036,63488.4102003643,66384.08033964729
108,206011109,Pascoe Vale South,56047.38428030303,58224.359284783015,59553.415087396505,62310.883393501805,64987.98885744606,66373.69120521173,68802.95342902711,72770.17344089357
109,206021110,Alphington - Fairfield,69140.00725990458,68272.14612146723,70622.71759622938,72015.38395904437,75345.43769556415,76515.61324410004,79356.35968379446,84147.74835775644
110,206021111,Northcote,63803.70314362336,65625.32857142857,67211.74307252042,70215.9800895303,72087.41929869795,75051.75377605791,78690.97555933852,82862.89780631354
111,206021112,Thornbury,56188.670183121016,57674.56785256726,60047.59454987835,60950.93939393939,63037.176259637796,65087.75399947548,68015.62142376305,71753.48156701031
112,206031113,Ascot Vale,64140.54203084833,66592.08225388601,70170.56489020478,71349.47266541529,74690.15619266055,76378.1440632103,77927.22379810199,80680.1687647119
113,206031114,Essendon - Aberfeldie,68576.30290135396,71609.05002838938,71885.03492511662,74174.93949401427,75207.8412634946,77348.67345935314,80758.57363104731,82309.9913981858
114,206031115,Flemington,56232.296651738114,57458.87924151697,58531.67764845137,60336.197172186716,60825.736378955255,61353.61712756468,64203.936574697174,67156.22376046362
115,206031116,Moonee Ponds,68691.28289393011,71214.73466909533,72264.12344794652,74951.31481695345,77507.8590185824,78082.73880677528,80195.0761379023,81817.21813847224
116,206041117,Carlton,52771.8504507405,55740.56966765486,58136.811428571425,57510.36159193131,57023.20318111852,56236.914047619044,57175.713953488375,59790.571640840586
117,206041118,Docklands,73182.04513495123,71883.91424851191,72349.1220822838,72972.38649662415,74152.76461769115,68977.58546388299,69259.57881845791,71476.15866110273
118,206041119,East Melbourne,107767.65054378935,104959.95482954546,116888.02946954813,114762.40177827174,122959.5194161388,124057.42220464135,128069.01490975673,132130.27314696077
119,206041120,Flemington Racecourse,62217.73134328358,71078.08928571429,73762.7627118644,79307.20370370371,74293.51111111112,75526.08510638298,61137.016949152545,63637.35384615385
120,206041121,Kensington (Vicnp),65023.541626331076,67156.60028472003,67891.02499238038,69148.73956643563,71706.78907040624,73885.46998163582,77637.64255201875,81060.8316374983
121,206041122,Melbourne,54737.61090882069,54175.859807540204,57011.35810768752,53182.795124593715,53291.893608767336,51260.691671858774,51527.60299812138,52475.51644470605
122,206041123,North Melbourne,56228.1827968565,57668.64050448197,59378.142064042826,60656.16802640022,62713.46838529873,62116.5169999222,65142.05238658194,66722.52372788369
123,206041124,Parkville,63963.501626310084,69002.34709260588,66053.07247340426,67371.13711954816,69758.85621685327,67230.49862107004,66764.93724489796,72420.34882571075
124,206041125,South Yarra - West,102854.73864203694,106726.69960474309,127604.53190973065,122898.80753539717,125078.54464910236,125363.18665254237,135941.31821690468,134432.25930278105
125,206041126,Southbank,71516.08734491315,73231.71668795231,74154.16983349658,73998.47777876342,75284.98455821635,72914.71090758951,73634.22343381026,75070.91505641292
127,206051128,Albert Park,105549.86176257877,107914.69111538852,112261.46104928458,111337.82013499382,115049.00134009763,115980.68635826593,117352.24889043599,120411.92623020968
128,206051129,Elwood,77845.29715229054,78250.7032454361,81065.28355256651,82346.62130121396,85843.25049532975,86143.05897976006,88875.61806699616,92170.60121310882
129,206051130,Port Melbourne,87823.70466266709,93018.6804983422,95573.2629314466,97221.12972024744,97666.83187273766,101555.04192701259,107131.9194168679,107726.5728530363
130,206051131,Port Melbourne Industrial,86036.29166666667,95756.40909090909,83268.49523809523,132566.0280373832,224340.24060150376,116156.53813559322,87256.27272727272,70347.64098360656
131,206051132,South Melbourne,88105.81086292784,87449.13719879519,87265.78492085532,89607.41005878511,93442.8290809685,91650.7351692345,94718.42842359435,94237.48028593768
132,206051133,St Kilda,65741.96547741273,66452.88512777038,69259.88787807184,70021.7812588043,72672.20099704174,70774.03388707705,75744.86671325879,77754.56166918245
133,206051134,St Kilda East,59556.63613306019,60990.11128077877,62108.080469404864,64847.11446769791,66049.4373567959,66864.84023618004,71331.57895173329,73537.30397773777
134,206061135,Armadale,95767.87164128016,99630.9279811098,106694.82398129592,109684.3492012264,113428.64634146342,112884.48797409805,107487.75197195442,111628.92299971322
135,206061136,Prahran - Windsor,69781.19902828388,72231.34485919014,72738.69651935862,76454.7446571683,73899.39821832204,78362.35056014937,83931.950029982,88528.00191419142
136,206061137,South Yarra - East,82858.08343845738,83613.33606904137,90397.98583412472,92141.24501042598,93429.56971825937,86908.76103963277,92512.9230530369,94747.70390855457
137,206061138,Toorak,148361.85729320144,146405.7833957553,161878.3728008089,164155.73566060126,168104.03357870324,175695.92729793978,177644.80048780487,188905.9526362824
138,206071139,Abbotsford,63043.15007656968,65937.74446337308,63883.66601857853,65878.39576923077,69588.38382222223,72001.95726630007,75383.87342755086,78180.84974958263
139,206071140,Carlton North - Princes Hill,71064.87790805881,73098.04939846884,76703.41200570004,80014.5901187812,79371.97001234785,80741.0691960555,82746.62430396331,88806.85022026431
140,206071141,Collingwood,61109.00679916318,62027.973738414,64475.0251727542,64144.0028908161,67309.72169996084,69726.11284661284,73036.3469387755,77705.36645768025
141,206071142,Fitzroy,66487.26501706484,70404.77779599869,72296.41902604756,72607.29290262463,76424.56012901245,80755.11698808848,83189.17238458281,86036.45861733204
142,206071143,Fitzroy North,71647.43462068966,73041.48556323709,76501.9404917604,78387.97226092464,80634.15376820773,83788.25368383827,87613.76347480416,93199.61631865638
143,206071144,Richmond (Vicnp),71717.52742448331,73467.47147979139,77061.59197202213,78976.57025778573,81316.71355599214,83132.37229835372,85192.62959316117,87698.80674698795
144,206071145,Yarra - North,76471.38408037095,79709.6835654596,80797.38008166164,83428.66445877636,85216.97260034904,87735.61137754258,94560.06138356609,99558.33828461907
145,207011146,Ashburton (Vicnp),72097.82434301522,76335.57995010207,81789.9892665474,83773.59612068966,87827.5719200172,92036.1005165734,93355.08717207189,96228.69092395749
146,207011147,Balwyn,81028.17605139014,82777.26732574396,87150.26504097541,87289.27736088101,86645.97818599311,85025.61406133133,86736.0966139124,88497.12414042707
147,207011148,Balwyn North,69736.88136003877,71710.77257766717,72755.70434096291,75665.61011673152,76076.62823984526,79273.87998772252,79364.1021729424,82641.49829780936
148,207011149,Camberwell,87149.62656911822,90295.49050125887,94918.43439082515,97213.1323518694,96747.61383612135,96292.48034502262,97237.17099194603,101490.84435556168
149,207011150,Glen Iris - East,84498.74122299382,87597.04054831289,90923.05685298622,92363.59531456641,95525.74574379012,97747.77947481243,98876.94760360992,102153.45685850282
150,207011151,Hawthorn,95183.80019405881,96672.92910068284,99132.27573322054,98937.71437313026,102143.6495239329,97905.48068877705,99464.66488122962,104363.84595360675
151,207011152,Hawthorn East,85026.31393670183,89435.46891163201,90165.48294104944,92283.45971613441,94955.869828356,94680.49061507364,94262.58771115649,96460.91254036599
152,207011153,Kew,97256.3294988761,100949.9541254555,103845.23714120593,103504.55898580373,106035.07639350202,108681.87638508281,108907.31017355227,112542.47551915766
153,207011154,Kew East,74386.08131578947,76519.63800671314,82586.2006637733,83705.61320990743,84909.7465336901,87262.67311827956,89125.2569047619,92804.69850187266
154,207011155,Surrey Hills (West) - Canterbury,98718.32255253219,96629.21793764988,105272.23315518229,105526.6398988006,111065.49367205543,110484.47787934187,115344.15227006047,112088.4336665766
155,207021156,Bulleen,55098.69794814697,57460.16452074392,58040.05566785881,61455.833307751345,62589.23222104787,62168.675096697414,63983.12256552936,65889.20313849697
156,207021157,Doncaster,51571.68193339743,52618.571391906924,53499.367647058825,55545.03247238602,57894.88347713894,57534.00138739016,59360.695037549696,59387.35421788298
157,207021159,Templestowe,69905.04064352244,71110.7880114177,72672.46595724644,73443.09132633945,73685.73766963033,74004.57140178153,75928.14612676056,80019.2588418545
158,207021160,Templestowe Lower,53977.37769690668,56290.766338174275,57906.37586560657,59467.368968542425,61035.183173319856,62193.413724267,62627.42643635918,65251.924115913556
159,207021424,Doncaster East (North),54486.22999222999,56065.28448275862,57346.986006940555,57142.48332786706,58439.262638447195,58857.73115980759,59890.59575129534,60507.57647177827
160,207021425,Doncaster East (South),48800.21788097887,50623.030406326696,51525.58921274857,52553.54942284729,54297.49929963071,54677.99737762238,55093.978457094716,56764.615884811894
161,207031161,Blackburn,58672.48799062683,60949.132736824824,62465.63021211388,63710.58132387707,65381.65608999224,66107.19756336015,68473.69495847297,71175.59043157297
162,207031162,Blackburn South,53310.022094641616,56287.33467954346,57535.33855526545,59151.832436069984,60599.770733379024,60482.5629678922,61703.98929787579,64623.0716218367
163,207031163,Box Hill,52534.51846473029,54283.449359239356,55332.27841543931,55951.32054901197,56501.707448342146,53861.43963765662,53975.209245742095,55498.47619047619
164,207031164,Box Hill North,56240.03817914831,57688.38063783672,59763.00985872548,61082.123107769425,62142.58168168168,62894.409515554275,64452.66929791976,66472.52544048903
165,207031165,Burwood,50544.12596970816,52698.138694009715,53421.45632956153,53726.21986417657,53644.80857477809,53303.31583909491,53469.74159941306,54444.98324022346
166,207031166,Burwood East,46744.74925477819,49249.62892416226,49256.45572019297,50617.77997967479,51930.53879015721,51965.809720614976,53465.07706976005,54272.18087649402
167,207031167,Surrey Hills (East) - Mont Albert,75736.62370801033,78736.2255183413,82192.9889293057,83759.6251552795,84283.60428305401,86365.95051423462,87698.83835135926,90542.43364620939
168,208011168,Beaumaris,77676.10761311946,80358.25504305768,84378.98479396402,87198.6292838438,89192.9438929169,90673.59737972036,92061.70179420666,95079.7386044502
169,208011169,Brighton (Vicnp),116748.87526059763,118591.84956425508,126030.72304411569,126938.56158433812,128527.20937757757,128677.65920568614,136482.12193477195,137863.81615701717
170,208011170,Brighton East,80893.60742734122,82818.15319509098,85995.13479394888,90497.30468431771,92593.48379582743,95729.69613699721,100389.9847246546,102102.38521325172
171,208011171,Cheltenham - Highett (West),60771.4765294018,63763.09438088829,66158.45662396627,67765.37103577566,70477.7279975929,72158.61657883492,75767.02147111789,78867.27399838666
172,208011172,Hampton,81481.46113884078,84516.91968706675,88631.64819159335,91059.7381197863,94257.99437528815,95771.52200467038,100880.34909155054,103086.85589330562
173,208011173,Sandringham - Black Rock,84670.61128493951,87245.13355148789,90710.70663597237,91971.52685397553,93301.64120997106,96801.03826086957,100966.01775834375,103257.66379082666
174,208021174,Bentleigh - McKinnon,61828.38830897704,66382.63358415842,68627.10268661393,69345.94438965178,70898.50318997222,72884.07608617336,74072.74292209135,77351.97009370639
175,208021176,Carnegie,56431.06527018822,59516.85403944339,61256.34644493129,62798.24744652149,64244.36997647059,65090.278425655975,66872.87681412835,68782.80025115111
176,208021177,Caulfield - North,79252.26389556302,81707.75184603299,86392.23364270921,89897.60950459538,90900.2311296581,93254.40729181444,92597.8355771202,96525.09814486427
177,208021178,Caulfield - South,69808.48278177458,71422.60082885937,74686.98770226537,75944.98775035766,79821.73009316224,80621.72329306947,82784.46234557455,85610.18004282656
178,208021179,Elsternwick,75791.20383763837,77546.4046963328,83299.09024807528,84113.3311303869,85427.712034953,89584.93728132694,90345.89800806859,91653.37339901477
179,208021180,Hughesdale,55469.123222748814,56836.549119673386,59027.12607520275,61188.22800287701,63361.188074475605,64894.14081632653,66808.26634275618,68105.68108695652
180,208021181,Murrumbeena,59056.12760849492,61584.76863468635,62635.97235684796,64523.711392850855,66210.94354838709,67877.88350653704,69958.38575619296,71875.68349576609
181,208021182,Ormond - Glen Huntly,57069.848284086394,58519.286383144754,60835.74611068605,63521.60178212851,65292.060096735186,66701.86257275211,68149.86627579208,73355.46793685357
182,208021426,Bentleigh East (North),55284.33469179827,59215.0437507835,60662.039332683875,62906.08978475443,65214.38112987769,66331.08535060802,68618.3382596228,70863.7668333156
183,208021427,Bentleigh East (South),54409.36486103233,57466.66882204104,58427.2298945061,60364.511023941566,62651.041948931736,64358.93701898409,67722.928765768,70943.7818070818
184,208031183,Aspendale Gardens - Waterways,55077.62954186414,57510.48852266039,59481.295160979374,60693.07739996243,61470.21935605347,63550.70082796688,64877.25591048547,67290.16714133143
185,208031184,Braeside,75205.01324503311,85136.27272727272,79920.5306122449,89883.51282051283,75364.80136986301,73973.25625,88033.0,79890.09420289854
186,208031185,Carrum - Patterson Lakes,59292.03381932963,60891.9422420193,60311.51447272727,63178.42567471084,64370.7342361405,65849.78391058369,68945.25047932073,70123.69005926725
187,208031186,Chelsea - Bonbeach,51686.499546220664,53625.47989031079,54938.444587463,57137.81659719591,59614.69519832986,61711.058949116356,65349.05725900116,66779.91558516136
188,208031187,Chelsea Heights,47880.34347231716,50699.778724855096,52422.479461756375,53030.188971082716,55103.686085219706,55673.21913380737,58104.23812539582,60259.300789889414
189,208031188,Cheltenham - Highett (East),51899.75755254872,54121.12750547414,56079.27648218098,57619.94824132682,59712.701426918626,62832.609033691224,64773.681485730674,66834.54058698192
190,208031189,Edithvale - Aspendale,56327.89254667237,58121.39064261556,61503.90565259249,63262.5821872079,65331.471064663616,67796.88828828829,71181.95818728092,74348.12350646184
191,208031190,Mentone,57504.82819921292,59735.37055636316,61707.46715328467,63452.3714000748,65598.03210952085,66944.51133501259,68078.91107461286,72210.70637505817
192,208031191,Moorabbin - Heatherton,54596.2009579342,56218.08785908996,57774.64765577431,59224.21417133707,61235.649156813335,62469.35533282904,64276.2921572179,67815.61337625179
194,208031193,Mordialloc - Parkdale,58285.90731840029,61091.606883093846,63309.94465072101,65706.02051109617,68029.1498465876,69800.01859637775,73482.26667192802,75133.47423392981
195,208041194,Malvern - Glen Iris,96937.28765625,98413.4229409957,104654.70922256098,107212.92795474843,110207.320180045,108872.74753183575,114117.63604756276,119391.62970146153
196,208041195,Malvern East,82678.00155051412,86103.41152760983,88952.90867210862,92444.91647767264,92240.14509190457,94520.92916944507,98625.29911069338,101672.6991627643
197,209011196,Bundoora - East,47331.99363916731,48925.174557351806,50037.832538622926,50595.728794642855,52573.207359705615,53354.97223237121,56074.46183745583,57561.595258546644
198,209011197,Greensborough,54123.79027629745,55862.40376160234,57504.60244897959,59493.46925670252,61861.467357758964,63308.16547721747,65341.692206790125,68139.38457410104
199,209011198,Heidelberg - Rosanna,58572.61408210501,60830.57772176209,62707.18008802189,64512.09483654846,65732.5633897545,64034.16491343414,71116.69111928534,75051.86068682726
200,209011199,Heidelberg West,46531.8289033901,48157.54970022089,49241.63822894169,50688.08720493159,52692.74989402289,54413.30385764738,56266.48184019371,58067.14622814525
201,209011200,Ivanhoe,70792.21143617021,74457.9024675135,75535.11656095843,81417.97961178607,81343.59144542772,83450.79948186528,88704.62107595715,91079.67704421563
202,209011201,Ivanhoe East - Eaglemont,88558.84639376219,89719.28549111502,94633.9237370782,99063.83257833145,101103.56645041706,105027.89412844037,109674.47042864894,111557.74922993296
203,209011202,Montmorency - Briar Hill,59761.636410574145,61082.48141979807,61854.85354738477,64249.224905351475,64582.845780697324,68611.63992425753,70819.8398191824,74701.26519823789
204,209011203,Viewbank - Yallambie,54837.44011918493,56793.707930367505,57896.7271158823,59525.57958526655,61468.09645852749,63093.796746464555,64717.52122148505,67141.98205709107
205,209011204,Watsonia,51748.470470869914,53839.273365423185,55158.14003164557,57136.893798449615,58455.53058510638,60045.002646502835,61632.734769687966,64366.43292240754
206,209021205,Kingsbury,52645.6821369637,54755.666940620504,55228.05909455128,56238.687028803404,57614.67677902622,56804.30467784643,56811.73895253683,57677.019910799616
207,209021207,Reservoir - East,44050.85414070936,45557.1923390383,46484.97867889613,47755.91829362029,49016.03092250923,50177.921981292515,51497.05643703555,53778.753372735446
208,209021208,Reservoir - West,46318.061229807194,47724.2749358426,48687.8689279732,50163.92370169825,51817.81993774443,53199.94660231364,55123.48608121149,57143.282588218244
209,209021428,Preston - East,47278.138239479566,50138.46514205118,51001.88287671233,52455.17243319269,53737.46219023324,56087.782258064515,58366.94376548307,61329.42808191888
210,209021429,Preston - West,50478.401162790695,53016.6163240068,54284.78387390118,57363.15658731332,59435.561324091104,60989.30632842335,63787.06881096757,65747.59803546371
211,209031209,Eltham,62005.19316697601,63798.645346029116,64881.35441815548,66669.71522908298,69362.04580566472,71145.1617279784,73533.68503676227,76104.591195795
212,209031210,Hurstbridge,54560.05073494547,54557.7072243346,56325.76420047733,55950.800938967135,58655.63492800743,59983.325822442544,64295.927601809955,64704.398633257406
213,209031211,Kinglake,46710.95256723717,50102.47149231532,49775.02026049204,50928.38468854018,52003.606700321245,54016.49889429456,55314.93356797184,57562.849720910264
214,209031212,Panton Hill - St Andrews,58735.08692767087,64101.148763020836,63186.64311299251,62116.73045136681,63572.033260119235,64442.787906411424,68166.24205158968,67835.13777509797
215,209031213,Plenty - Yarrambat,63831.84063470162,66137.74295161852,68118.19371639784,70181.61475953566,71079.02353522053,75060.85152979066,76597.67780240659,77352.82722099272
216,209031214,Research - North Warrandyte,71342.44207920792,71791.15414539266,72133.73618751495,74565.52945351313,77915.08458646617,79708.32779316713,80172.57742369839,82654.10563380281
217,209031215,Wattle Glen - Diamond Creek,57286.62846135324,60083.85145888594,61039.70900553816,62274.30855018587,64015.275424217936,65796.44176120409,67780.71273892387,71000.6291043962
218,209041216,Bundoora - North,49375.419906687406,52498.041951800056,53203.0662139219,53482.21530343008,54954.20942010636,56559.919177427066,57964.815458495315,59119.5788414225
219,209041217,Bundoora - West,44172.13152139956,45775.10834645669,46029.41025641026,47075.159048795555,48082.831280788174,48100.371310507675,49927.22003474233,51511.89292814541
220,209041219,Lalor,40445.2727477986,41906.07761392616,42567.37243686596,43994.98016851624,45108.81185669042,46444.99246562441,47815.44296698327,49054.77972027972
221,209041220,Mill Park - North,47237.42391093901,49353.02566111655,50156.55115801818,51817.232007759456,53221.91027131783,54718.91884521347,55736.73194819715,57394.5859431901
222,209041221,Mill Park - South,45925.31792921907,47892.178481574665,48881.74639855942,49782.50542428296,51092.19283175356,52078.83141147278,53472.14705456651,54840.82335935241
223,209041223,Thomastown,40702.214874217294,42459.32296731878,42619.98384221083,43347.42993079585,44276.02283302673,45131.31981471951,46807.626231465816,48638.30840223034
224,209041224,Wallan,50214.74780859319,52144.25179758513,52715.271347962385,54500.07525601333,56065.63917175832,56480.499012781875,58517.08792167507,60364.97843593414
225,209041225,Whittlesea,51324.10741190766,52045.16576620825,52943.04344712342,54707.928242870286,55653.66788571428,58420.09487918422,61101.18374259103,62589.98228630278
226,209041430,Doreen,55478.971341382516,56295.22566832542,56891.00307301049,57733.396876841485,58860.8638748191,59629.04279835391,62162.67600062054,64131.24337664223
227,209041431,Epping - East,45071.686280582224,46503.76468774094,47007.43574730354,47255.015620351085,49192.91168299459,50103.58523206751,52270.76075826761,54623.4732425368
228,209041432,Epping - South,42855.70734597156,44866.44951219512,44230.017909002905,45610.39583825964,46801.7868548947,47080.16879337363,48547.02776553548,49714.98054644809
229,209041433,Epping - West,49048.52003081664,50051.12172923777,50330.76442206839,51415.670216812476,52060.63076923077,52975.23246492986,54322.916314592134,55603.96329987453
230,209041434,Mernda,52616.84075487701,54038.0931924476,54654.37707920036,55757.73186842815,55815.61639841381,56599.564246369555,58608.57264325323,60825.55681433886
231,209041435,South Morang (North),51844.32290909091,53554.06844827586,54316.2901344565,56091.607032695865,57949.293443858325,59330.14842514023,61329.294117647056,62500.35484309197
232,209041436,South Morang (South),48801.123330074945,50840.06261122796,51652.75750798722,52377.96426914153,53625.16850321396,55537.44231619272,56997.51979913917,58516.778245614034
233,209041437,Wollert,51429.35519125683,52514.71918186844,52563.508468197215,52165.91799608173,52280.03725184029,53210.762434782606,55655.55409885473,57058.79812147777
234,210011226,Airport West,50526.816976803464,52510.48163161895,55197.17099461048,56237.67090096448,58808.647510469986,60758.3890625,63576.2565208019,65203.56918628666
236,210011228,Keilor,56479.82160077146,58509.06188737267,60503.05014299333,61572.60381593715,63480.52600074822,65531.639626168224,66759.49396709324,68758.20629891912
237,210011229,Keilor East,51527.409347908026,53186.51993067591,55044.69441369641,56196.31498711709,58595.80907546369,60288.69288852279,62901.77467361158,64732.18460013219
238,210011230,Niddrie - Essendon West,57441.067379679145,60293.17993713987,62172.21607278241,63811.650312650316,66536.89763779528,67446.64772727272,69815.95083446098,72021.27733154842
239,210011231,Strathmore,63796.41771244173,66346.5201426025,68569.98037153872,70354.17062012877,74102.58173238962,75025.65932811481,78306.4084640989,80320.02084305491
240,210021232,Gisborne,59012.39646123857,59479.64872812822,61949.582485875704,63791.056030389365,66530.36973356083,69010.82040919425,71286.60481778876,73269.1494489524
241,210021233,Macedon,66824.75718533201,68388.6153081511,74069.85355029585,76907.97683587974,75926.15515515515,82834.43867243867,84900.38305882353,86005.35490009515
242,210021234,Riddells Creek,53878.00413907285,55470.52635847526,57388.30932030932,60121.83159163987,61048.06443914081,62927.935722633425,65577.95663750476,66647.43373493975
243,210021235,Romsey,52333.671829822386,54008.3125,56306.81648089172,57397.40129133242,58011.772979170644,61204.12571009712,62830.211332042934,66049.09756926738
244,210031236,Coburg North,47110.53786523554,49784.53723558389,51114.28968466061,53726.903841325635,55705.72091346154,57651.253172725315,59755.7344235148,62421.72982040655
245,210031237,Fawkner,41444.53303880138,43156.01518844928,44045.52247497725,44824.08349080914,46888.29391275502,47834.61748977666,49406.52429059575,50645.64333666619
246,210031239,Pascoe Vale,52897.6764783411,55157.01737435376,56206.61857514639,57657.550683860885,60036.37831435776,61327.301789916564,64174.16878739941,66616.98355628058
247,210031438,Glenroy,43190.055561468864,45363.26665281098,45819.41958742239,47287.08111981655,48891.37158123528,50126.74822368971,51597.51031375958,52922.9689514635
248,210031439,Gowanbrae,56917.9501216545,60895.981370192305,61070.80725758477,62147.53618992472,63902.94114252741,65536.41736227045,69212.72599023332,71189.26904376013
249,210031440,Hadfield,44187.576,45781.59642147117,46871.576197957584,47417.829118773945,50758.654241156335,53617.117013639625,55674.20060585661,57747.20390524968
250,210041240,Sunbury,53330.37748893805,55428.691724137934,56559.887118923376,57627.56356557927,59326.53771836951,60472.884915059396,62312.64467952707,66105.90232953167
251,210041241,Sunbury - South,51694.482596959795,53351.981650071124,54449.61316671321,55399.960249781776,57265.519808787896,57770.50331623076,60086.26971202778,62354.872231395544
252,210051242,Broadmeadows,36815.103701945896,38095.71577205013,39141.148444647755,39138.70066853569,39778.159263050155,39928.862957937585,41320.37889210717,42127.795216741404
253,210051243,Campbellfield - Coolaroo,37648.155143957454,38406.33641575735,39456.232634457614,39539.093971631206,40884.02825637491,42681.60975203861,42703.16248223591,43784.46308310164
254,210051245,Gladstone Park - Westmeadows,47942.83904250929,49341.91716773792,50379.53536610662,51625.49515863205,52529.07027684819,54158.61720169594,55798.53002070393,58060.227798470885
255,210051246,Greenvale - Bulla,54218.470656520054,56746.055965021864,57731.7573202155,58806.9130719668,59686.99538082529,61184.39795144158,62772.89192345701,64890.367997229194
256,210051247,Meadow Heights,37557.84095274683,38745.075033842586,38363.50781845919,38786.50875273523,40621.12852435005,41252.152928416486,42233.255972101135,42973.208108108105
257,210051248,Melbourne Airport,43277.63461538462,44194.183673469386,63443.232142857145,60285.93220338983,54253.42,62576.296875,60465.54838709677,62742.8253968254
258,210051249,Roxburgh Park - Somerton,42677.551379990146,44638.41642512077,44761.53535705978,45638.41949104188,46364.17618198037,47044.17356980642,48045.33506731946,49417.79965224111
259,210051250,Tullamarine,47698.68550228311,48538.860125858126,48878.64405336361,50120.28815937149,52443.21174477696,53304.61736150771,55024.09900442478,57393.09421667119
260,210051441,Craigieburn - Central,44836.29328196484,46240.69007670182,46560.33262057496,47029.49964928688,48781.98447276941,49549.676369470544,50970.10298407,51786.18499554764
261,210051442,Craigieburn - North,49466.71945320715,51081.09988085782,51872.8849002849,52115.79696531792,52999.288411571106,53312.66524169681,55000.97804915752,56592.60445640796
262,210051443,Craigieburn - South,45591.584610421036,47552.98541862653,47298.358228397745,48720.1205380927,50048.87302167032,50650.90627092167,51742.6490718656,53242.83276115743
263,210051444,Craigieburn - West,47918.62727597287,49411.029800466444,49188.98349494533,49786.16704845815,50703.531699198065,51004.00600240096,52322.970823244556,53509.699560698595
264,210051445,Mickleham - Yuroke,55725.612040133776,55042.30973451328,52064.85578747628,55278.24262536873,56985.26495726496,57858.280949326494,56712.48392778511,57508.17395817885
265,211011251,Bayswater,47152.42163833076,48404.974961832064,49025.04761182714,49781.704464813716,51401.5654038599,52116.53639082752,53822.372309801234,55155.09006835545
266,211011254,Knoxfield - Scoresby,48689.387674714104,50300.75842276017,51216.453282517825,52430.148196643255,54480.983895088,55620.84885764499,57632.27391487569,59266.88937159022
267,211011255,Lysterfield,62413.574556069085,64144.6411722659,65968.48525595659,66993.64593967517,68254.74292826431,70468.04709821429,73149.34881161971,74330.60427218674
268,211011256,Rowville - Central,50792.683521004765,53825.13294607628,54601.929868435356,55373.983083719424,56748.746098692536,57341.731528127624,59140.577903975216,60538.35735309043
269,211011257,Rowville - North,54029.58969383355,56208.422049956935,57360.272982304705,57723.11016243232,59155.666666666664,59851.8802,62101.50593589236,63521.71448248721
270,211011258,Rowville - South,55538.02407407408,56743.54113289088,57383.06328538986,58504.95513296687,60338.28822055138,61936.99316363636,62929.19245717576,64507.65007132668
271,211011259,Wantirna,50844.672920065255,51885.24778552025,52518.97271972483,53130.91114245416,53554.65207775579,54897.65405914929,56387.005615402246,58058.513739681104
272,211011260,Wantirna South,51696.13871421868,53167.82107355865,54448.742719819056,56745.921422586354,56448.4304800516,57114.65341682548,58190.0239371204,59390.858657243814
273,211011446,Boronia,46695.14277355179,48237.242704685676,49322.10039177277,50384.51071889104,51692.494551817384,52485.41842982252,54522.11013249021,56941.87165178572
274,211011447,Ferntree Gully (North),47592.872933211824,48824.54057608839,49879.93933489218,50991.079649390245,53218.14873218115,54242.567963555775,56007.2673894506,58174.78694864048
275,211011448,Ferntree Gully (South) - Upper Ferntree Gully,48027.26745272006,49537.42606635071,50990.748972160225,52449.74968321622,54102.90543189943,55085.975692099935,56941.179616438356,59193.635059931505
276,211011449,The Basin,50903.742661075106,51128.700666928205,51956.94390338917,53884.23504273504,57055.656885758995,57941.44596651446,58701.038389160705,61091.32488653555
277,211021261,Donvale - Park Orchards,66069.02919107823,68950.84405940594,71817.4206316653,71993.26831218148,73650.82044418005,73971.70311581422,75885.69984700708,78219.41239377447
278,211021262,Warrandyte - Wonga Park,74095.2134516581,76164.51288738877,77847.42333333334,78958.78978534418,80970.26706143597,84299.87233102636,85193.42313302217,93733.35124816446
279,211031263,Bayswater North,49460.5435603201,51127.24125874126,51776.13669492786,53611.99008435696,55062.091253644314,56324.05692680839,58008.003370786515,59653.2897531375
280,211031265,Croydon Hills - Warranwood,55925.67540620384,57803.27511763078,59090.713922441195,60845.55265269728,62294.672732021594,63647.6042170757,65765.34655496666,67833.31027735239
281,211031266,Ringwood,48976.469789696224,51217.76676287744,51438.04465935021,52528.73405926081,53643.88375893769,54645.89028056112,57209.24097189138,59805.02019549981
282,211031267,Ringwood East,51449.24526447462,53089.28201904077,54787.08100484795,56319.34746351633,57598.088232784365,59037.752208006605,61541.57892176733,63755.41454632741
283,211031268,Ringwood North,56306.47865481791,57803.76847205399,59624.333102971665,61509.92308992563,63355.34242274005,64903.11643161692,66751.78439391461,68585.36964980545
284,211031450,Croydon - East,47630.09428534066,49286.15068852459,50610.84381806534,51900.15265950882,53083.540085898356,54370.36713528463,55945.998415034526,57836.29932723062
285,211031451,Croydon - West,48643.06633180677,50880.596894767106,53597.80931545519,54646.34272554863,56080.91737626397,57937.57223650385,58979.250093597904,62047.775951557094
286,211031452,Croydon South,48835.73753894081,50623.00690978887,51444.47143397654,52313.83531598513,54613.2883480826,56605.93591160221,58821.645021645025,59391.43026913667
287,211041269,Forest Hill,48345.56632290185,50117.958151700084,51864.903875968994,53046.90222521915,54660.529848229344,55584.73295081967,56685.20597062076,58771.66162010301
288,211041270,Mitcham (Vicnp),54322.538889507065,56169.925329587204,57919.1295033042,58693.67749275962,60799.880906016195,62011.86189207852,63593.02482785375,64867.65940183036
289,211041271,Nunawading,54302.78667736758,52672.2698741437,54844.92924826279,56511.5799031477,57595.889661426845,58876.32793928111,61161.54809032618,62970.081652257446
290,211041272,Vermont,51678.469824679705,53759.165790812,55103.999167637754,56209.03819784525,58028.74591236102,58903.03932762449,60317.079644638405,62731.90841927043
291,211041273,Vermont South,54755.08812154696,55674.588788927336,57661.67448639645,57296.5537619699,57347.5068266446,59614.63434151634,58813.41704394141,60989.37298148878
292,211051274,Belgrave - Selby,52547.785677574095,56827.072755417954,57724.45853242321,57829.41546942867,60101.24752641288,62727.35877491492,63939.00759166532,65761.89830508475
293,211051275,Chirnside Park,50596.798070175435,52005.489320728295,52654.12991512212,55581.7352393842,56400.658993752055,57777.75150486186,61025.0677314404,63007.73391230068
294,211051276,Healesville - Yarra Glen,45973.489344149595,47834.54524137931,48647.76477009142,50435.42572296316,51926.16565629942,52092.493045017705,54324.48367952522,57853.38645807871
295,211051277,Kilsyth,45555.67295980512,47446.69012345679,48831.079291607966,50554.65421115065,52338.58878135493,53600.62952488688,56374.01799962887,58563.84935543278
296,211051278,Lilydale - Coldstream,50522.37492920521,52146.38848650174,53860.34833550307,54572.03415069104,56679.69235577782,56658.17247097844,61265.76465494848,64198.631506138685
297,211051279,Monbulk - Silvan,46331.05918727915,48378.17462199822,49821.42878338279,51671.89163996505,54301.24745269287,56034.55590506148,57893.46495392348,59441.12472160356
298,211051280,Montrose,52049.703637751205,53787.710002584645,56147.28312798592,57432.66857142857,57487.01801579467,58636.62038621364,60518.274481427885,63959.965138956606
299,211051281,Mooroolbark,48407.23236822569,50190.37222267771,51585.8163315151,52451.452112120016,54536.70284197377,56125.200894549314,58240.03978878477,60458.05889272848
300,211051282,Mount Dandenong - Olinda,54979.97814300237,56056.924121541335,57642.701137714386,61502.418720852766,62165.99353448276,62514.4350254641,64484.96211872745,66833.35710764174
301,211051283,Mount Evelyn,48138.30860754787,49367.83336432955,50432.25263349074,51878.31585451977,54261.74300389656,55022.02605416524,57466.96235734969,59570.54467871486
302,211051284,Upwey - Tecoma,50182.9320799458,52680.0405634759,53928.24898989899,55757.01449758374,57484.01902854281,58940.21126074964,61181.95729250604,63843.034992842375
303,211051285,Wandin - Seville,50425.35986159169,50506.97537058153,52672.438942415414,54420.67885117493,55506.25306553911,56817.6589785832,59850.70203252033,62362.701254730135
304,211051286,Yarra Valley,43362.85470187597,45171.735088985086,45088.68639618139,46264.39981532779,47804.35342372109,49382.647970562,51519.08139661757,53040.93640937801
305,212011287,Beaconsfield - Officer,57401.45992217899,59539.994880234044,59640.40807776102,59703.82531089978,60094.30507394187,60919.61648627966,63819.287186337184,64565.98750209696
306,212011288,Bunyip - Garfield,46349.669484361795,47641.31773139363,48753.89584199584,50989.11768280332,52241.71326164874,53569.651203079884,55563.37368323785,58390.10023351895
307,212011289,Emerald - Cockatoo,53242.57198595396,54075.42436188036,55906.30752083737,57451.20659361421,58802.058773584904,60039.62204943071,62740.922479202854,64351.67998204668
308,212011290,Koo Wee Rup,44298.88009721847,45186.150191152374,45962.250536480686,48738.08691206544,50963.285957653934,52552.00626304802,52631.781125387686,55405.83725247525
309,212011291,Pakenham - North,46152.70986540863,47719.13455191673,48393.93594894824,50395.493415956626,51323.94542324828,52500.673944268885,54167.39154776955,56385.844739352935
310,212011292,Pakenham - South,46650.3441220862,48524.16926645868,49904.50266646351,50788.33108495981,51603.33468993585,52076.05724519701,53761.15733184965,55195.016467510846
311,212021293,Berwick - North,56841.020747520975,59053.503849378765,60244.66161424782,61252.9649408284,62276.829195048704,62973.78393011839,65385.60163876024,67503.54141990724
312,212021294,Berwick - South,52955.895488661125,54584.30417639012,55535.61381733021,56607.02221894146,58457.71154388936,59411.066662127196,62656.05016700504,62947.06907132569
313,212021295,Doveton,37326.41466922339,38218.74477791117,39453.77405759775,40217.59260089686,40422.297952361056,41075.2293977813,42826.74829545455,44332.86909753874
314,212021297,Hallam,44317.266818267955,45586.86325599087,44914.21860902256,45954.1693200974,46889.757647920866,48566.451314596554,48717.96091549296,49649.80918666897
315,212021299,Narre Warren North,64819.74759284732,64413.57696591668,66234.07391209272,66626.0,68147.11678535097,69623.81295530616,76892.79209284029,75165.8144989339
316,212021453,Endeavour Hills - North,47693.48926089703,49618.06010069226,51039.15923261391,52217.076092062,53409.30964467005,54143.58942337342,55216.97111375819,55831.83873833852
317,212021454,Endeavour Hills - South,45658.661441180346,47001.06565520945,48003.62551714934,48526.37766027759,50725.62215280489,51397.86548718616,52261.739230474246,53386.55195889531
318,212021455,Narre Warren - North East,46729.562491232995,48315.86099410278,49050.76418488791,50283.24315903549,51830.209139997365,51939.19040847984,54306.574144486694,55700.00850212553
319,212021456,Narre Warren - South West,43964.05998835178,45488.114361311185,46083.63436123348,47266.19885968572,48381.740811586285,49223.712310555704,49910.862413528055,51179.62781720832
320,212031300,Cranbourne,43390.82115998764,44982.72607157719,45304.800491350186,46225.38769414576,47212.440652111734,47947.78472024993,49556.4591780317,50926.06065262587
321,212031301,Cranbourne East,48838.4441373865,49908.61760124611,50485.572281086344,51666.2494000192,53034.53915208208,54499.589914910626,55599.40995249518,57299.05448147862
322,212031302,Cranbourne North,49871.98460401527,48516.75228402914,49293.544987988644,49856.80259424402,50871.30038741378,52311.79385850127,53835.44561231972,55382.33976744186
323,212031303,Cranbourne South,53387.901015828014,53876.96907675195,55208.68752633797,57294.72452229299,59078.74627435995,60547.6487544484,62305.38586345381,63115.41575610414
324,212031304,Cranbourne West,43922.0348468849,46420.378624218305,47553.48358059677,49097.185254653006,50281.53563446734,51172.94474527572,52341.95819604613,53614.77393617021
325,212031305,Hampton Park - Lynbrook,41757.57387907609,43202.97718663187,45464.04975238095,44866.37628407344,45537.0113150815,46355.624766209476,47768.8455932076,49343.287044564335
326,212031306,Lynbrook - Lyndhurst,49931.436096976955,50898.83335661405,52696.10796743628,53290.838021950294,54455.70429654591,57185.677315928086,56741.600984144345,58091.32274300094
327,212031308,Pearcedale - Tooradin,49640.64179104478,49862.93858231355,51341.27334851936,52513.73597506678,54312.45824223874,55724.99957264957,59045.43695698241,61899.960175145956
328,212031457,Narre Warren South (East),52750.59897683672,54595.082482993195,54771.92994895065,55380.465846994535,56947.7511686924,57894.35840649981,59237.164327108825,60031.80404551201
329,212031458,Narre Warren South (West),47239.97563055928,48648.45979837718,49193.34540560382,50206.29572349151,51743.58006460545,51862.4813437042,52889.32860781925,53875.683049917716
330,212041309,Clarinda - Oakleigh South,45838.59629981025,47923.16954250435,48416.53588143526,49361.122877431306,50894.210550458716,51783.46565230491,53359.17842323652,56551.72118847539
331,212041310,Clayton South,40443.91556130702,42365.37219371392,43179.387172284645,43562.480120030006,44841.49376299376,45684.53285816108,47345.20018822264,48608.17061611374
332,212041311,Dandenong,38538.5240705842,39944.83004552352,39412.94325265118,41083.380251620285,41195.279526154285,42501.58938244854,44205.284372990354,45907.6068488847
333,212041312,Dandenong North,41330.99102132436,42892.60126642094,43646.61608133087,44792.298810928565,45530.05909050458,47032.86014046649,48722.32242950847,50070.57784978398
334,212041313,Dingley Village,52974.40246601328,54069.46697659506,55056.84120651133,55913.060500475134,57114.40547772706,58625.50163525931,60171.53167701863,62320.338223938226
335,212041314,Keysborough,46107.26717902351,47573.62484921592,48890.513258353174,50346.80797266515,51544.07768839966,52990.490631000466,55822.62878883159,55645.71713362069
336,212041316,Noble Park North,42711.46331521739,44623.904867256635,44934.26581591094,45570.23341391351,46359.628556235046,47407.482072755825,48684.45123203286,49561.6647557328
337,212041317,Springvale,36381.5439837137,37805.45396007727,38964.543387321675,39915.27386831275,40074.67804356282,40441.95050959508,42139.07416990082,43017.45298935299
338,212041318,Springvale South,38269.38268485767,39248.741035856576,40108.973750631,41277.24437879534,42128.82949889694,42776.88243559719,43908.62701252236,44576.40971014493
339,212041459,Noble Park - East,39462.06651045422,41305.43857777778,42086.461444521985,42447.16729663106,43804.572789753205,43924.46091765058,45110.30728945506,46528.09923149522
340,212041460,Noble Park - West,37790.46146293569,39454.13431908549,40201.98488147073,40769.4435334873,41937.98627078915,42015.034938219,43145.11339071257,44169.80015226494
341,212051319,Ashwood - Chadstone,52994.18758085382,55781.467544684856,56493.939198195425,57887.37771520515,59965.81745953899,60464.257321790385,62564.012134632416,64346.27392232181
342,212051320,Clayton,39814.30463576159,42191.69632404589,43958.6843384651,44557.99587789661,45881.774724663475,45294.71406184705,44622.12049821377,44291.83484081042
343,212051321,Glen Waverley - East,52770.01951880178,54370.93223720967,56181.01101796407,57308.39528279562,57577.77817431993,57032.383418092155,58081.66839183919,59969.3697149204
344,212051322,Glen Waverley - West,49669.25166182942,52032.38440007464,53770.59901496144,54942.89345828405,55974.046839881325,56209.25615377925,57462.12366844208,58105.69780044629
345,212051323,Mount Waverley - North,54968.239663093416,57359.88716424483,59389.88818380744,60436.86817346166,61627.365579903795,62027.40492447755,62757.12689489007,65772.17935420743
346,212051324,Mount Waverley - South,54588.90219790767,57259.10578117535,58549.23168093312,60097.99242214213,61544.480597821195,62080.99505165379,63883.411387663364,66472.28784736624
347,212051325,Mulgrave,49837.03433022406,52205.93702143951,53412.743437764606,54180.15435684647,56305.79399576388,57227.81629522693,58047.43366530322,59298.84551148226
348,212051326,Oakleigh - Huntingdale,50413.84062360802,52560.952589223234,54252.374199134196,55849.601949152544,57566.18243466755,58785.260866116754,60602.47330152238,62619.201042278335
349,212051327,Wheelers Hill,58925.33264205724,61069.54973646783,61619.305899851264,63294.65175875296,64260.70554461942,64230.47476378907,66879.74299653762,68610.03240921516
350,213011328,Ardeer - Albion,41376.52008032129,42634.98408018868,42814.241912396225,44318.43449375498,45368.631287726355,46638.822282474735,48816.09306180441,50077.957803081044
351,213011329,Cairnlea,47665.08700345423,49575.252586206894,50440.4131661442,50220.955197132615,51355.74573018614,52139.94784071789,54391.44177516963,54470.17513921322
352,213011330,Deer Park - Derrimut,45926.676118626434,47450.60672070247,48189.86324926302,48828.71750788644,50357.759525825575,50950.33177048448,52634.338485091495,53965.72108215579
353,213011331,Delahey,43188.1858190709,44224.980315917375,45222.710038986355,46128.892581324595,46682.11848124428,48203.05115436849,50446.18445945946,50782.801801801805
354,213011332,Keilor Downs,46618.65226840533,47746.739754381124,49132.99403192227,50040.34801039245,51525.942135289326,52924.58187015108,53879.90513029316,55820.075274578085
355,213011333,Kings Park (Vicnp),40202.83392107473,41666.08971291866,42193.569580962234,43171.370128784074,43745.948169744086,44438.25251879098,45975.98707294552,46225.56023002421
356,213011334,St Albans - North,38431.740777791674,39255.44490254873,40023.54149224329,40164.134664797944,41248.12988872976,41718.59472729213,42113.09853059582,43681.61824971275
357,213011335,St Albans - South,38481.43634064081,39769.46789254418,39800.39087218256,40200.96321562333,40985.24921671018,41241.05036331747,42876.08793969849,43468.039493730226
358,213011336,Sunshine,41244.46966292135,42997.0842057351,43700.62434325744,44873.22860686234,45576.51803024428,46975.25706747079,48530.34945758492,50118.673923965835
359,213011337,Sunshine North,39924.5989615784,40835.443663427744,41047.92122408687,42069.25308056872,43410.82234332425,44155.077680140595,45527.61437583002,47322.425087108015
360,213011338,Sunshine West,41769.43057558673,43588.74067862211,43522.66642102678,44511.4004954583,45098.82894885401,46261.87952464021,47974.25988111378,49128.7336519882
361,213011339,Sydenham,47182.09261658031,48484.84945889194,48841.7306232205,49907.46588966589,50974.63474856971,52298.56832390592,53948.51861585633,55512.40794379122
362,213011340,Taylors Lakes,51465.725424361124,53018.56913362429,54818.61605745327,56362.29119019303,57854.130551096845,59645.570663811566,61177.38752447055,63462.78801927098
363,213021341,Altona,53650.621260528605,56677.359224694905,58832.478248666856,60523.3240578144,63486.53613666229,65343.701390644754,69301.49949634852,71989.43381714428
364,213021342,Altona Meadows,47894.7315733693,49950.22520133569,51046.50590721353,52065.44162870159,53879.01323501607,55383.85730274203,57685.86062621225,58832.281753294286
365,213021343,Altona North,49073.38783397748,51067.23634840871,51366.850636942676,53867.36253117207,56631.30802700675,58727.7183058556,61390.62192790824,65401.63854622629
366,213021344,Newport,64055.67087265402,66402.18070792797,69088.15299828092,72131.98665620094,75204.01430069597,76881.72894808868,80219.0372681883,83403.16457123039
367,213021345,Seabrook,52016.70952023988,52419.76420975431,53181.09515260323,54965.72469490309,56982.61372619475,57349.02510460251,60248.76650082919,61170.79701986755
368,213021346,Williamstown,74167.35021576198,77761.15224448673,79946.40870801882,82818.69846385218,85094.30899937067,87460.32495363693,90668.08943577431,94349.83494189482
369,213031347,Braybrook,43181.041891891895,46128.874309755454,46383.82633442955,47350.66083874778,48695.987411660775,49839.1363918807,51529.89431054919,52894.58767417937
370,213031348,Footscray,45490.637283621836,46902.3375,48180.39193393968,49953.91113105925,50886.65590947192,52663.61255935653,55518.79985364069,57700.779046102114
371,213031349,Maribyrnong,57558.15378498728,59016.87305978177,59732.89040082828,61103.50244311043,62095.75474200823,62566.33158943697,64646.07778047008,66404.06425891182
372,213031350,Seddon - Kingsville,59895.55632823366,61713.78447596532,63637.308370044055,65726.38267482842,68693.74149286498,71878.28893513701,75083.30171389785,78218.10718433715
373,213031351,West Footscray - Tottenham,48643.22475570033,51242.27788877789,52317.879788427636,53791.7868852459,55181.7647755888,57403.85708178968,59885.209127038506,62995.024916722185
374,213031352,Yarraville,63528.34628399549,66799.31520137524,68348.07280334728,70906.0552154326,73603.72522373218,76250.24190929755,79584.88994207478,83129.93854231006
375,213041353,Bacchus Marsh,51643.96644777345,54244.72085336538,54730.030250648226,56788.31291512915,57891.990188135744,59609.16137273269,61649.9321950821,63287.66092581047
376,213041355,Hillside,51589.777442911785,53774.75100851636,54862.60151076159,56371.1904536862,58097.03320968027,59363.368030669226,60104.54337312982,62403.916769554795
377,213041356,Melton,46371.53289400201,47027.14978974884,47848.619398815514,48924.37598770852,49934.436046511626,50733.00921052632,51938.155517206374,53740.494959576805
378,213041357,Melton South,47528.25943942553,49116.743931512785,49950.05257247856,51037.733155690905,52228.058090185674,53067.49925366582,54595.89587788511,56150.495654554165
379,213041358,Melton West,47514.39602146316,49032.65751334859,49871.267848350566,50587.53845247909,52062.41515426497,50052.8894834328,54309.55792009637,55312.07505265173
380,213041359,Rockbank - Mount Cottrell,44269.7085650723,46830.919337016574,46374.78333333333,44269.38470191226,45895.214360041624,47869.722482435594,62969.30758683729,57007.51707751708
381,213041360,Taylors Hill,51766.00357824427,53770.32626390003,54797.79426625659,55529.39116915423,57623.241699465136,58906.72499034376,61123.48848934551,63363.928820399924
382,213041461,Burnside,47044.43462246777,48353.673193473194,49079.77742083524,50131.25408426483,51799.245548654246,53419.21966205837,55618.78878990349,56442.06885479843
383,213041462,Burnside Heights,49598.98343761502,51727.074572571844,52702.29026671285,53845.070997990624,55035.150586701435,55809.75607505383,57828.975676497415,59329.174612459785
384,213041463,Caroline Springs,54265.183326289094,56300.75623409669,56615.822349570204,58065.07330845057,60033.456831831834,60706.44497435436,63092.02907801419,64055.023850823934
385,213051361,Hoppers Crossing - North,49066.71900439787,50554.35332146538,51031.88931440314,51837.0380680247,52778.33860354597,53594.74222936763,55028.50656053184,56364.96096410794
386,213051362,Hoppers Crossing - South,47171.68815802667,48087.09421031096,48482.19546858908,48852.418179983855,49583.693379790944,50331.125012076125,51319.3516204791,51932.68469790043
387,213051363,Laverton,44954.460191082806,48545.52015900057,49497.894044665016,51349.578617710584,53118.55943639611,53965.828833506406,55309.93450199203,57128.331031506255
388,213051365,Tarneit,50374.768822429905,51656.35984040724,51925.169868940065,51974.48121006039,52736.2,53405.48951152255,54320.62821357943,55001.88117684029
389,213051366,Truganina,48636.196716327155,50102.64680174811,50674.64049108177,51184.02111776839,52084.770872621295,53233.146948391375,54134.13276798728,55424.77977514931
390,213051368,Werribee - South,50478.57334002342,51656.59325429955,53288.53821972204,55336.23897468556,56628.142387218046,59566.34567544113,61353.008481421646,63382.225287907866
391,213051369,Wyndham Vale,50036.201475477974,51816.17665085014,51786.88054478388,52419.90199928597,52906.332692643715,54340.39934170239,56229.12626516402,58036.335578891754
392,213051464,Point Cook - East,65837.56169604574,66635.34612211221,67262.47290549288,67821.80222517437,67389.42636377685,66412.70613427385,67071.36463469296,68716.25354251012
393,213051465,Point Cook - North,56652.83981506663,58262.743200069075,58979.55653575367,60393.55014653208,61647.82244947258,61907.135869983824,64151.74012986044,65143.90628429293
394,213051466,Point Cook - South,57345.15018158513,59306.33740787345,59430.89865708932,61248.675910364145,62958.79425714652,63736.99213406293,65866.53224594913,68220.5245917961
395,213051467,Werribee - East,45339.42694038863,47257.93070397709,47966.760171541675,48045.84897344942,48847.48641560894,50169.25937595284,51518.69785169785,52952.81233506011
396,213051468,Werribee - West,52141.77556771092,54886.93307807558,55024.8033964729,56662.03277403168,56574.919976463665,57212.2905982906,59280.7913965822,60819.765613819894
397,214011370,Carrum Downs,45511.680264926086,47379.76115460806,47867.11848209315,49476.57943504858,50903.922267421294,52675.52724317851,54304.63836041479,56480.41344309463
398,214011371,Frankston,44700.48961833376,45870.90611777151,47278.20766464966,48820.989241803276,50153.86052009456,51374.45328748055,53259.20031201248,55330.91927810919
399,214011372,Frankston North,40384.704975631874,42244.12419146184,43418.02150412647,44484.94180318479,46155.77134925042,47373.46918859649,48577.289523409614,50400.92200528778
400,214011373,Frankston South,53503.10790071997,55559.21143289797,56334.80277205469,58368.377097009485,60479.455386827205,62647.93587896253,65366.60809608541,66991.81081319456
401,214011374,Langwarrin,50406.87243735763,51808.13153342859,52681.49091305612,54105.99270124219,56490.78055995047,57629.852198892004,59972.14663896522,62128.39519592056
402,214011375,Seaford (Vicnp),45821.43772039586,47198.91194896913,49146.689261668376,51113.91610178909,52798.93197058187,54633.47585620081,56527.9057270554,58360.34654889072
403,214011376,Skye - Sandhurst,54278.34994681659,55979.32077100115,57690.325452785844,58985.32770498447,60864.86433656958,62009.562578854406,64367.384966674894,65812.665333818
404,214021377,Dromana,46849.66864256076,47982.45143613001,49682.76388140162,51659.509506337556,53257.1642642167,55235.43113332353,57195.03488535659,59786.69071448429
405,214021378,Flinders,63789.36140152586,70856.40341880341,66489.65353896999,71278.17434924078,72129.19488026424,75861.08252688171,77756.00026329648,82178.56047745358
406,214021379,Hastings - Somers,46683.08853672424,47391.935025858016,49478.95113678034,50660.639148861024,52497.11516264428,53956.962922573606,54913.14355389368,56870.599382813736
407,214021380,Mornington,49574.75087301587,50799.28784060482,53760.44350152905,55844.93475655431,57246.53898305085,58593.72141093475,60236.428778068606,62274.86951235985
408,214021381,Mount Eliza,67975.03336448598,71256.75905644482,75347.00735773494,76526.58059299192,80314.49197002141,81582.8901978022,83275.17995013327,86317.29926129531
409,214021382,Mount Martha,56175.160484185864,57704.85769120046,60185.88058587555,62303.793514892066,65677.31108709358,66614.84802968723,68705.53041006203,71478.395117006
410,214021383,Point Nepean,47877.87556154537,49673.551341760925,51971.6774297017,52865.56240369799,57055.9118415762,59717.17360296991,60283.69552098067,61550.65336056443
411,214021384,Rosebud - McCrae,39579.98379288571,41055.19541303445,42342.006386213885,43618.33943168548,44984.873661055855,45523.91516378358,47756.1264450867,49287.02765058119
412,214021385,Somerville,49251.00695316272,50784.240245207744,51686.787009780644,53263.51788018433,55029.70045330916,57071.4708937847,58975.6031591952,60475.14721957144
413,215011386,Ararat,41364.03709162368,42909.811428571425,44165.374415744154,45508.44142156863,46667.405585763714,48022.59679378188,49151.37646782527,52280.05577972941
414,215011387,Ararat Region,41941.258830022074,43026.2415885273,47844.732739420935,46190.48302300109,43248.26801310044,52624.772357723574,50571.4190628328,60455.620105820104
415,215011388,Horsham,44524.5121026213,46659.57332886206,48541.148033924444,48233.5144533797,48270.32832898173,50606.67274259825,52518.12442779858,54820.706775459614
416,215011389,Horsham Region,42724.071329958584,48851.75901414879,53622.2881508079,41665.249773755655,34273.10223048327,47771.79092970522,54218.77864344638,58755.21418949259
417,215011390,Nhill Region,42365.34958739685,44483.28356687898,52303.86489963973,47671.42341413099,37436.90066225165,48226.24136111844,56733.416098584166,64105.30737809548
418,215011391,St Arnaud,39750.62849740933,40199.42735042735,41804.6612223393,41146.299736147754,38690.41766630316,43571.16369529984,47995.0625,49211.30464991983
419,215011392,Stawell,43444.658131177,43786.34138559708,44952.69304886442,45332.24015479171,45445.40590835078,47333.19131614654,48417.76625659051,52296.37406055401
420,215011393,West Wimmera,39400.595061728396,38588.18187422935,40470.082338152104,41890.522826766726,43612.82086614173,49643.72190834903,50580.832811521606,65774.9245049505
421,215011394,Yarriambiack,46366.66876475216,52963.62052505967,53491.495317099274,40333.18761983018,38593.70286885246,50845.232777777775,58227.69294836202,52471.9676511955
422,215021395,Irymple,43665.66351904312,46367.19570552147,47421.72451456311,49327.63431542461,52070.71215288146,52869.197534173145,55398.32578714546,57883.08662945887
423,215021396,Merbein,37942.84021693784,39556.5510373444,41105.35437710438,42869.962356792144,44622.13445017182,45427.84697508897,46796.49536321484,50054.09992343032
424,215021398,Mildura Region,38865.22537971583,37101.26509572901,39142.68310546875,45702.85238568589,45360.82606382979,48609.59619238477,50767.692986758215,48654.65257531584
425,215021399,Red Cliffs,37234.64045722203,40200.411006617906,41674.95469686876,42376.12263535551,42841.8432647165,45331.05456980248,45558.512566137564,46796.852885821834
426,215021469,Mildura - North,42765.669520944226,44780.84669070606,45885.42870025927,46732.63882718792,47606.64328294656,48628.556872764435,50647.10824108241,53280.25732899023
427,215021470,Mildura - South,43470.42665136863,45256.365834510914,46976.44677033493,47662.439733757776,49378.7322812456,50034.69897761098,51805.85449406444,53243.93682915921
428,215031400,Buloke,40314.440230832646,45287.83620689655,42336.58596392334,35217.308453491656,34389.16406019475,45740.83473470571,50300.24551764025,47398.06271981243
429,215031401,Gannawarra,38548.12924208145,40111.818078775854,42508.31719673515,42240.97328559626,40335.67266495287,40194.95754716981,46320.11302681993,46092.90087863811
430,215031402,Kerang,36065.8138124125,37777.362749878106,39224.640889318514,41103.75946969697,40480.82602478551,42496.957795431976,46432.152366863906,47529.830357142855
431,215031403,Robinvale,39786.153638814016,41721.44161593802,42515.284997211376,42545.01897983393,50750.39205219454,53558.750566893425,54055.183673469386,56672.842702169626
432,215031404,Swan Hill,45580.197540851,47146.85248853962,48073.85677125671,47780.80102203769,48444.60138285898,50470.43436415273,53674.67527617862,54264.53023758099
433,215031405,Swan Hill Region,40087.29259043174,43040.02304550759,43231.15909740074,44924.10328239955,43379.93675417661,48132.761972230095,51609.52722143865,52911.76370720846
434,216011406,Echuca,44671.62121582031,46212.09578637923,47639.70716698842,49892.74812118366,49745.153551532036,50825.0654120848,52698.01717216771,54500.20211360634
435,216011407,Kyabram,39678.59792924935,39148.533635413034,42389.9023118373,43292.36769933977,42824.36046705588,44235.89528795811,46979.777999335325,47559.02989174342
436,216011408,Lockington - Gunbower,38508.08242612753,38681.87108190091,44242.30909090909,44127.790620558975,41334.11259541985,42911.284064665124,47049.88743809095,47199.45258050287
437,216011409,Rochester,44101.14001892148,44120.930507639234,46406.63436754177,48840.63207996192,44880.92649812734,45161.99398148148,49474.36052871468,48071.313769751694
438,216011410,Rushworth,35702.53136882129,36385.189555125726,39750.36471168063,42354.83093179635,39370.40893637688,42515.16882494005,45788.48155339806,45310.91977077364
439,216021411,Cobram,40773.51016578042,42149.914467408584,44661.65374841169,47091.17277653809,48270.67424960506,49203.184071893396,49448.61800185586,49894.68433807937
440,216021412,Moira,36076.07872928177,43121.45727956254,43258.620027434845,45237.13258575198,41954.8,42396.958519463944,48207.851708575115,49207.08821714991
441,216021413,Numurkah,38125.619135802466,38269.24347158218,41703.17486255345,43994.94253386929,41315.72217314487,41874.3321157218,44383.40179866551,45852.76679158259
442,216021414,Yarrawonga,42769.27559267241,43620.82691264243,46131.13156498674,46270.13398608606,46071.99187404774,47691.45934761441,48312.866033254155,49703.21693735499
443,216031415,Mooroopna,41041.89016915911,41693.948081264105,42984.11572327044,44279.92902907836,45198.09230009872,46551.110785749144,47316.80048543689,47974.34175405148
444,216031416,Shepparton - North,46875.12122731375,48366.13332667532,50098.04609436955,52265.84437847156,52861.0522558538,54553.481091251175,56417.60872359963,58565.740971469844
445,216031417,Shepparton - South,42819.63579020133,44172.94402499349,46370.12291077398,46864.73872976339,47888.17605401845,48324.611757105944,50116.38437153273,52039.71902927581
446,216031418,Shepparton Region - East,40435.55178059763,43631.61793611794,44865.20186461289,46451.730894308945,46918.85609157808,45339.7313253012,48209.0433227345,48347.18047808765
447,216031419,Shepparton Region - West,40446.72464827334,41167.84885412877,42393.43896290961,44296.550955414015,44485.88121254847,45869.59975326049,48350.19321559713,50822.28751728907
448,217011420,Glenelg (Vicnp),43547.87461585741,40205.77800916285,43503.22606882169,47357.677186468645,49528.6652884019,51261.179098360655,50805.59815335207,53252.128661916075
449,217011421,Hamilton (Vicnp),45138.94293987396,44956.797151192724,45074.661575841725,47235.41022075439,47314.168556185396,48303.09556197926,49548.51162393163,52803.22235535776
450,217011422,Portland,49852.054517401,50494.37038333625,52280.36324041812,53674.85211021974,53526.92969845722,54003.285491148905,55631.94644365602,57118.804546208725
451,217011423,Southern Grampians,43694.99762093576,34943.24316432174,40690.18774966711,43794.158585588,45456.8704958006,51222.948987641335,57001.234229438385,55594.36499466382
452,217031471,Camperdown,42804.309063136454,41277.50577731092,43711.4367816092,45936.26732161324,45497.99791013584,46296.41636457794,48006.9921875,50906.09232365145
453,217031472,Colac,42539.991838551716,43777.849646669674,45283.040859245906,46271.791666666664,47904.74327451547,48846.40629039207,50670.74920547188,52459.40933548561
454,217031473,Colac Region,40524.62632233976,37255.50341402856,42864.04351851852,44288.28252339269,43106.94555353902,44467.99387755102,46723.27624784854,47301.441318556404
455,217031474,Corangamite - North,40240.624707063944,38160.75506812894,45552.36791194129,47190.46590527376,44881.29048120829,47085.60325906219,48418.20569931215,55201.060878243516
456,217031475,Corangamite - South,42590.52447552448,34957.542424958636,47816.717340771735,47810.3179661017,43206.678884278466,43173.6961351539,44324.53666895134,48072.674124293786
457,217031476,Otway,39330.68862559242,36935.722553973355,39768.884650735294,40639.888539325846,42425.576401446655,44235.906695464364,44755.438397910315,46448.13347457627
458,217041477,Moyne - East,43776.49315422372,37883.22348284961,46721.77916018663,48626.51979434447,47031.049569527786,49103.85202371745,50652.26049570055,55572.647880421464
459,217041478,Moyne - West,43419.62655063877,42510.70141830908,46052.7137074517,48279.66407079646,50306.901463762944,51459.02257336343,52080.29002601908,55546.749316473004
460,217041479,Warrnambool - North,45988.99141221374,46933.50064783623,48440.2558573854,50513.4426754206,50938.9522922404,52089.753663147945,59811.60563706564,56098.576195181275
461,217041480,Warrnambool - South,47793.555118663106,48726.315864223834,50544.44750140371,50662.92760059211,50965.40669919557,53225.930522721304,54848.55016808896,58246.53017883756
