,year,SA2 code,pred
0,2022,201011001,595.0
1,2022,201011002,1343.0
2,2022,201011005,533.0
3,2022,201011006,551.0
4,2022,201011007,415.0
5,2022,201011008,551.0
6,2022,201011481,871.0
7,2022,201011482,581.0
8,2022,201011483,846.0
9,2022,201011484,1553.0
10,2022,201021009,381.0
11,2022,201021010,388.0
12,2022,201021011,440.0
13,2022,201021012,379.0
14,2022,201031013,369.0
15,2022,201031014,397.0
16,2022,201031015,334.0
17,2022,201031016,584.0
18,2022,201031017,311.0
19,2022,202011018,1340.0
20,2022,202011019,692.0
21,2022,202011020,1193.0
22,2022,202011021,1086.0
23,2022,202011022,823.0
24,2022,202011023,461.0
25,2022,202011024,509.0
26,2022,202011025,476.0
27,2022,202021026,389.0
28,2022,202021027,477.0
29,2022,202021028,393.0
30,2022,202021029,380.0
31,2022,202021030,406.0
32,2022,202021031,417.0
33,2022,202031032,426.0
34,2022,202031033,389.0
35,2022,203011034,471.0
36,2022,203011035,368.0
37,2022,203011036,358.0
38,2022,203021037,1885.0
39,2022,203021039,1362.0
40,2022,203021040,969.0
41,2022,203021042,875.0
42,2022,203021043,387.0
43,2022,203021044,792.0
44,2022,203021045,749.0
45,2022,203021046,2111.0
46,2022,203021047,1025.0
47,2022,203021485,543.0
48,2022,203021486,649.0
49,2022,203021487,850.0
50,2022,203021488,1738.0
51,2022,203031048,601.0
52,2022,203031049,349.0
53,2022,203031051,464.0
54,2022,203031052,438.0
55,2022,203031053,488.0
56,2022,203031489,472.0
57,2022,203031490,575.0
58,2022,204011054,397.0
59,2022,204011055,310.0
60,2022,204011056,413.0
61,2022,204011057,386.0
62,2022,204011058,313.0
63,2022,204011059,460.0
64,2022,204011060,402.0
65,2022,204011061,391.0
66,2022,204011062,399.0
67,2022,204021063,375.0
68,2022,204021064,378.0
69,2022,204021065,387.0
70,2022,204021066,650.0
71,2022,204021067,404.0
72,2022,204031068,384.0
73,2022,204031069,379.0
74,2022,204031070,353.0
75,2022,204031071,387.0
76,2022,204031072,355.0
77,2022,204031073,495.0
78,2022,204031075,424.0
79,2022,204031491,470.0
80,2022,204031492,850.0
81,2022,205011076,421.0
82,2022,205011077,357.0
83,2022,205011078,398.0
84,2022,205011079,435.0
85,2022,205021080,333.0
86,2022,205021081,498.0
87,2022,205021082,357.0
88,2022,205021083,379.0
89,2022,205021084,402.0
90,2022,205021085,341.0
91,2022,205021086,402.0
92,2022,205031087,417.0
93,2022,205031088,424.0
94,2022,205031089,410.0
95,2022,205031090,392.0
96,2022,205031091,447.0
97,2022,205031092,345.0
98,2022,205031093,413.0
99,2022,205041094,391.0
100,2022,205041095,569.0
101,2022,205041096,543.0
102,2022,205041098,373.0
103,2022,205041493,493.0
104,2022,205041494,697.0
105,2022,205051099,390.0
106,2022,205051100,374.0
107,2022,205051101,384.0
108,2022,205051102,364.0
109,2022,205051103,683.0
110,2022,205051104,357.0
111,2022,206011106,4661.0
112,2022,206011107,4643.0
113,2022,206011109,3664.0
114,2022,206011495,5552.0
115,2022,206011496,4788.0
116,2022,206011497,3642.0
117,2022,206011498,4729.0
118,2022,206021110,3361.0
119,2022,206021112,4052.0
120,2022,206021499,4516.0
121,2022,206021500,4086.0
122,2022,206031113,4110.0
123,2022,206031115,6248.0
124,2022,206031116,3640.0
125,2022,206031501,3468.0
126,2022,206031502,3509.0
127,2022,206041117,8986.0
128,2022,206041118,3697.0
129,2022,206041119,2113.0
130,2022,206041120,433.0
131,2022,206041121,5055.0
132,2022,206041124,2076.0
133,2022,206041125,4490.0
134,2022,206041127,342.0
135,2022,206041503,11327.0
136,2022,206041504,17006.0
137,2022,206041505,9756.0
138,2022,206041506,5791.0
139,2022,206041507,386.0
140,2022,206041508,6845.0
141,2022,206041509,11526.0
142,2022,206041510,5656.0
143,2022,206051128,3531.0
144,2022,206051129,6261.0
145,2022,206051130,5789.0
146,2022,206051134,7288.0
147,2022,206051511,407.0
148,2022,206051512,6123.0
149,2022,206051513,7778.0
150,2022,206051514,6111.0
151,2022,206061135,4585.0
152,2022,206061136,6943.0
153,2022,206061138,3585.0
154,2022,206061515,7300.0
155,2022,206061516,7698.0
156,2022,206071139,3954.0
157,2022,206071140,4160.0
158,2022,206071141,5913.0
159,2022,206071142,7661.0
160,2022,206071143,5281.0
161,2022,206071145,2075.0
162,2022,206071517,4219.0
163,2022,206071518,6807.0
164,2022,207011146,3121.0
165,2022,207011147,3252.0
166,2022,207011148,2781.0
167,2022,207011149,3285.0
168,2022,207011150,3287.0
169,2022,207011152,4247.0
170,2022,207011154,2013.0
171,2022,207011155,3264.0
172,2022,207011519,4533.0
173,2022,207011520,4036.0
174,2022,207011521,3166.0
175,2022,207011522,2442.0
176,2022,207021156,2068.0
177,2022,207021157,2708.0
178,2022,207021159,1459.0
179,2022,207021160,2708.0
180,2022,207021424,2852.0
181,2022,207021425,3226.0
182,2022,207031161,2829.0
183,2022,207031162,3404.0
184,2022,207031163,3087.0
185,2022,207031164,3173.0
186,2022,207031165,2692.0
187,2022,207031166,2809.0
188,2022,207031167,3423.0
189,2022,208011168,2641.0
190,2022,208011169,3132.0
191,2022,208011170,3245.0
192,2022,208011171,2410.0
193,2022,208011172,3456.0
194,2022,208011173,2891.0
195,2022,208021174,3920.0
196,2022,208021176,4905.0
197,2022,208021177,3656.0
198,2022,208021178,4056.0
199,2022,208021179,4287.0
200,2022,208021180,4060.0
201,2022,208021181,3996.0
202,2022,208021182,4676.0
203,2022,208021426,3502.0
204,2022,208021427,3176.0
205,2022,208031183,1931.0
206,2022,208031184,384.0
207,2022,208031185,2379.0
208,2022,208031186,2870.0
209,2022,208031187,2092.0
210,2022,208031188,2881.0
211,2022,208031189,2845.0
212,2022,208031190,3151.0
213,2022,208031191,1128.0
214,2022,208031192,426.0
215,2022,208031193,2811.0
216,2022,208041194,3611.0
217,2022,208041195,3185.0
218,2022,209011196,2775.0
219,2022,209011197,2487.0
220,2022,209011198,2634.0
221,2022,209011199,2472.0
222,2022,209011200,2674.0
223,2022,209011201,2219.0
224,2022,209011202,1785.0
225,2022,209011203,2228.0
226,2022,209011204,2809.0
227,2022,209021205,1469.0
228,2022,209021428,2868.0
229,2022,209021429,3763.0
230,2022,209021523,3279.0
231,2022,209021524,2681.0
232,2022,209021525,3361.0
233,2022,209021526,2781.0
234,2022,209031209,1593.0
235,2022,209031210,643.0
236,2022,209031211,422.0
237,2022,209031212,429.0
238,2022,209031213,696.0
239,2022,209031214,493.0
240,2022,209031215,885.0
241,2022,209041216,1635.0
242,2022,209041217,2944.0
243,2022,209041220,2654.0
244,2022,209041221,3003.0
245,2022,209041223,1973.0
246,2022,209041224,363.0
247,2022,209041225,394.0
248,2022,209041431,1926.0
249,2022,209041432,912.0
250,2022,209041433,1116.0
251,2022,209041435,973.0
252,2022,209041436,1787.0
253,2022,209041437,487.0
254,2022,209041527,1216.0
255,2022,209041528,1380.0
256,2022,209041529,3494.0
257,2022,209041530,1690.0
258,2022,209041531,678.0
259,2022,209041532,913.0
260,2022,210011226,2395.0
261,2022,210011227,382.0
262,2022,210011228,880.0
263,2022,210011230,2758.0
264,2022,210011231,2689.0
265,2022,210011533,2612.0
266,2022,210011534,2973.0
267,2022,210021232,411.0
268,2022,210021233,498.0
269,2022,210021234,441.0
270,2022,210021235,370.0
271,2022,210031236,1841.0
272,2022,210031237,2992.0
273,2022,210031439,2026.0
274,2022,210031440,2234.0
275,2022,210031535,2539.0
276,2022,210031536,3283.0
277,2022,210031537,3291.0
278,2022,210031538,3721.0
279,2022,210041240,470.0
280,2022,210041539,437.0
281,2022,210041540,632.0
282,2022,210041541,713.0
283,2022,210051242,1821.0
284,2022,210051243,1312.0
285,2022,210051245,1618.0
286,2022,210051246,528.0
287,2022,210051247,3843.0
288,2022,210051248,374.0
289,2022,210051250,2102.0
290,2022,210051441,2416.0
291,2022,210051442,968.0
292,2022,210051443,1564.0
293,2022,210051445,460.0
294,2022,210051542,1682.0
295,2022,210051543,1755.0
296,2022,210051544,1399.0
297,2022,210051545,3372.0
298,2022,211011251,1858.0
299,2022,211011254,1320.0
300,2022,211011255,765.0
301,2022,211011256,2289.0
302,2022,211011257,2241.0
303,2022,211011258,1570.0
304,2022,211011259,2173.0
305,2022,211011260,1782.0
306,2022,211011446,2317.0
307,2022,211011447,2348.0
308,2022,211011448,2049.0
309,2022,211011449,1200.0
310,2022,211021261,1137.0
311,2022,211021262,598.0
312,2022,211031263,1591.0
313,2022,211031265,2301.0
314,2022,211031266,2059.0
315,2022,211031267,2479.0
316,2022,211031268,2455.0
317,2022,211031450,2141.0
318,2022,211031451,2201.0
319,2022,211031452,1960.0
320,2022,211041269,2940.0
321,2022,211041270,2772.0
322,2022,211041271,2667.0
323,2022,211041272,2643.0
324,2022,211041273,2385.0
325,2022,211051274,530.0
326,2022,211051275,816.0
327,2022,211051276,435.0
328,2022,211051277,1476.0
329,2022,211051278,536.0
330,2022,211051279,539.0
331,2022,211051280,1068.0
332,2022,211051281,2088.0
333,2022,211051282,522.0
334,2022,211051283,962.0
335,2022,211051284,1524.0
336,2022,211051285,406.0
337,2022,211051286,370.0
338,2022,212011289,433.0
339,2022,212011546,693.0
340,2022,212011547,389.0
341,2022,212011548,382.0
342,2022,212011549,943.0
343,2022,212011550,485.0
344,2022,212011551,507.0
345,2022,212011552,1120.0
346,2022,212021293,1492.0
347,2022,212021295,2473.0
348,2022,212021297,1659.0
349,2022,212021299,594.0
350,2022,212021453,1216.0
351,2022,212021454,2926.0
352,2022,212021455,3160.0
353,2022,212021456,1824.0
354,2022,212021553,1743.0
355,2022,212021554,1995.0
356,2022,212031300,1780.0
357,2022,212031303,515.0
358,2022,212031304,1245.0
359,2022,212031306,1837.0
360,2022,212031308,473.0
361,2022,212031457,2268.0
362,2022,212031458,2611.0
363,2022,212031555,675.0
364,2022,212031556,486.0
365,2022,212031557,1340.0
366,2022,212031558,958.0
367,2022,212031559,1293.0
368,2022,212031560,2723.0
369,2022,212031561,1850.0
370,2022,212031562,2817.0
371,2022,212041309,2335.0
372,2022,212041310,1954.0
373,2022,212041312,2795.0
374,2022,212041313,1840.0
375,2022,212041316,2413.0
376,2022,212041317,2265.0
377,2022,212041318,3116.0
378,2022,212041459,3420.0
379,2022,212041460,4169.0
380,2022,212041563,2899.0
381,2022,212041564,502.0
382,2022,212041565,2769.0
383,2022,212041566,654.0
384,2022,212051319,2981.0
385,2022,212051321,2751.0
386,2022,212051322,2901.0
387,2022,212051323,2789.0
388,2022,212051324,2448.0
389,2022,212051325,2109.0
390,2022,212051326,2463.0
391,2022,212051327,2396.0
392,2022,212051567,1885.0
393,2022,212051568,3163.0
394,2022,213011328,1934.0
395,2022,213011329,2293.0
396,2022,213011331,2927.0
397,2022,213011332,2272.0
398,2022,213011333,3697.0
399,2022,213011334,3455.0
400,2022,213011335,3108.0
401,2022,213011336,2333.0
402,2022,213011337,1818.0
403,2022,213011338,1763.0
404,2022,213011339,3369.0
405,2022,213011340,1369.0
406,2022,213011569,2347.0
407,2022,213011570,757.0
408,2022,213021341,1136.0
409,2022,213021342,2246.0
410,2022,213021343,1227.0
411,2022,213021344,2316.0
412,2022,213021345,3661.0
413,2022,213021346,2491.0
414,2022,213031347,2583.0
415,2022,213031348,3299.0
416,2022,213031349,2263.0
417,2022,213031350,5575.0
418,2022,213031351,2214.0
419,2022,213031352,2949.0
420,2022,213041353,440.0
421,2022,213041358,985.0
422,2022,213041359,425.0
423,2022,213041360,2726.0
424,2022,213041461,2113.0
425,2022,213041462,2275.0
426,2022,213041463,2578.0
427,2022,213041571,962.0
428,2022,213041572,458.0
429,2022,213041573,412.0
430,2022,213041574,414.0
431,2022,213041575,2234.0
432,2022,213041576,451.0
433,2022,213041577,1188.0
434,2022,213041578,1341.0
435,2022,213051361,2158.0
436,2022,213051362,3112.0
437,2022,213051363,709.0
438,2022,213051368,449.0
439,2022,213051464,815.0
440,2022,213051466,1206.0
441,2022,213051467,2849.0
442,2022,213051468,476.0
443,2022,213051579,467.0
444,2022,213051580,2531.0
445,2022,213051581,2281.0
446,2022,213051582,434.0
447,2022,213051583,2105.0
448,2022,213051584,469.0
449,2022,213051585,2523.0
450,2022,213051586,493.0
451,2022,213051587,1226.0
452,2022,213051588,2021.0
453,2022,213051589,446.0
454,2022,213051590,2514.0
455,2022,214011370,1350.0
456,2022,214011371,2323.0
457,2022,214011372,1867.0
458,2022,214011373,1616.0
459,2022,214011374,993.0
460,2022,214011375,1728.0
461,2022,214011376,886.0
462,2022,214021377,583.0
463,2022,214021378,359.0
464,2022,214021379,514.0
465,2022,214021381,1156.0
466,2022,214021382,895.0
467,2022,214021383,634.0
468,2022,214021384,1217.0
469,2022,214021385,520.0
470,2022,214021591,1333.0
471,2022,214021592,1782.0
472,2022,215011386,460.0
473,2022,215011387,407.0
474,2022,215011388,562.0
475,2022,215011389,342.0
476,2022,215011390,360.0
477,2022,215011391,378.0
478,2022,215011392,362.0
479,2022,215011393,370.0
480,2022,215011394,368.0
481,2022,215021395,438.0
482,2022,215021396,465.0
483,2022,215021398,387.0
484,2022,215021399,365.0
485,2022,215021469,1081.0
486,2022,215021470,686.0
487,2022,215031400,428.0
488,2022,215031401,310.0
489,2022,215031402,397.0
490,2022,215031403,382.0
491,2022,215031404,485.0
492,2022,215031405,396.0
493,2022,216011406,434.0
494,2022,216011407,400.0
495,2022,216011408,399.0
496,2022,216011409,355.0
497,2022,216011410,336.0
498,2022,216021411,394.0
499,2022,216021412,393.0
500,2022,216021413,411.0
501,2022,216021414,456.0
502,2022,216031415,585.0
503,2022,216031416,649.0
504,2022,216031418,375.0
505,2022,216031419,349.0
506,2022,216031593,454.0
507,2022,216031594,588.0
508,2022,217011420,376.0
509,2022,217011421,441.0
510,2022,217011422,555.0
511,2022,217011423,384.0
512,2022,217031471,417.0
513,2022,217031472,585.0
514,2022,217031473,352.0
515,2022,217031474,393.0
516,2022,217031475,365.0
517,2022,217031476,370.0
518,2022,217041477,386.0
519,2022,217041478,398.0
520,2022,217041479,689.0
521,2022,217041480,485.0
522,2023,201011001,630.0
523,2023,201011002,1377.0
524,2023,201011005,568.0
525,2023,201011006,586.0
526,2023,201011007,449.0
527,2023,201011008,586.0
528,2023,201011481,905.0
529,2023,201011482,615.0
530,2023,201011483,880.0
531,2023,201011484,1587.0
532,2023,201021009,416.0
533,2023,201021010,422.0
534,2023,201021011,474.0
535,2023,201021012,414.0
536,2023,201031013,404.0
537,2023,201031014,432.0
538,2023,201031015,369.0
539,2023,201031016,619.0
540,2023,201031017,345.0
541,2023,202011018,1374.0
542,2023,202011019,727.0
543,2023,202011020,1227.0
544,2023,202011021,1120.0
545,2023,202011022,858.0
546,2023,202011023,496.0
547,2023,202011024,544.0
548,2023,202011025,510.0
549,2023,202021026,424.0
550,2023,202021027,511.0
551,2023,202021028,428.0
552,2023,202021029,414.0
553,2023,202021030,440.0
554,2023,202021031,451.0
555,2023,202031032,460.0
556,2023,202031033,423.0
557,2023,203011034,506.0
558,2023,203011035,403.0
559,2023,203011036,393.0
560,2023,203021037,1920.0
561,2023,203021039,1397.0
562,2023,203021040,1004.0
563,2023,203021042,910.0
564,2023,203021043,422.0
565,2023,203021044,826.0
566,2023,203021045,783.0
567,2023,203021046,2145.0
568,2023,203021047,1060.0
569,2023,203021485,577.0
570,2023,203021486,684.0
571,2023,203021487,885.0
572,2023,203021488,1773.0
573,2023,203031048,636.0
574,2023,203031049,384.0
575,2023,203031051,498.0
576,2023,203031052,472.0
577,2023,203031053,522.0
578,2023,203031489,506.0
579,2023,203031490,610.0
580,2023,204011054,431.0
581,2023,204011055,345.0
582,2023,204011056,448.0
583,2023,204011057,420.0
584,2023,204011058,347.0
585,2023,204011059,494.0
586,2023,204011060,436.0
587,2023,204011061,425.0
588,2023,204011062,433.0
589,2023,204021063,409.0
590,2023,204021064,412.0
591,2023,204021065,421.0
592,2023,204021066,685.0
593,2023,204021067,438.0
594,2023,204031068,418.0
595,2023,204031069,413.0
596,2023,204031070,387.0
597,2023,204031071,422.0
598,2023,204031072,389.0
599,2023,204031073,530.0
600,2023,204031075,458.0
601,2023,204031491,505.0
602,2023,204031492,885.0
603,2023,205011076,456.0
604,2023,205011077,391.0
605,2023,205011078,433.0
606,2023,205011079,470.0
607,2023,205021080,367.0
608,2023,205021081,533.0
609,2023,205021082,391.0
610,2023,205021083,413.0
611,2023,205021084,437.0
612,2023,205021085,375.0
613,2023,205021086,436.0
614,2023,205031087,452.0
615,2023,205031088,458.0
616,2023,205031089,444.0
617,2023,205031090,427.0
618,2023,205031091,481.0
619,2023,205031092,379.0
620,2023,205031093,448.0
621,2023,205041094,426.0
622,2023,205041095,603.0
623,2023,205041096,577.0
624,2023,205041098,407.0
625,2023,205041493,527.0
626,2023,205041494,732.0
627,2023,205051099,425.0
628,2023,205051100,409.0
629,2023,205051101,419.0
630,2023,205051102,399.0
631,2023,205051103,718.0
632,2023,205051104,392.0
633,2023,206011106,4695.0
634,2023,206011107,4678.0
635,2023,206011109,3698.0
636,2023,206011495,5587.0
637,2023,206011496,4822.0
638,2023,206011497,3676.0
639,2023,206011498,4764.0
640,2023,206021110,3396.0
641,2023,206021112,4086.0
642,2023,206021499,4550.0
643,2023,206021500,4120.0
644,2023,206031113,4145.0
645,2023,206031115,6283.0
646,2023,206031116,3675.0
647,2023,206031501,3503.0
648,2023,206031502,3544.0
649,2023,206041117,9020.0
650,2023,206041118,3731.0
651,2023,206041119,2147.0
652,2023,206041120,467.0
653,2023,206041121,5089.0
654,2023,206041124,2110.0
655,2023,206041125,4525.0
656,2023,206041127,376.0
657,2023,206041503,11361.0
658,2023,206041504,17041.0
659,2023,206041505,9791.0
660,2023,206041506,5826.0
661,2023,206041507,421.0
662,2023,206041508,6879.0
663,2023,206041509,11561.0
664,2023,206041510,5691.0
665,2023,206051128,3565.0
666,2023,206051129,6295.0
667,2023,206051130,5823.0
668,2023,206051134,7322.0
669,2023,206051511,441.0
670,2023,206051512,6157.0
671,2023,206051513,7812.0
672,2023,206051514,6145.0
673,2023,206061135,4619.0
674,2023,206061136,6977.0
675,2023,206061138,3619.0
676,2023,206061515,7335.0
677,2023,206061516,7732.0
678,2023,206071139,3988.0
679,2023,206071140,4195.0
680,2023,206071141,5947.0
681,2023,206071142,7695.0
682,2023,206071143,5315.0
683,2023,206071145,2110.0
684,2023,206071517,4253.0
685,2023,206071518,6841.0
686,2023,207011146,3156.0
687,2023,207011147,3287.0
688,2023,207011148,2815.0
689,2023,207011149,3319.0
690,2023,207011150,3322.0
691,2023,207011152,4282.0
692,2023,207011154,2048.0
693,2023,207011155,3299.0
694,2023,207011519,4567.0
695,2023,207011520,4071.0
696,2023,207011521,3201.0
697,2023,207011522,2477.0
698,2023,207021156,2102.0
699,2023,207021157,2743.0
700,2023,207021159,1494.0
701,2023,207021160,2742.0
702,2023,207021424,2887.0
703,2023,207021425,3260.0
704,2023,207031161,2864.0
705,2023,207031162,3438.0
706,2023,207031163,3121.0
707,2023,207031164,3207.0
708,2023,207031165,2726.0
709,2023,207031166,2843.0
710,2023,207031167,3457.0
711,2023,208011168,2675.0
712,2023,208011169,3166.0
713,2023,208011170,3280.0
714,2023,208011171,2445.0
715,2023,208011172,3490.0
716,2023,208011173,2925.0
717,2023,208021174,3955.0
718,2023,208021176,4940.0
719,2023,208021177,3690.0
720,2023,208021178,4091.0
721,2023,208021179,4321.0
722,2023,208021180,4094.0
723,2023,208021181,4030.0
724,2023,208021182,4710.0
725,2023,208021426,3537.0
726,2023,208021427,3211.0
727,2023,208031183,1966.0
728,2023,208031184,419.0
729,2023,208031185,2413.0
730,2023,208031186,2905.0
731,2023,208031187,2126.0
732,2023,208031188,2916.0
733,2023,208031189,2879.0
734,2023,208031190,3185.0
735,2023,208031191,1163.0
736,2023,208031192,461.0
737,2023,208031193,2846.0
738,2023,208041194,3646.0
739,2023,208041195,3219.0
740,2023,209011196,2809.0
741,2023,209011197,2522.0
742,2023,209011198,2669.0
743,2023,209011199,2507.0
744,2023,209011200,2709.0
745,2023,209011201,2254.0
746,2023,209011202,1819.0
747,2023,209011203,2262.0
748,2023,209011204,2843.0
749,2023,209021205,1503.0
750,2023,209021428,2902.0
751,2023,209021429,3797.0
752,2023,209021523,3313.0
753,2023,209021524,2716.0
754,2023,209021525,3395.0
755,2023,209021526,2815.0
756,2023,209031209,1627.0
757,2023,209031210,677.0
758,2023,209031211,456.0
759,2023,209031212,464.0
760,2023,209031213,730.0
761,2023,209031214,527.0
762,2023,209031215,919.0
763,2023,209041216,1670.0
764,2023,209041217,2979.0
765,2023,209041220,2689.0
766,2023,209041221,3038.0
767,2023,209041223,2007.0
768,2023,209041224,397.0
769,2023,209041225,429.0
770,2023,209041431,1961.0
771,2023,209041432,946.0
772,2023,209041433,1151.0
773,2023,209041435,1007.0
774,2023,209041436,1821.0
775,2023,209041437,522.0
776,2023,209041527,1250.0
777,2023,209041528,1415.0
778,2023,209041529,3528.0
779,2023,209041530,1725.0
780,2023,209041531,712.0
781,2023,209041532,947.0
782,2023,210011226,2430.0
783,2023,210011227,417.0
784,2023,210011228,914.0
785,2023,210011230,2792.0
786,2023,210011231,2724.0
787,2023,210011533,2647.0
788,2023,210011534,3007.0
789,2023,210021232,445.0
790,2023,210021233,533.0
791,2023,210021234,475.0
792,2023,210021235,404.0
793,2023,210031236,1875.0
794,2023,210031237,3027.0
795,2023,210031439,2061.0
796,2023,210031440,2269.0
797,2023,210031535,2573.0
798,2023,210031536,3317.0
799,2023,210031537,3325.0
800,2023,210031538,3756.0
801,2023,210041240,504.0
802,2023,210041539,471.0
803,2023,210041540,666.0
804,2023,210041541,747.0
805,2023,210051242,1856.0
806,2023,210051243,1346.0
807,2023,210051245,1652.0
808,2023,210051246,562.0
809,2023,210051247,3878.0
810,2023,210051248,408.0
811,2023,210051250,2136.0
812,2023,210051441,2450.0
813,2023,210051442,1003.0
814,2023,210051443,1599.0
815,2023,210051445,494.0
816,2023,210051542,1716.0
817,2023,210051543,1789.0
818,2023,210051544,1433.0
819,2023,210051545,3407.0
820,2023,211011251,1892.0
821,2023,211011254,1354.0
822,2023,211011255,800.0
823,2023,211011256,2324.0
824,2023,211011257,2276.0
825,2023,211011258,1605.0
826,2023,211011259,2207.0
827,2023,211011260,1816.0
828,2023,211011446,2352.0
829,2023,211011447,2383.0
830,2023,211011448,2084.0
831,2023,211011449,1234.0
832,2023,211021261,1171.0
833,2023,211021262,633.0
834,2023,211031263,1626.0
835,2023,211031265,2335.0
836,2023,211031266,2093.0
837,2023,211031267,2513.0
838,2023,211031268,2490.0
839,2023,211031450,2175.0
840,2023,211031451,2235.0
841,2023,211031452,1994.0
842,2023,211041269,2974.0
843,2023,211041270,2807.0
844,2023,211041271,2701.0
845,2023,211041272,2678.0
846,2023,211041273,2419.0
847,2023,211051274,564.0
848,2023,211051275,850.0
849,2023,211051276,470.0
850,2023,211051277,1510.0
851,2023,211051278,570.0
852,2023,211051279,573.0
853,2023,211051280,1102.0
854,2023,211051281,2123.0
855,2023,211051282,557.0
856,2023,211051283,996.0
857,2023,211051284,1558.0
858,2023,211051285,441.0
859,2023,211051286,404.0
860,2023,212011289,468.0
861,2023,212011546,728.0
862,2023,212011547,424.0
863,2023,212011548,416.0
864,2023,212011549,977.0
865,2023,212011550,519.0
866,2023,212011551,541.0
867,2023,212011552,1155.0
868,2023,212021293,1527.0
869,2023,212021295,2507.0
870,2023,212021297,1694.0
871,2023,212021299,629.0
872,2023,212021453,1250.0
873,2023,212021454,2961.0
874,2023,212021455,3194.0
875,2023,212021456,1858.0
876,2023,212021553,1778.0
877,2023,212021554,2029.0
878,2023,212031300,1815.0
879,2023,212031303,550.0
880,2023,212031304,1280.0
881,2023,212031306,1871.0
882,2023,212031308,507.0
883,2023,212031457,2303.0
884,2023,212031458,2646.0
885,2023,212031555,709.0
886,2023,212031556,521.0
887,2023,212031557,1374.0
888,2023,212031558,992.0
889,2023,212031559,1327.0
890,2023,212031560,2757.0
891,2023,212031561,1885.0
892,2023,212031562,2851.0
893,2023,212041309,2369.0
894,2023,212041310,1989.0
895,2023,212041312,2829.0
896,2023,212041313,1874.0
897,2023,212041316,2447.0
898,2023,212041317,2300.0
899,2023,212041318,3151.0
900,2023,212041459,3454.0
901,2023,212041460,4203.0
902,2023,212041563,2934.0
903,2023,212041564,536.0
904,2023,212041565,2804.0
905,2023,212041566,689.0
906,2023,212051319,3016.0
907,2023,212051321,2785.0
908,2023,212051322,2935.0
909,2023,212051323,2823.0
910,2023,212051324,2483.0
911,2023,212051325,2143.0
912,2023,212051326,2498.0
913,2023,212051327,2430.0
914,2023,212051567,1920.0
915,2023,212051568,3198.0
916,2023,213011328,1969.0
917,2023,213011329,2328.0
918,2023,213011331,2962.0
919,2023,213011332,2306.0
920,2023,213011333,3731.0
921,2023,213011334,3489.0
922,2023,213011335,3142.0
923,2023,213011336,2367.0
924,2023,213011337,1852.0
925,2023,213011338,1797.0
926,2023,213011339,3403.0
927,2023,213011340,1403.0
928,2023,213011569,2382.0
929,2023,213011570,792.0
930,2023,213021341,1170.0
931,2023,213021342,2281.0
932,2023,213021343,1262.0
933,2023,213021344,2351.0
934,2023,213021345,3696.0
935,2023,213021346,2525.0
936,2023,213031347,2617.0
937,2023,213031348,3333.0
938,2023,213031349,2298.0
939,2023,213031350,5610.0
940,2023,213031351,2248.0
941,2023,213031352,2983.0
942,2023,213041353,474.0
943,2023,213041358,1019.0
944,2023,213041359,460.0
945,2023,213041360,2760.0
946,2023,213041461,2148.0
947,2023,213041462,2310.0
948,2023,213041463,2612.0
949,2023,213041571,997.0
950,2023,213041572,492.0
951,2023,213041573,447.0
952,2023,213041574,448.0
953,2023,213041575,2268.0
954,2023,213041576,485.0
955,2023,213041577,1222.0
956,2023,213041578,1375.0
957,2023,213051361,2192.0
958,2023,213051362,3146.0
959,2023,213051363,743.0
960,2023,213051368,484.0
961,2023,213051464,850.0
962,2023,213051466,1241.0
963,2023,213051467,2884.0
964,2023,213051468,511.0
965,2023,213051579,501.0
966,2023,213051580,2566.0
967,2023,213051581,2315.0
968,2023,213051582,468.0
969,2023,213051583,2140.0
970,2023,213051584,503.0
971,2023,213051585,2558.0
972,2023,213051586,528.0
973,2023,213051587,1260.0
974,2023,213051588,2055.0
975,2023,213051589,481.0
976,2023,213051590,2548.0
977,2023,214011370,1384.0
978,2023,214011371,2358.0
979,2023,214011372,1901.0
980,2023,214011373,1651.0
981,2023,214011374,1027.0
982,2023,214011375,1762.0
983,2023,214011376,920.0
984,2023,214021377,618.0
985,2023,214021378,393.0
986,2023,214021379,549.0
987,2023,214021381,1190.0
988,2023,214021382,930.0
989,2023,214021383,669.0
990,2023,214021384,1251.0
991,2023,214021385,554.0
992,2023,214021591,1367.0
993,2023,214021592,1816.0
994,2023,215011386,494.0
995,2023,215011387,442.0
996,2023,215011388,596.0
997,2023,215011389,377.0
998,2023,215011390,395.0
999,2023,215011391,413.0
1000,2023,215011392,396.0
1001,2023,215011393,404.0
1002,2023,215011394,403.0
1003,2023,215021395,473.0
1004,2023,215021396,500.0
1005,2023,215021398,421.0
1006,2023,215021399,400.0
1007,2023,215021469,1115.0
1008,2023,215021470,720.0
1009,2023,215031400,462.0
1010,2023,215031401,344.0
1011,2023,215031402,432.0
1012,2023,215031403,416.0
1013,2023,215031404,519.0
1014,2023,215031405,430.0
1015,2023,216011406,468.0
1016,2023,216011407,435.0
1017,2023,216011408,433.0
1018,2023,216011409,390.0
1019,2023,216011410,371.0
1020,2023,216021411,429.0
1021,2023,216021412,428.0
1022,2023,216021413,446.0
1023,2023,216021414,490.0
1024,2023,216031415,619.0
1025,2023,216031416,684.0
1026,2023,216031418,409.0
1027,2023,216031419,383.0
1028,2023,216031593,489.0
1029,2023,216031594,622.0
1030,2023,217011420,411.0
1031,2023,217011421,475.0
1032,2023,217011422,590.0
1033,2023,217011423,418.0
1034,2023,217031471,452.0
1035,2023,217031472,620.0
1036,2023,217031473,386.0
1037,2023,217031474,427.0
1038,2023,217031475,399.0
1039,2023,217031476,404.0
1040,2023,217041477,421.0
1041,2023,217041478,433.0
1042,2023,217041479,723.0
1043,2023,217041480,519.0
1044,2024,201011001,664.0
1045,2024,201011002,1412.0
1046,2024,201011005,602.0
1047,2024,201011006,620.0
1048,2024,201011007,484.0
1049,2024,201011008,620.0
1050,2024,201011481,940.0
1051,2024,201011482,650.0
1052,2024,201011483,915.0
1053,2024,201011484,1621.0
1054,2024,201021009,450.0
1055,2024,201021010,457.0
1056,2024,201021011,509.0
1057,2024,201021012,448.0
1058,2024,201031013,438.0
1059,2024,201031014,466.0
1060,2024,201031015,403.0
1061,2024,201031016,653.0
1062,2024,201031017,380.0
1063,2024,202011018,1409.0
1064,2024,202011019,761.0
1065,2024,202011020,1262.0
1066,2024,202011021,1155.0
1067,2024,202011022,892.0
1068,2024,202011023,530.0
1069,2024,202011024,578.0
1070,2024,202011025,545.0
1071,2024,202021026,458.0
1072,2024,202021027,546.0
1073,2024,202021028,462.0
1074,2024,202021029,449.0
1075,2024,202021030,475.0
1076,2024,202021031,486.0
1077,2024,202031032,494.0
1078,2024,202031033,458.0
1079,2024,203011034,540.0
1080,2024,203011035,437.0
1081,2024,203011036,427.0
1082,2024,203021037,1954.0
1083,2024,203021039,1431.0
1084,2024,203021040,1038.0
1085,2024,203021042,944.0
1086,2024,203021043,456.0
1087,2024,203021044,861.0
1088,2024,203021045,818.0
1089,2024,203021046,2180.0
1090,2024,203021047,1094.0
1091,2024,203021485,612.0
1092,2024,203021486,718.0
1093,2024,203021487,919.0
1094,2024,203021488,1807.0
1095,2024,203031048,670.0
1096,2024,203031049,418.0
1097,2024,203031051,532.0
1098,2024,203031052,507.0
1099,2024,203031053,556.0
1100,2024,203031489,541.0
1101,2024,203031490,644.0
1102,2024,204011054,466.0
1103,2024,204011055,379.0
1104,2024,204011056,482.0
1105,2024,204011057,455.0
1106,2024,204011058,382.0
1107,2024,204011059,529.0
1108,2024,204011060,471.0
1109,2024,204011061,460.0
1110,2024,204011062,468.0
1111,2024,204021063,444.0
1112,2024,204021064,447.0
1113,2024,204021065,456.0
1114,2024,204021066,719.0
1115,2024,204021067,472.0
1116,2024,204031068,452.0
1117,2024,204031069,448.0
1118,2024,204031070,422.0
1119,2024,204031071,456.0
1120,2024,204031072,424.0
1121,2024,204031073,564.0
1122,2024,204031075,493.0
1123,2024,204031491,539.0
1124,2024,204031492,919.0
1125,2024,205011076,490.0
1126,2024,205011077,425.0
1127,2024,205011078,467.0
1128,2024,205011079,504.0
1129,2024,205021080,402.0
1130,2024,205021081,567.0
1131,2024,205021082,426.0
1132,2024,205021083,448.0
1133,2024,205021084,471.0
1134,2024,205021085,409.0
1135,2024,205021086,471.0
1136,2024,205031087,486.0
1137,2024,205031088,493.0
1138,2024,205031089,479.0
1139,2024,205031090,461.0
1140,2024,205031091,516.0
1141,2024,205031092,413.0
1142,2024,205031093,482.0
1143,2024,205041094,460.0
1144,2024,205041095,638.0
1145,2024,205041096,611.0
1146,2024,205041098,442.0
1147,2024,205041493,562.0
1148,2024,205041494,766.0
1149,2024,205051099,459.0
1150,2024,205051100,443.0
1151,2024,205051101,453.0
1152,2024,205051102,433.0
1153,2024,205051103,752.0
1154,2024,205051104,426.0
1155,2024,206011106,4730.0
1156,2024,206011107,4712.0
1157,2024,206011109,3733.0
1158,2024,206011495,5621.0
1159,2024,206011496,4857.0
1160,2024,206011497,3711.0
1161,2024,206011498,4798.0
1162,2024,206021110,3430.0
1163,2024,206021112,4121.0
1164,2024,206021499,4585.0
1165,2024,206021500,4154.0
1166,2024,206031113,4179.0
1167,2024,206031115,6317.0
1168,2024,206031116,3709.0
1169,2024,206031501,3537.0
1170,2024,206031502,3578.0
1171,2024,206041117,9055.0
1172,2024,206041118,3766.0
1173,2024,206041119,2181.0
1174,2024,206041120,502.0
1175,2024,206041121,5124.0
1176,2024,206041124,2145.0
1177,2024,206041125,4559.0
1178,2024,206041127,410.0
1179,2024,206041503,11396.0
1180,2024,206041504,17075.0
1181,2024,206041505,9825.0
1182,2024,206041506,5860.0
1183,2024,206041507,455.0
1184,2024,206041508,6914.0
1185,2024,206041509,11595.0
1186,2024,206041510,5725.0
1187,2024,206051128,3600.0
1188,2024,206051129,6330.0
1189,2024,206051130,5858.0
1190,2024,206051134,7356.0
1191,2024,206051511,476.0
1192,2024,206051512,6192.0
1193,2024,206051513,7847.0
1194,2024,206051514,6179.0
1195,2024,206061135,4654.0
1196,2024,206061136,7012.0
1197,2024,206061138,3653.0
1198,2024,206061515,7369.0
1199,2024,206061516,7767.0
1200,2024,206071139,4023.0
1201,2024,206071140,4229.0
1202,2024,206071141,5982.0
1203,2024,206071142,7730.0
1204,2024,206071143,5349.0
1205,2024,206071145,2144.0
1206,2024,206071517,4288.0
1207,2024,206071518,6875.0
1208,2024,207011146,3190.0
1209,2024,207011147,3321.0
1210,2024,207011148,2849.0
1211,2024,207011149,3354.0
1212,2024,207011150,3356.0
1213,2024,207011152,4316.0
1214,2024,207011154,2082.0
1215,2024,207011155,3333.0
1216,2024,207011519,4602.0
1217,2024,207011520,4105.0
1218,2024,207011521,3235.0
1219,2024,207011522,2511.0
1220,2024,207021156,2137.0
1221,2024,207021157,2777.0
1222,2024,207021159,1528.0
1223,2024,207021160,2777.0
1224,2024,207021424,2921.0
1225,2024,207021425,3295.0
1226,2024,207031161,2898.0
1227,2024,207031162,3473.0
1228,2024,207031163,3156.0
1229,2024,207031164,3242.0
1230,2024,207031165,2760.0
1231,2024,207031166,2878.0
1232,2024,207031167,3491.0
1233,2024,208011168,2710.0
1234,2024,208011169,3200.0
1235,2024,208011170,3314.0
1236,2024,208011171,2479.0
1237,2024,208011172,3525.0
1238,2024,208011173,2960.0
1239,2024,208021174,3989.0
1240,2024,208021176,4974.0
1241,2024,208021177,3725.0
1242,2024,208021178,4125.0
1243,2024,208021179,4356.0
1244,2024,208021180,4129.0
1245,2024,208021181,4065.0
1246,2024,208021182,4745.0
1247,2024,208021426,3571.0
1248,2024,208021427,3245.0
1249,2024,208031183,2000.0
1250,2024,208031184,453.0
1251,2024,208031185,2448.0
1252,2024,208031186,2939.0
1253,2024,208031187,2161.0
1254,2024,208031188,2950.0
1255,2024,208031189,2914.0
1256,2024,208031190,3220.0
1257,2024,208031191,1197.0
1258,2024,208031192,495.0
1259,2024,208031193,2880.0
1260,2024,208041194,3680.0
1261,2024,208041195,3253.0
1262,2024,209011196,2844.0
1263,2024,209011197,2556.0
1264,2024,209011198,2703.0
1265,2024,209011199,2541.0
1266,2024,209011200,2743.0
1267,2024,209011201,2288.0
1268,2024,209011202,1854.0
1269,2024,209011203,2297.0
1270,2024,209011204,2878.0
1271,2024,209021205,1538.0
1272,2024,209021428,2937.0
1273,2024,209021429,3832.0
1274,2024,209021523,3348.0
1275,2024,209021524,2750.0
1276,2024,209021525,3430.0
1277,2024,209021526,2850.0
1278,2024,209031209,1662.0
1279,2024,209031210,711.0
1280,2024,209031211,491.0
1281,2024,209031212,498.0
1282,2024,209031213,765.0
1283,2024,209031214,562.0
1284,2024,209031215,953.0
1285,2024,209041216,1704.0
1286,2024,209041217,3013.0
1287,2024,209041220,2723.0
1288,2024,209041221,3072.0
1289,2024,209041223,2042.0
1290,2024,209041224,432.0
1291,2024,209041225,463.0
1292,2024,209041431,1995.0
1293,2024,209041432,981.0
1294,2024,209041433,1185.0
1295,2024,209041435,1041.0
1296,2024,209041436,1855.0
1297,2024,209041437,556.0
1298,2024,209041527,1285.0
1299,2024,209041528,1449.0
1300,2024,209041529,3563.0
1301,2024,209041530,1759.0
1302,2024,209041531,747.0
1303,2024,209041532,982.0
1304,2024,210011226,2464.0
1305,2024,210011227,451.0
1306,2024,210011228,948.0
1307,2024,210011230,2826.0
1308,2024,210011231,2758.0
1309,2024,210011533,2681.0
1310,2024,210011534,3042.0
1311,2024,210021232,480.0
1312,2024,210021233,567.0
1313,2024,210021234,510.0
1314,2024,210021235,438.0
1315,2024,210031236,1910.0
1316,2024,210031237,3061.0
1317,2024,210031439,2095.0
1318,2024,210031440,2303.0
1319,2024,210031535,2608.0
1320,2024,210031536,3352.0
1321,2024,210031537,3360.0
1322,2024,210031538,3790.0
1323,2024,210041240,539.0
1324,2024,210041539,506.0
1325,2024,210041540,701.0
1326,2024,210041541,782.0
1327,2024,210051242,1890.0
1328,2024,210051243,1381.0
1329,2024,210051245,1686.0
1330,2024,210051246,597.0
1331,2024,210051247,3912.0
1332,2024,210051248,443.0
1333,2024,210051250,2171.0
1334,2024,210051441,2485.0
1335,2024,210051442,1037.0
1336,2024,210051443,1633.0
1337,2024,210051445,529.0
1338,2024,210051542,1751.0
1339,2024,210051543,1824.0
1340,2024,210051544,1468.0
1341,2024,210051545,3441.0
1342,2024,211011251,1926.0
1343,2024,211011254,1388.0
1344,2024,211011255,834.0
1345,2024,211011256,2358.0
1346,2024,211011257,2310.0
1347,2024,211011258,1639.0
1348,2024,211011259,2242.0
1349,2024,211011260,1850.0
1350,2024,211011446,2386.0
1351,2024,211011447,2417.0
1352,2024,211011448,2118.0
1353,2024,211011449,1269.0
1354,2024,211021261,1206.0
1355,2024,211021262,667.0
1356,2024,211031263,1660.0
1357,2024,211031265,2370.0
1358,2024,211031266,2128.0
1359,2024,211031267,2548.0
1360,2024,211031268,2524.0
1361,2024,211031450,2210.0
1362,2024,211031451,2270.0
1363,2024,211031452,2029.0
1364,2024,211041269,3009.0
1365,2024,211041270,2841.0
1366,2024,211041271,2736.0
1367,2024,211041272,2712.0
1368,2024,211041273,2453.0
1369,2024,211051274,599.0
1370,2024,211051275,884.0
1371,2024,211051276,504.0
1372,2024,211051277,1545.0
1373,2024,211051278,605.0
1374,2024,211051279,608.0
1375,2024,211051280,1136.0
1376,2024,211051281,2157.0
1377,2024,211051282,591.0
1378,2024,211051283,1030.0
1379,2024,211051284,1592.0
1380,2024,211051285,475.0
1381,2024,211051286,439.0
1382,2024,212011289,502.0
1383,2024,212011546,762.0
1384,2024,212011547,458.0
1385,2024,212011548,451.0
1386,2024,212011549,1012.0
1387,2024,212011550,554.0
1388,2024,212011551,576.0
1389,2024,212011552,1189.0
1390,2024,212021293,1561.0
1391,2024,212021295,2541.0
1392,2024,212021297,1728.0
1393,2024,212021299,663.0
1394,2024,212021453,1285.0
1395,2024,212021454,2995.0
1396,2024,212021455,3229.0
1397,2024,212021456,1893.0
1398,2024,212021553,1812.0
1399,2024,212021554,2064.0
1400,2024,212031300,1849.0
1401,2024,212031303,584.0
1402,2024,212031304,1314.0
1403,2024,212031306,1906.0
1404,2024,212031308,542.0
1405,2024,212031457,2337.0
1406,2024,212031458,2680.0
1407,2024,212031555,744.0
1408,2024,212031556,555.0
1409,2024,212031557,1409.0
1410,2024,212031558,1027.0
1411,2024,212031559,1362.0
1412,2024,212031560,2792.0
1413,2024,212031561,1919.0
1414,2024,212031562,2886.0
1415,2024,212041309,2404.0
1416,2024,212041310,2023.0
1417,2024,212041312,2864.0
1418,2024,212041313,1909.0
1419,2024,212041316,2482.0
1420,2024,212041317,2334.0
1421,2024,212041318,3185.0
1422,2024,212041459,3489.0
1423,2024,212041460,4238.0
1424,2024,212041563,2968.0
1425,2024,212041564,571.0
1426,2024,212041565,2838.0
1427,2024,212041566,723.0
1428,2024,212051319,3050.0
1429,2024,212051321,2820.0
1430,2024,212051322,2970.0
1431,2024,212051323,2857.0
1432,2024,212051324,2517.0
1433,2024,212051325,2178.0
1434,2024,212051326,2532.0
1435,2024,212051327,2465.0
1436,2024,212051567,1954.0
1437,2024,212051568,3232.0
1438,2024,213011328,2003.0
1439,2024,213011329,2362.0
1440,2024,213011331,2996.0
1441,2024,213011332,2341.0
1442,2024,213011333,3766.0
1443,2024,213011334,3523.0
1444,2024,213011335,3177.0
1445,2024,213011336,2402.0
1446,2024,213011337,1887.0
1447,2024,213011338,1832.0
1448,2024,213011339,3438.0
1449,2024,213011340,1438.0
1450,2024,213011569,2416.0
1451,2024,213011570,826.0
1452,2024,213021341,1205.0
1453,2024,213021342,2315.0
1454,2024,213021343,1296.0
1455,2024,213021344,2385.0
1456,2024,213021345,3730.0
1457,2024,213021346,2560.0
1458,2024,213031347,2651.0
1459,2024,213031348,3368.0
1460,2024,213031349,2332.0
1461,2024,213031350,5644.0
1462,2024,213031351,2283.0
1463,2024,213031352,3018.0
1464,2024,213041353,508.0
1465,2024,213041358,1054.0
1466,2024,213041359,494.0
1467,2024,213041360,2795.0
1468,2024,213041461,2182.0
1469,2024,213041462,2344.0
1470,2024,213041463,2647.0
1471,2024,213041571,1031.0
1472,2024,213041572,527.0
1473,2024,213041573,481.0
1474,2024,213041574,482.0
1475,2024,213041575,2302.0
1476,2024,213041576,520.0
1477,2024,213041577,1257.0
1478,2024,213041578,1410.0
1479,2024,213051361,2227.0
1480,2024,213051362,3180.0
1481,2024,213051363,778.0
1482,2024,213051368,518.0
1483,2024,213051464,884.0
1484,2024,213051466,1275.0
1485,2024,213051467,2918.0
1486,2024,213051468,545.0
1487,2024,213051579,536.0
1488,2024,213051580,2600.0
1489,2024,213051581,2350.0
1490,2024,213051582,503.0
1491,2024,213051583,2174.0
1492,2024,213051584,538.0
1493,2024,213051585,2592.0
1494,2024,213051586,562.0
1495,2024,213051587,1295.0
1496,2024,213051588,2090.0
1497,2024,213051589,515.0
1498,2024,213051590,2583.0
1499,2024,214011370,1419.0
1500,2024,214011371,2392.0
1501,2024,214011372,1936.0
1502,2024,214011373,1685.0
1503,2024,214011374,1062.0
1504,2024,214011375,1797.0
1505,2024,214011376,955.0
1506,2024,214021377,652.0
1507,2024,214021378,428.0
1508,2024,214021379,583.0
1509,2024,214021381,1225.0
1510,2024,214021382,964.0
1511,2024,214021383,703.0
1512,2024,214021384,1286.0
1513,2024,214021385,589.0
1514,2024,214021591,1402.0
1515,2024,214021592,1851.0
1516,2024,215011386,528.0
1517,2024,215011387,476.0
1518,2024,215011388,631.0
1519,2024,215011389,411.0
1520,2024,215011390,429.0
1521,2024,215011391,447.0
1522,2024,215011392,431.0
1523,2024,215011393,439.0
1524,2024,215011394,437.0
1525,2024,215021395,507.0
1526,2024,215021396,534.0
1527,2024,215021398,456.0
1528,2024,215021399,434.0
1529,2024,215021469,1150.0
1530,2024,215021470,755.0
1531,2024,215031400,497.0
1532,2024,215031401,378.0
1533,2024,215031402,466.0
1534,2024,215031403,451.0
1535,2024,215031404,554.0
1536,2024,215031405,465.0
1537,2024,216011406,503.0
1538,2024,216011407,469.0
1539,2024,216011408,468.0
1540,2024,216011409,424.0
1541,2024,216011410,405.0
1542,2024,216021411,463.0
1543,2024,216021412,462.0
1544,2024,216021413,480.0
1545,2024,216021414,525.0
1546,2024,216031415,654.0
1547,2024,216031416,718.0
1548,2024,216031418,444.0
1549,2024,216031419,418.0
1550,2024,216031593,523.0
1551,2024,216031594,657.0
1552,2024,217011420,445.0
1553,2024,217011421,510.0
1554,2024,217011422,624.0
1555,2024,217011423,453.0
1556,2024,217031471,486.0
1557,2024,217031472,654.0
1558,2024,217031473,421.0
1559,2024,217031474,462.0
1560,2024,217031475,434.0
1561,2024,217031476,439.0
1562,2024,217041477,455.0
1563,2024,217041478,467.0
1564,2024,217041479,757.0
1565,2024,217041480,554.0
1566,2025,201011001,699.0
1567,2025,201011002,1446.0
1568,2025,201011005,636.0
1569,2025,201011006,655.0
1570,2025,201011007,518.0
1571,2025,201011008,655.0
1572,2025,201011481,974.0
1573,2025,201011482,684.0
1574,2025,201011483,949.0
1575,2025,201011484,1656.0
1576,2025,201021009,485.0
1577,2025,201021010,491.0
1578,2025,201021011,543.0
1579,2025,201021012,482.0
1580,2025,201031013,473.0
1581,2025,201031014,501.0
1582,2025,201031015,438.0
1583,2025,201031016,688.0
1584,2025,201031017,414.0
1585,2025,202011018,1443.0
1586,2025,202011019,795.0
1587,2025,202011020,1296.0
1588,2025,202011021,1189.0
1589,2025,202011022,927.0
1590,2025,202011023,565.0
1591,2025,202011024,613.0
1592,2025,202011025,579.0
1593,2025,202021026,493.0
1594,2025,202021027,580.0
1595,2025,202021028,496.0
1596,2025,202021029,483.0
1597,2025,202021030,509.0
1598,2025,202021031,520.0
1599,2025,202031032,529.0
1600,2025,202031033,492.0
1601,2025,203011034,575.0
1602,2025,203011035,472.0
1603,2025,203011036,462.0
1604,2025,203021037,1989.0
1605,2025,203021039,1466.0
1606,2025,203021040,1073.0
1607,2025,203021042,978.0
1608,2025,203021043,491.0
1609,2025,203021044,895.0
1610,2025,203021045,852.0
1611,2025,203021046,2214.0
1612,2025,203021047,1129.0
1613,2025,203021485,646.0
1614,2025,203021486,752.0
1615,2025,203021487,954.0
1616,2025,203021488,1842.0
1617,2025,203031048,704.0
1618,2025,203031049,453.0
1619,2025,203031051,567.0
1620,2025,203031052,541.0
1621,2025,203031053,591.0
1622,2025,203031489,575.0
1623,2025,203031490,679.0
1624,2025,204011054,500.0
1625,2025,204011055,414.0
1626,2025,204011056,517.0
1627,2025,204011057,489.0
1628,2025,204011058,416.0
1629,2025,204011059,563.0
1630,2025,204011060,505.0
1631,2025,204011061,494.0
1632,2025,204011062,502.0
1633,2025,204021063,478.0
1634,2025,204021064,481.0
1635,2025,204021065,490.0
1636,2025,204021066,754.0
1637,2025,204021067,507.0
1638,2025,204031068,487.0
1639,2025,204031069,482.0
1640,2025,204031070,456.0
1641,2025,204031071,491.0
1642,2025,204031072,458.0
1643,2025,204031073,599.0
1644,2025,204031075,527.0
1645,2025,204031491,574.0
1646,2025,204031492,954.0
1647,2025,205011076,525.0
1648,2025,205011077,460.0
1649,2025,205011078,502.0
1650,2025,205011079,539.0
1651,2025,205021080,436.0
1652,2025,205021081,602.0
1653,2025,205021082,460.0
1654,2025,205021083,482.0
1655,2025,205021084,506.0
1656,2025,205021085,444.0
1657,2025,205021086,505.0
1658,2025,205031087,521.0
1659,2025,205031088,527.0
1660,2025,205031089,513.0
1661,2025,205031090,496.0
1662,2025,205031091,550.0
1663,2025,205031092,448.0
1664,2025,205031093,517.0
1665,2025,205041094,495.0
1666,2025,205041095,672.0
1667,2025,205041096,646.0
1668,2025,205041098,476.0
1669,2025,205041493,596.0
1670,2025,205041494,801.0
1671,2025,205051099,494.0
1672,2025,205051100,477.0
1673,2025,205051101,488.0
1674,2025,205051102,467.0
1675,2025,205051103,787.0
1676,2025,205051104,461.0
1677,2025,206011106,4764.0
1678,2025,206011107,4747.0
1679,2025,206011109,3767.0
1680,2025,206011495,5656.0
1681,2025,206011496,4891.0
1682,2025,206011497,3745.0
1683,2025,206011498,4833.0
1684,2025,206021110,3464.0
1685,2025,206021112,4155.0
1686,2025,206021499,4619.0
1687,2025,206021500,4189.0
1688,2025,206031113,4213.0
1689,2025,206031115,6352.0
1690,2025,206031116,3744.0
1691,2025,206031501,3572.0
1692,2025,206031502,3612.0
1693,2025,206041117,9089.0
1694,2025,206041118,3800.0
1695,2025,206041119,2216.0
1696,2025,206041120,536.0
1697,2025,206041121,5158.0
1698,2025,206041124,2179.0
1699,2025,206041125,4594.0
1700,2025,206041127,445.0
1701,2025,206041503,11430.0
1702,2025,206041504,17110.0
1703,2025,206041505,9859.0
1704,2025,206041506,5895.0
1705,2025,206041507,490.0
1706,2025,206041508,6948.0
1707,2025,206041509,11630.0
1708,2025,206041510,5760.0
1709,2025,206051128,3634.0
1710,2025,206051129,6364.0
1711,2025,206051130,5892.0
1712,2025,206051134,7391.0
1713,2025,206051511,510.0
1714,2025,206051512,6226.0
1715,2025,206051513,7881.0
1716,2025,206051514,6214.0
1717,2025,206061135,4688.0
1718,2025,206061136,7046.0
1719,2025,206061138,3688.0
1720,2025,206061515,7404.0
1721,2025,206061516,7801.0
1722,2025,206071139,4057.0
1723,2025,206071140,4264.0
1724,2025,206071141,6016.0
1725,2025,206071142,7764.0
1726,2025,206071143,5384.0
1727,2025,206071145,2179.0
1728,2025,206071517,4322.0
1729,2025,206071518,6910.0
1730,2025,207011146,3225.0
1731,2025,207011147,3356.0
1732,2025,207011148,2884.0
1733,2025,207011149,3388.0
1734,2025,207011150,3391.0
1735,2025,207011152,4351.0
1736,2025,207011154,2117.0
1737,2025,207011155,3368.0
1738,2025,207011519,4636.0
1739,2025,207011520,4139.0
1740,2025,207011521,3270.0
1741,2025,207011522,2546.0
1742,2025,207021156,2171.0
1743,2025,207021157,2812.0
1744,2025,207021159,1563.0
1745,2025,207021160,2811.0
1746,2025,207021424,2956.0
1747,2025,207021425,3329.0
1748,2025,207031161,2933.0
1749,2025,207031162,3507.0
1750,2025,207031163,3190.0
1751,2025,207031164,3276.0
1752,2025,207031165,2795.0
1753,2025,207031166,2912.0
1754,2025,207031167,3526.0
1755,2025,208011168,2744.0
1756,2025,208011169,3235.0
1757,2025,208011170,3349.0
1758,2025,208011171,2514.0
1759,2025,208011172,3559.0
1760,2025,208011173,2994.0
1761,2025,208021174,4024.0
1762,2025,208021176,5009.0
1763,2025,208021177,3759.0
1764,2025,208021178,4160.0
1765,2025,208021179,4390.0
1766,2025,208021180,4163.0
1767,2025,208021181,4099.0
1768,2025,208021182,4779.0
1769,2025,208021426,3606.0
1770,2025,208021427,3280.0
1771,2025,208031183,2034.0
1772,2025,208031184,488.0
1773,2025,208031185,2482.0
1774,2025,208031186,2974.0
1775,2025,208031187,2195.0
1776,2025,208031188,2985.0
1777,2025,208031189,2948.0
1778,2025,208031190,3254.0
1779,2025,208031191,1232.0
1780,2025,208031192,530.0
1781,2025,208031193,2915.0
1782,2025,208041194,3715.0
1783,2025,208041195,3288.0
1784,2025,209011196,2878.0
1785,2025,209011197,2591.0
1786,2025,209011198,2738.0
1787,2025,209011199,2576.0
1788,2025,209011200,2778.0
1789,2025,209011201,2322.0
1790,2025,209011202,1888.0
1791,2025,209011203,2331.0
1792,2025,209011204,2912.0
1793,2025,209021205,1572.0
1794,2025,209021428,2971.0
1795,2025,209021429,3866.0
1796,2025,209021523,3382.0
1797,2025,209021524,2785.0
1798,2025,209021525,3464.0
1799,2025,209021526,2884.0
1800,2025,209031209,1696.0
1801,2025,209031210,746.0
1802,2025,209031211,525.0
1803,2025,209031212,533.0
1804,2025,209031213,799.0
1805,2025,209031214,596.0
1806,2025,209031215,988.0
1807,2025,209041216,1739.0
1808,2025,209041217,3048.0
1809,2025,209041220,2758.0
1810,2025,209041221,3107.0
1811,2025,209041223,2076.0
1812,2025,209041224,466.0
1813,2025,209041225,498.0
1814,2025,209041431,2029.0
1815,2025,209041432,1015.0
1816,2025,209041433,1220.0
1817,2025,209041435,1076.0
1818,2025,209041436,1890.0
1819,2025,209041437,591.0
1820,2025,209041527,1319.0
1821,2025,209041528,1484.0
1822,2025,209041529,3597.0
1823,2025,209041530,1794.0
1824,2025,209041531,781.0
1825,2025,209041532,1016.0
1826,2025,210011226,2498.0
1827,2025,210011227,485.0
1828,2025,210011228,983.0
1829,2025,210011230,2861.0
1830,2025,210011231,2793.0
1831,2025,210011533,2716.0
1832,2025,210011534,3076.0
1833,2025,210021232,514.0
1834,2025,210021233,601.0
1835,2025,210021234,544.0
1836,2025,210021235,473.0
1837,2025,210031236,1944.0
1838,2025,210031237,3096.0
1839,2025,210031439,2130.0
1840,2025,210031440,2338.0
1841,2025,210031535,2642.0
1842,2025,210031536,3386.0
1843,2025,210031537,3394.0
1844,2025,210031538,3824.0
1845,2025,210041240,573.0
1846,2025,210041539,540.0
1847,2025,210041540,735.0
1848,2025,210041541,816.0
1849,2025,210051242,1925.0
1850,2025,210051243,1415.0
1851,2025,210051245,1721.0
1852,2025,210051246,631.0
1853,2025,210051247,3947.0
1854,2025,210051248,477.0
1855,2025,210051250,2205.0
1856,2025,210051441,2519.0
1857,2025,210051442,1072.0
1858,2025,210051443,1668.0
1859,2025,210051445,563.0
1860,2025,210051542,1785.0
1861,2025,210051543,1858.0
1862,2025,210051544,1502.0
1863,2025,210051545,3476.0
1864,2025,211011251,1961.0
1865,2025,211011254,1423.0
1866,2025,211011255,869.0
1867,2025,211011256,2393.0
1868,2025,211011257,2344.0
1869,2025,211011258,1674.0
1870,2025,211011259,2276.0
1871,2025,211011260,1885.0
1872,2025,211011446,2421.0
1873,2025,211011447,2452.0
1874,2025,211011448,2152.0
1875,2025,211011449,1303.0
1876,2025,211021261,1240.0
1877,2025,211021262,702.0
1878,2025,211031263,1694.0
1879,2025,211031265,2404.0
1880,2025,211031266,2162.0
1881,2025,211031267,2582.0
1882,2025,211031268,2559.0
1883,2025,211031450,2244.0
1884,2025,211031451,2304.0
1885,2025,211031452,2063.0
1886,2025,211041269,3043.0
1887,2025,211041270,2876.0
1888,2025,211041271,2770.0
1889,2025,211041272,2746.0
1890,2025,211041273,2488.0
1891,2025,211051274,633.0
1892,2025,211051275,919.0
1893,2025,211051276,539.0
1894,2025,211051277,1579.0
1895,2025,211051278,639.0
1896,2025,211051279,642.0
1897,2025,211051280,1171.0
1898,2025,211051281,2191.0
1899,2025,211051282,625.0
1900,2025,211051283,1065.0
1901,2025,211051284,1627.0
1902,2025,211051285,510.0
1903,2025,211051286,473.0
1904,2025,212011289,536.0
1905,2025,212011546,797.0
1906,2025,212011547,493.0
1907,2025,212011548,485.0
1908,2025,212011549,1046.0
1909,2025,212011550,588.0
1910,2025,212011551,610.0
1911,2025,212011552,1224.0
1912,2025,212021293,1595.0
1913,2025,212021295,2576.0
1914,2025,212021297,1763.0
1915,2025,212021299,698.0
1916,2025,212021453,1319.0
1917,2025,212021454,3029.0
1918,2025,212021455,3263.0
1919,2025,212021456,1927.0
1920,2025,212021553,1847.0
1921,2025,212021554,2098.0
1922,2025,212031300,1884.0
1923,2025,212031303,619.0
1924,2025,212031304,1349.0
1925,2025,212031306,1940.0
1926,2025,212031308,576.0
1927,2025,212031457,2372.0
1928,2025,212031458,2714.0
1929,2025,212031555,778.0
1930,2025,212031556,590.0
1931,2025,212031557,1443.0
1932,2025,212031558,1061.0
1933,2025,212031559,1396.0
1934,2025,212031560,2826.0
1935,2025,212031561,1954.0
1936,2025,212031562,2920.0
1937,2025,212041309,2438.0
1938,2025,212041310,2057.0
1939,2025,212041312,2898.0
1940,2025,212041313,1943.0
1941,2025,212041316,2516.0
1942,2025,212041317,2369.0
1943,2025,212041318,3220.0
1944,2025,212041459,3523.0
1945,2025,212041460,4272.0
1946,2025,212041563,3003.0
1947,2025,212041564,605.0
1948,2025,212041565,2873.0
1949,2025,212041566,757.0
1950,2025,212051319,3085.0
1951,2025,212051321,2854.0
1952,2025,212051322,3004.0
1953,2025,212051323,2892.0
1954,2025,212051324,2552.0
1955,2025,212051325,2212.0
1956,2025,212051326,2567.0
1957,2025,212051327,2499.0
1958,2025,212051567,1988.0
1959,2025,212051568,3267.0
1960,2025,213011328,2038.0
1961,2025,213011329,2397.0
1962,2025,213011331,3031.0
1963,2025,213011332,2375.0
1964,2025,213011333,3800.0
1965,2025,213011334,3558.0
1966,2025,213011335,3211.0
1967,2025,213011336,2436.0
1968,2025,213011337,1921.0
1969,2025,213011338,1866.0
1970,2025,213011339,3472.0
1971,2025,213011340,1472.0
1972,2025,213011569,2451.0
1973,2025,213011570,861.0
1974,2025,213021341,1239.0
1975,2025,213021342,2350.0
1976,2025,213021343,1331.0
1977,2025,213021344,2420.0
1978,2025,213021345,3764.0
1979,2025,213021346,2594.0
1980,2025,213031347,2686.0
1981,2025,213031348,3402.0
1982,2025,213031349,2366.0
1983,2025,213031350,5679.0
1984,2025,213031351,2317.0
1985,2025,213031352,3052.0
1986,2025,213041353,543.0
1987,2025,213041358,1088.0
1988,2025,213041359,528.0
1989,2025,213041360,2829.0
1990,2025,213041461,2216.0
1991,2025,213041462,2379.0
1992,2025,213041463,2681.0
1993,2025,213041571,1066.0
1994,2025,213041572,561.0
1995,2025,213041573,516.0
1996,2025,213041574,517.0
1997,2025,213041575,2337.0
1998,2025,213041576,554.0
1999,2025,213041577,1291.0
2000,2025,213041578,1444.0
2001,2025,213051361,2261.0
2002,2025,213051362,3215.0
2003,2025,213051363,812.0
2004,2025,213051368,553.0
2005,2025,213051464,919.0
2006,2025,213051466,1310.0
2007,2025,213051467,2953.0
2008,2025,213051468,580.0
2009,2025,213051579,570.0
2010,2025,213051580,2635.0
2011,2025,213051581,2384.0
2012,2025,213051582,537.0
2013,2025,213051583,2209.0
2014,2025,213051584,572.0
2015,2025,213051585,2627.0
2016,2025,213051586,597.0
2017,2025,213051587,1329.0
2018,2025,213051588,2124.0
2019,2025,213051589,550.0
2020,2025,213051590,2617.0
2021,2025,214011370,1453.0
2022,2025,214011371,2426.0
2023,2025,214011372,1970.0
2024,2025,214011373,1719.0
2025,2025,214011374,1096.0
2026,2025,214011375,1831.0
2027,2025,214011376,989.0
2028,2025,214021377,687.0
2029,2025,214021378,462.0
2030,2025,214021379,618.0
2031,2025,214021381,1259.0
2032,2025,214021382,998.0
2033,2025,214021383,737.0
2034,2025,214021384,1320.0
2035,2025,214021385,623.0
2036,2025,214021591,1436.0
2037,2025,214021592,1885.0
2038,2025,215011386,563.0
2039,2025,215011387,511.0
2040,2025,215011388,665.0
2041,2025,215011389,446.0
2042,2025,215011390,464.0
2043,2025,215011391,482.0
2044,2025,215011392,465.0
2045,2025,215011393,473.0
2046,2025,215011394,472.0
2047,2025,215021395,542.0
2048,2025,215021396,569.0
2049,2025,215021398,490.0
2050,2025,215021399,468.0
2051,2025,215021469,1184.0
2052,2025,215021470,789.0
2053,2025,215031400,531.0
2054,2025,215031401,413.0
2055,2025,215031402,501.0
2056,2025,215031403,485.0
2057,2025,215031404,588.0
2058,2025,215031405,499.0
2059,2025,216011406,537.0
2060,2025,216011407,504.0
2061,2025,216011408,502.0
2062,2025,216011409,459.0
2063,2025,216011410,440.0
2064,2025,216021411,497.0
2065,2025,216021412,496.0
2066,2025,216021413,515.0
2067,2025,216021414,559.0
2068,2025,216031415,688.0
2069,2025,216031416,753.0
2070,2025,216031418,478.0
2071,2025,216031419,452.0
2072,2025,216031593,557.0
2073,2025,216031594,691.0
2074,2025,217011420,479.0
2075,2025,217011421,544.0
2076,2025,217011422,659.0
2077,2025,217011423,487.0
2078,2025,217031471,521.0
2079,2025,217031472,688.0
2080,2025,217031473,455.0
2081,2025,217031474,496.0
2082,2025,217031475,468.0
2083,2025,217031476,473.0
2084,2025,217041477,490.0
2085,2025,217041478,502.0
2086,2025,217041479,792.0
2087,2025,217041480,588.0
2088,2026,201011001,733.0
2089,2026,201011002,1481.0
2090,2026,201011005,671.0
2091,2026,201011006,689.0
2092,2026,201011007,553.0
2093,2026,201011008,689.0
2094,2026,201011481,1008.0
2095,2026,201011482,719.0
2096,2026,201011483,983.0
2097,2026,201011484,1690.0
2098,2026,201021009,519.0
2099,2026,201021010,526.0
2100,2026,201021011,578.0
2101,2026,201021012,517.0
2102,2026,201031013,507.0
2103,2026,201031014,535.0
2104,2026,201031015,472.0
2105,2026,201031016,722.0
2106,2026,201031017,449.0
2107,2026,202011018,1478.0
2108,2026,202011019,830.0
2109,2026,202011020,1330.0
2110,2026,202011021,1224.0
2111,2026,202011022,961.0
2112,2026,202011023,599.0
2113,2026,202011024,647.0
2114,2026,202011025,614.0
2115,2026,202021026,527.0
2116,2026,202021027,615.0
2117,2026,202021028,531.0
2118,2026,202021029,518.0
2119,2026,202021030,544.0
2120,2026,202021031,554.0
2121,2026,202031032,563.0
2122,2026,202031033,527.0
2123,2026,203011034,609.0
2124,2026,203011035,506.0
2125,2026,203011036,496.0
2126,2026,203021037,2023.0
2127,2026,203021039,1500.0
2128,2026,203021040,1107.0
2129,2026,203021042,1013.0
2130,2026,203021043,525.0
2131,2026,203021044,930.0
2132,2026,203021045,887.0
2133,2026,203021046,2249.0
2134,2026,203021047,1163.0
2135,2026,203021485,680.0
2136,2026,203021486,787.0
2137,2026,203021487,988.0
2138,2026,203021488,1876.0
2139,2026,203031048,739.0
2140,2026,203031049,487.0
2141,2026,203031051,601.0
2142,2026,203031052,576.0
2143,2026,203031053,625.0
2144,2026,203031489,610.0
2145,2026,203031490,713.0
2146,2026,204011054,535.0
2147,2026,204011055,448.0
2148,2026,204011056,551.0
2149,2026,204011057,523.0
2150,2026,204011058,451.0
2151,2026,204011059,598.0
2152,2026,204011060,540.0
2153,2026,204011061,528.0
2154,2026,204011062,536.0
2155,2026,204021063,513.0
2156,2026,204021064,516.0
2157,2026,204021065,525.0
2158,2026,204021066,788.0
2159,2026,204021067,541.0
2160,2026,204031068,521.0
2161,2026,204031069,517.0
2162,2026,204031070,490.0
2163,2026,204031071,525.0
2164,2026,204031072,492.0
2165,2026,204031073,633.0
2166,2026,204031075,562.0
2167,2026,204031491,608.0
2168,2026,204031492,988.0
2169,2026,205011076,559.0
2170,2026,205011077,494.0
2171,2026,205011078,536.0
2172,2026,205011079,573.0
2173,2026,205021080,471.0
2174,2026,205021081,636.0
2175,2026,205021082,495.0
2176,2026,205021083,517.0
2177,2026,205021084,540.0
2178,2026,205021085,478.0
2179,2026,205021086,540.0
2180,2026,205031087,555.0
2181,2026,205031088,562.0
2182,2026,205031089,547.0
2183,2026,205031090,530.0
2184,2026,205031091,585.0
2185,2026,205031092,482.0
2186,2026,205031093,551.0
2187,2026,205041094,529.0
2188,2026,205041095,706.0
2189,2026,205041096,680.0
2190,2026,205041098,510.0
2191,2026,205041493,631.0
2192,2026,205041494,835.0
2193,2026,205051099,528.0
2194,2026,205051100,512.0
2195,2026,205051101,522.0
2196,2026,205051102,502.0
2197,2026,205051103,821.0
2198,2026,205051104,495.0
2199,2026,206011106,4799.0
2200,2026,206011107,4781.0
2201,2026,206011109,3802.0
2202,2026,206011495,5690.0
2203,2026,206011496,4926.0
2204,2026,206011497,3780.0
2205,2026,206011498,4867.0
2206,2026,206021110,3499.0
2207,2026,206021112,4190.0
2208,2026,206021499,4653.0
2209,2026,206021500,4223.0
2210,2026,206031113,4248.0
2211,2026,206031115,6386.0
2212,2026,206031116,3778.0
2213,2026,206031501,3606.0
2214,2026,206031502,3647.0
2215,2026,206041117,9124.0
2216,2026,206041118,3835.0
2217,2026,206041119,2250.0
2218,2026,206041120,570.0
2219,2026,206041121,5193.0
2220,2026,206041124,2214.0
2221,2026,206041125,4628.0
2222,2026,206041127,479.0
2223,2026,206041503,11465.0
2224,2026,206041504,17144.0
2225,2026,206041505,9894.0
2226,2026,206041506,5929.0
2227,2026,206041507,524.0
2228,2026,206041508,6983.0
2229,2026,206041509,11664.0
2230,2026,206041510,5794.0
2231,2026,206051128,3669.0
2232,2026,206051129,6399.0
2233,2026,206051130,5927.0
2234,2026,206051134,7425.0
2235,2026,206051511,544.0
2236,2026,206051512,6261.0
2237,2026,206051513,7915.0
2238,2026,206051514,6248.0
2239,2026,206061135,4722.0
2240,2026,206061136,7081.0
2241,2026,206061138,3722.0
2242,2026,206061515,7438.0
2243,2026,206061516,7835.0
2244,2026,206071139,4092.0
2245,2026,206071140,4298.0
2246,2026,206071141,6051.0
2247,2026,206071142,7798.0
2248,2026,206071143,5418.0
2249,2026,206071145,2213.0
2250,2026,206071517,4357.0
2251,2026,206071518,6944.0
2252,2026,207011146,3259.0
2253,2026,207011147,3390.0
2254,2026,207011148,2918.0
2255,2026,207011149,3423.0
2256,2026,207011150,3425.0
2257,2026,207011152,4385.0
2258,2026,207011154,2151.0
2259,2026,207011155,3402.0
2260,2026,207011519,4670.0
2261,2026,207011520,4174.0
2262,2026,207011521,3304.0
2263,2026,207011522,2580.0
2264,2026,207021156,2206.0
2265,2026,207021157,2846.0
2266,2026,207021159,1597.0
2267,2026,207021160,2846.0
2268,2026,207021424,2990.0
2269,2026,207021425,3363.0
2270,2026,207031161,2967.0
2271,2026,207031162,3542.0
2272,2026,207031163,3225.0
2273,2026,207031164,3311.0
2274,2026,207031165,2829.0
2275,2026,207031166,2947.0
2276,2026,207031167,3560.0
2277,2026,208011168,2779.0
2278,2026,208011169,3269.0
2279,2026,208011170,3383.0
2280,2026,208011171,2548.0
2281,2026,208011172,3594.0
2282,2026,208011173,3029.0
2283,2026,208021174,4058.0
2284,2026,208021176,5043.0
2285,2026,208021177,3794.0
2286,2026,208021178,4194.0
2287,2026,208021179,4425.0
2288,2026,208021180,4198.0
2289,2026,208021181,4133.0
2290,2026,208021182,4813.0
2291,2026,208021426,3640.0
2292,2026,208021427,3314.0
2293,2026,208031183,2069.0
2294,2026,208031184,522.0
2295,2026,208031185,2517.0
2296,2026,208031186,3008.0
2297,2026,208031187,2230.0
2298,2026,208031188,3019.0
2299,2026,208031189,2982.0
2300,2026,208031190,3289.0
2301,2026,208031191,1266.0
2302,2026,208031192,564.0
2303,2026,208031193,2949.0
2304,2026,208041194,3749.0
2305,2026,208041195,3322.0
2306,2026,209011196,2913.0
2307,2026,209011197,2625.0
2308,2026,209011198,2772.0
2309,2026,209011199,2610.0
2310,2026,209011200,2812.0
2311,2026,209011201,2357.0
2312,2026,209011202,1923.0
2313,2026,209011203,2366.0
2314,2026,209011204,2947.0
2315,2026,209021205,1607.0
2316,2026,209021428,3005.0
2317,2026,209021429,3901.0
2318,2026,209021523,3417.0
2319,2026,209021524,2819.0
2320,2026,209021525,3499.0
2321,2026,209021526,2919.0
2322,2026,209031209,1731.0
2323,2026,209031210,780.0
2324,2026,209031211,560.0
2325,2026,209031212,567.0
2326,2026,209031213,834.0
2327,2026,209031214,631.0
2328,2026,209031215,1022.0
2329,2026,209041216,1773.0
2330,2026,209041217,3082.0
2331,2026,209041220,2792.0
2332,2026,209041221,3141.0
2333,2026,209041223,2111.0
2334,2026,209041224,501.0
2335,2026,209041225,532.0
2336,2026,209041431,2064.0
2337,2026,209041432,1050.0
2338,2026,209041433,1254.0
2339,2026,209041435,1110.0
2340,2026,209041436,1924.0
2341,2026,209041437,625.0
2342,2026,209041527,1354.0
2343,2026,209041528,1518.0
2344,2026,209041529,3631.0
2345,2026,209041530,1828.0
2346,2026,209041531,816.0
2347,2026,209041532,1051.0
2348,2026,210011226,2533.0
2349,2026,210011227,520.0
2350,2026,210011228,1017.0
2351,2026,210011230,2895.0
2352,2026,210011231,2827.0
2353,2026,210011533,2750.0
2354,2026,210011534,3111.0
2355,2026,210021232,549.0
2356,2026,210021233,636.0
2357,2026,210021234,579.0
2358,2026,210021235,507.0
2359,2026,210031236,1978.0
2360,2026,210031237,3130.0
2361,2026,210031439,2164.0
2362,2026,210031440,2372.0
2363,2026,210031535,2676.0
2364,2026,210031536,3421.0
2365,2026,210031537,3429.0
2366,2026,210031538,3859.0
2367,2026,210041240,608.0
2368,2026,210041539,575.0
2369,2026,210041540,770.0
2370,2026,210041541,851.0
2371,2026,210051242,1959.0
2372,2026,210051243,1449.0
2373,2026,210051245,1755.0
2374,2026,210051246,665.0
2375,2026,210051247,3981.0
2376,2026,210051248,512.0
2377,2026,210051250,2239.0
2378,2026,210051441,2554.0
2379,2026,210051442,1106.0
2380,2026,210051443,1702.0
2381,2026,210051445,598.0
2382,2026,210051542,1820.0
2383,2026,210051543,1893.0
2384,2026,210051544,1537.0
2385,2026,210051545,3510.0
2386,2026,211011251,1995.0
2387,2026,211011254,1457.0
2388,2026,211011255,903.0
2389,2026,211011256,2427.0
2390,2026,211011257,2379.0
2391,2026,211011258,1708.0
2392,2026,211011259,2310.0
2393,2026,211011260,1919.0
2394,2026,211011446,2455.0
2395,2026,211011447,2486.0
2396,2026,211011448,2187.0
2397,2026,211011449,1337.0
2398,2026,211021261,1274.0
2399,2026,211021262,736.0
2400,2026,211031263,1729.0
2401,2026,211031265,2439.0
2402,2026,211031266,2197.0
2403,2026,211031267,2617.0
2404,2026,211031268,2593.0
2405,2026,211031450,2278.0
2406,2026,211031451,2338.0
2407,2026,211031452,2098.0
2408,2026,211041269,3078.0
2409,2026,211041270,2910.0
2410,2026,211041271,2804.0
2411,2026,211041272,2781.0
2412,2026,211041273,2522.0
2413,2026,211051274,667.0
2414,2026,211051275,953.0
2415,2026,211051276,573.0
2416,2026,211051277,1614.0
2417,2026,211051278,674.0
2418,2026,211051279,677.0
2419,2026,211051280,1205.0
2420,2026,211051281,2226.0
2421,2026,211051282,660.0
2422,2026,211051283,1099.0
2423,2026,211051284,1661.0
2424,2026,211051285,544.0
2425,2026,211051286,508.0
2426,2026,212011289,571.0
2427,2026,212011546,831.0
2428,2026,212011547,527.0
2429,2026,212011548,520.0
2430,2026,212011549,1081.0
2431,2026,212011550,623.0
2432,2026,212011551,645.0
2433,2026,212011552,1258.0
2434,2026,212021293,1630.0
2435,2026,212021295,2610.0
2436,2026,212021297,1797.0
2437,2026,212021299,732.0
2438,2026,212021453,1354.0
2439,2026,212021454,3064.0
2440,2026,212021455,3298.0
2441,2026,212021456,1962.0
2442,2026,212021553,1881.0
2443,2026,212021554,2133.0
2444,2026,212031300,1918.0
2445,2026,212031303,653.0
2446,2026,212031304,1383.0
2447,2026,212031306,1975.0
2448,2026,212031308,611.0
2449,2026,212031457,2406.0
2450,2026,212031458,2749.0
2451,2026,212031555,813.0
2452,2026,212031556,624.0
2453,2026,212031557,1478.0
2454,2026,212031558,1096.0
2455,2026,212031559,1431.0
2456,2026,212031560,2861.0
2457,2026,212031561,1988.0
2458,2026,212031562,2955.0
2459,2026,212041309,2473.0
2460,2026,212041310,2092.0
2461,2026,212041312,2932.0
2462,2026,212041313,1978.0
2463,2026,212041316,2551.0
2464,2026,212041317,2403.0
2465,2026,212041318,3254.0
2466,2026,212041459,3558.0
2467,2026,212041460,4307.0
2468,2026,212041563,3037.0
2469,2026,212041564,640.0
2470,2026,212041565,2907.0
2471,2026,212041566,792.0
2472,2026,212051319,3119.0
2473,2026,212051321,2889.0
2474,2026,212051322,3039.0
2475,2026,212051323,2926.0
2476,2026,212051324,2586.0
2477,2026,212051325,2247.0
2478,2026,212051326,2601.0
2479,2026,212051327,2533.0
2480,2026,212051567,2023.0
2481,2026,212051568,3301.0
2482,2026,213011328,2072.0
2483,2026,213011329,2431.0
2484,2026,213011331,3065.0
2485,2026,213011332,2409.0
2486,2026,213011333,3835.0
2487,2026,213011334,3592.0
2488,2026,213011335,3246.0
2489,2026,213011336,2471.0
2490,2026,213011337,1956.0
2491,2026,213011338,1901.0
2492,2026,213011339,3507.0
2493,2026,213011340,1506.0
2494,2026,213011569,2485.0
2495,2026,213011570,895.0
2496,2026,213021341,1274.0
2497,2026,213021342,2384.0
2498,2026,213021343,1365.0
2499,2026,213021344,2454.0
2500,2026,213021345,3799.0
2501,2026,213021346,2628.0
2502,2026,213031347,2720.0
2503,2026,213031348,3437.0
2504,2026,213031349,2401.0
2505,2026,213031350,5713.0
2506,2026,213031351,2352.0
2507,2026,213031352,3087.0
2508,2026,213041353,577.0
2509,2026,213041358,1123.0
2510,2026,213041359,563.0
2511,2026,213041360,2864.0
2512,2026,213041461,2251.0
2513,2026,213041462,2413.0
2514,2026,213041463,2716.0
2515,2026,213041571,1100.0
2516,2026,213041572,596.0
2517,2026,213041573,550.0
2518,2026,213041574,551.0
2519,2026,213041575,2371.0
2520,2026,213041576,588.0
2521,2026,213041577,1326.0
2522,2026,213041578,1479.0
2523,2026,213051361,2296.0
2524,2026,213051362,3249.0
2525,2026,213051363,847.0
2526,2026,213051368,587.0
2527,2026,213051464,953.0
2528,2026,213051466,1344.0
2529,2026,213051467,2987.0
2530,2026,213051468,614.0
2531,2026,213051579,604.0
2532,2026,213051580,2669.0
2533,2026,213051581,2419.0
2534,2026,213051582,572.0
2535,2026,213051583,2243.0
2536,2026,213051584,606.0
2537,2026,213051585,2661.0
2538,2026,213051586,631.0
2539,2026,213051587,1364.0
2540,2026,213051588,2159.0
2541,2026,213051589,584.0
2542,2026,213051590,2652.0
2543,2026,214011370,1488.0
2544,2026,214011371,2461.0
2545,2026,214011372,2005.0
2546,2026,214011373,1754.0
2547,2026,214011374,1130.0
2548,2026,214011375,1866.0
2549,2026,214011376,1024.0
2550,2026,214021377,721.0
2551,2026,214021378,497.0
2552,2026,214021379,652.0
2553,2026,214021381,1294.0
2554,2026,214021382,1033.0
2555,2026,214021383,772.0
2556,2026,214021384,1354.0
2557,2026,214021385,658.0
2558,2026,214021591,1471.0
2559,2026,214021592,1920.0
2560,2026,215011386,597.0
2561,2026,215011387,545.0
2562,2026,215011388,700.0
2563,2026,215011389,480.0
2564,2026,215011390,498.0
2565,2026,215011391,516.0
2566,2026,215011392,500.0
2567,2026,215011393,507.0
2568,2026,215011394,506.0
2569,2026,215021395,576.0
2570,2026,215021396,603.0
2571,2026,215021398,525.0
2572,2026,215021399,503.0
2573,2026,215021469,1219.0
2574,2026,215021470,824.0
2575,2026,215031400,566.0
2576,2026,215031401,447.0
2577,2026,215031402,535.0
2578,2026,215031403,520.0
2579,2026,215031404,623.0
2580,2026,215031405,534.0
2581,2026,216011406,572.0
2582,2026,216011407,538.0
2583,2026,216011408,536.0
2584,2026,216011409,493.0
2585,2026,216011410,474.0
2586,2026,216021411,532.0
2587,2026,216021412,531.0
2588,2026,216021413,549.0
2589,2026,216021414,594.0
2590,2026,216031415,723.0
2591,2026,216031416,787.0
2592,2026,216031418,512.0
2593,2026,216031419,486.0
2594,2026,216031593,592.0
2595,2026,216031594,725.0
2596,2026,217011420,514.0
2597,2026,217011421,579.0
2598,2026,217011422,693.0
2599,2026,217011423,522.0
2600,2026,217031471,555.0
2601,2026,217031472,723.0
2602,2026,217031473,490.0
2603,2026,217031474,530.0
2604,2026,217031475,503.0
2605,2026,217031476,508.0
2606,2026,217041477,524.0
2607,2026,217041478,536.0
2608,2026,217041479,826.0
2609,2026,217041480,623.0
2610,2027,201011001,768.0
2611,2027,201011002,1515.0
2612,2027,201011005,705.0
2613,2027,201011006,724.0
2614,2027,201011007,587.0
2615,2027,201011008,724.0
2616,2027,201011481,1043.0
2617,2027,201011482,753.0
2618,2027,201011483,1018.0
2619,2027,201011484,1725.0
2620,2027,201021009,554.0
2621,2027,201021010,560.0
2622,2027,201021011,612.0
2623,2027,201021012,551.0
2624,2027,201031013,542.0
2625,2027,201031014,570.0
2626,2027,201031015,507.0
2627,2027,201031016,757.0
2628,2027,201031017,483.0
2629,2027,202011018,1512.0
2630,2027,202011019,864.0
2631,2027,202011020,1365.0
2632,2027,202011021,1258.0
2633,2027,202011022,995.0
2634,2027,202011023,634.0
2635,2027,202011024,682.0
2636,2027,202011025,648.0
2637,2027,202021026,562.0
2638,2027,202021027,649.0
2639,2027,202021028,565.0
2640,2027,202021029,552.0
2641,2027,202021030,578.0
2642,2027,202021031,589.0
2643,2027,202031032,598.0
2644,2027,202031033,561.0
2645,2027,203011034,644.0
2646,2027,203011035,540.0
2647,2027,203011036,530.0
2648,2027,203021037,2057.0
2649,2027,203021039,1535.0
2650,2027,203021040,1142.0
2651,2027,203021042,1047.0
2652,2027,203021043,560.0
2653,2027,203021044,964.0
2654,2027,203021045,921.0
2655,2027,203021046,2283.0
2656,2027,203021047,1198.0
2657,2027,203021485,715.0
2658,2027,203021486,821.0
2659,2027,203021487,1023.0
2660,2027,203021488,1911.0
2661,2027,203031048,773.0
2662,2027,203031049,522.0
2663,2027,203031051,636.0
2664,2027,203031052,610.0
2665,2027,203031053,660.0
2666,2027,203031489,644.0
2667,2027,203031490,748.0
2668,2027,204011054,569.0
2669,2027,204011055,483.0
2670,2027,204011056,586.0
2671,2027,204011057,558.0
2672,2027,204011058,485.0
2673,2027,204011059,632.0
2674,2027,204011060,574.0
2675,2027,204011061,563.0
2676,2027,204011062,571.0
2677,2027,204021063,547.0
2678,2027,204021064,550.0
2679,2027,204021065,559.0
2680,2027,204021066,823.0
2681,2027,204021067,576.0
2682,2027,204031068,556.0
2683,2027,204031069,551.0
2684,2027,204031070,525.0
2685,2027,204031071,560.0
2686,2027,204031072,527.0
2687,2027,204031073,667.0
2688,2027,204031075,596.0
2689,2027,204031491,643.0
2690,2027,204031492,1023.0
2691,2027,205011076,593.0
2692,2027,205011077,529.0
2693,2027,205011078,570.0
2694,2027,205011079,607.0
2695,2027,205021080,505.0
2696,2027,205021081,671.0
2697,2027,205021082,529.0
2698,2027,205021083,551.0
2699,2027,205021084,575.0
2700,2027,205021085,513.0
2701,2027,205021086,574.0
2702,2027,205031087,590.0
2703,2027,205031088,596.0
2704,2027,205031089,582.0
2705,2027,205031090,564.0
2706,2027,205031091,619.0
2707,2027,205031092,517.0
2708,2027,205031093,586.0
2709,2027,205041094,564.0
2710,2027,205041095,741.0
2711,2027,205041096,715.0
2712,2027,205041098,545.0
2713,2027,205041493,665.0
2714,2027,205041494,870.0
2715,2027,205051099,563.0
2716,2027,205051100,546.0
2717,2027,205051101,557.0
2718,2027,205051102,536.0
2719,2027,205051103,855.0
2720,2027,205051104,529.0
2721,2027,206011106,4833.0
2722,2027,206011107,4816.0
2723,2027,206011109,3836.0
2724,2027,206011495,5724.0
2725,2027,206011496,4960.0
2726,2027,206011497,3814.0
2727,2027,206011498,4901.0
2728,2027,206021110,3533.0
2729,2027,206021112,4224.0
2730,2027,206021499,4688.0
2731,2027,206021500,4258.0
2732,2027,206031113,4282.0
2733,2027,206031115,6421.0
2734,2027,206031116,3813.0
2735,2027,206031501,3640.0
2736,2027,206031502,3681.0
2737,2027,206041117,9158.0
2738,2027,206041118,3869.0
2739,2027,206041119,2285.0
2740,2027,206041120,605.0
2741,2027,206041121,5227.0
2742,2027,206041124,2248.0
2743,2027,206041125,4663.0
2744,2027,206041127,514.0
2745,2027,206041503,11499.0
2746,2027,206041504,17179.0
2747,2027,206041505,9928.0
2748,2027,206041506,5964.0
2749,2027,206041507,558.0
2750,2027,206041508,7017.0
2751,2027,206041509,11699.0
2752,2027,206041510,5829.0
2753,2027,206051128,3703.0
2754,2027,206051129,6433.0
2755,2027,206051130,5961.0
2756,2027,206051134,7460.0
2757,2027,206051511,579.0
2758,2027,206051512,6295.0
2759,2027,206051513,7950.0
2760,2027,206051514,6283.0
2761,2027,206061135,4757.0
2762,2027,206061136,7115.0
2763,2027,206061138,3757.0
2764,2027,206061515,7473.0
2765,2027,206061516,7870.0
2766,2027,206071139,4126.0
2767,2027,206071140,4333.0
2768,2027,206071141,6085.0
2769,2027,206071142,7833.0
2770,2027,206071143,5453.0
2771,2027,206071145,2248.0
2772,2027,206071517,4391.0
2773,2027,206071518,6979.0
2774,2027,207011146,3294.0
2775,2027,207011147,3425.0
2776,2027,207011148,2953.0
2777,2027,207011149,3457.0
2778,2027,207011150,3459.0
2779,2027,207011152,4420.0
2780,2027,207011154,2185.0
2781,2027,207011155,3437.0
2782,2027,207011519,4705.0
2783,2027,207011520,4208.0
2784,2027,207011521,3339.0
2785,2027,207011522,2614.0
2786,2027,207021156,2240.0
2787,2027,207021157,2881.0
2788,2027,207021159,1632.0
2789,2027,207021160,2880.0
2790,2027,207021424,3025.0
2791,2027,207021425,3398.0
2792,2027,207031161,3001.0
2793,2027,207031162,3576.0
2794,2027,207031163,3259.0
2795,2027,207031164,3345.0
2796,2027,207031165,2864.0
2797,2027,207031166,2981.0
2798,2027,207031167,3595.0
2799,2027,208011168,2813.0
2800,2027,208011169,3304.0
2801,2027,208011170,3418.0
2802,2027,208011171,2583.0
2803,2027,208011172,3628.0
2804,2027,208011173,3063.0
2805,2027,208021174,4092.0
2806,2027,208021176,5078.0
2807,2027,208021177,3828.0
2808,2027,208021178,4229.0
2809,2027,208021179,4459.0
2810,2027,208021180,4232.0
2811,2027,208021181,4168.0
2812,2027,208021182,4848.0
2813,2027,208021426,3675.0
2814,2027,208021427,3349.0
2815,2027,208031183,2103.0
2816,2027,208031184,556.0
2817,2027,208031185,2551.0
2818,2027,208031186,3043.0
2819,2027,208031187,2264.0
2820,2027,208031188,3053.0
2821,2027,208031189,3017.0
2822,2027,208031190,3323.0
2823,2027,208031191,1300.0
2824,2027,208031192,599.0
2825,2027,208031193,2984.0
2826,2027,208041194,3784.0
2827,2027,208041195,3357.0
2828,2027,209011196,2947.0
2829,2027,209011197,2660.0
2830,2027,209011198,2807.0
2831,2027,209011199,2645.0
2832,2027,209011200,2846.0
2833,2027,209011201,2391.0
2834,2027,209011202,1957.0
2835,2027,209011203,2400.0
2836,2027,209011204,2981.0
2837,2027,209021205,1641.0
2838,2027,209021428,3040.0
2839,2027,209021429,3935.0
2840,2027,209021523,3451.0
2841,2027,209021524,2853.0
2842,2027,209021525,3533.0
2843,2027,209021526,2953.0
2844,2027,209031209,1765.0
2845,2027,209031210,815.0
2846,2027,209031211,594.0
2847,2027,209031212,602.0
2848,2027,209031213,868.0
2849,2027,209031214,665.0
2850,2027,209031215,1057.0
2851,2027,209041216,1808.0
2852,2027,209041217,3117.0
2853,2027,209041220,2826.0
2854,2027,209041221,3176.0
2855,2027,209041223,2145.0
2856,2027,209041224,535.0
2857,2027,209041225,567.0
2858,2027,209041431,2098.0
2859,2027,209041432,1084.0
2860,2027,209041433,1289.0
2861,2027,209041435,1145.0
2862,2027,209041436,1959.0
2863,2027,209041437,660.0
2864,2027,209041527,1388.0
2865,2027,209041528,1552.0
2866,2027,209041529,3666.0
2867,2027,209041530,1862.0
2868,2027,209041531,850.0
2869,2027,209041532,1085.0
2870,2027,210011226,2567.0
2871,2027,210011227,554.0
2872,2027,210011228,1052.0
2873,2027,210011230,2930.0
2874,2027,210011231,2862.0
2875,2027,210011533,2784.0
2876,2027,210011534,3145.0
2877,2027,210021232,583.0
2878,2027,210021233,670.0
2879,2027,210021234,613.0
2880,2027,210021235,542.0
2881,2027,210031236,2013.0
2882,2027,210031237,3164.0
2883,2027,210031439,2199.0
2884,2027,210031440,2407.0
2885,2027,210031535,2711.0
2886,2027,210031536,3455.0
2887,2027,210031537,3463.0
2888,2027,210031538,3893.0
2889,2027,210041240,642.0
2890,2027,210041539,609.0
2891,2027,210041540,804.0
2892,2027,210041541,885.0
2893,2027,210051242,1994.0
2894,2027,210051243,1484.0
2895,2027,210051245,1790.0
2896,2027,210051246,700.0
2897,2027,210051247,4016.0
2898,2027,210051248,546.0
2899,2027,210051250,2274.0
2900,2027,210051441,2588.0
2901,2027,210051442,1141.0
2902,2027,210051443,1736.0
2903,2027,210051445,632.0
2904,2027,210051542,1854.0
2905,2027,210051543,1927.0
2906,2027,210051544,1571.0
2907,2027,210051545,3545.0
2908,2027,211011251,2030.0
2909,2027,211011254,1492.0
2910,2027,211011255,938.0
2911,2027,211011256,2462.0
2912,2027,211011257,2413.0
2913,2027,211011258,1743.0
2914,2027,211011259,2345.0
2915,2027,211011260,1954.0
2916,2027,211011446,2489.0
2917,2027,211011447,2521.0
2918,2027,211011448,2221.0
2919,2027,211011449,1372.0
2920,2027,211021261,1309.0
2921,2027,211021262,771.0
2922,2027,211031263,1763.0
2923,2027,211031265,2473.0
2924,2027,211031266,2231.0
2925,2027,211031267,2651.0
2926,2027,211031268,2628.0
2927,2027,211031450,2313.0
2928,2027,211031451,2373.0
2929,2027,211031452,2132.0
2930,2027,211041269,3112.0
2931,2027,211041270,2945.0
2932,2027,211041271,2839.0
2933,2027,211041272,2815.0
2934,2027,211041273,2557.0
2935,2027,211051274,702.0
2936,2027,211051275,988.0
2937,2027,211051276,608.0
2938,2027,211051277,1648.0
2939,2027,211051278,708.0
2940,2027,211051279,711.0
2941,2027,211051280,1240.0
2942,2027,211051281,2260.0
2943,2027,211051282,694.0
2944,2027,211051283,1134.0
2945,2027,211051284,1696.0
2946,2027,211051285,578.0
2947,2027,211051286,542.0
2948,2027,212011289,605.0
2949,2027,212011546,865.0
2950,2027,212011547,562.0
2951,2027,212011548,554.0
2952,2027,212011549,1115.0
2953,2027,212011550,657.0
2954,2027,212011551,679.0
2955,2027,212011552,1293.0
2956,2027,212021293,1664.0
2957,2027,212021295,2645.0
2958,2027,212021297,1831.0
2959,2027,212021299,767.0
2960,2027,212021453,1388.0
2961,2027,212021454,3098.0
2962,2027,212021455,3332.0
2963,2027,212021456,1996.0
2964,2027,212021553,1916.0
2965,2027,212021554,2167.0
2966,2027,212031300,1953.0
2967,2027,212031303,688.0
2968,2027,212031304,1417.0
2969,2027,212031306,2009.0
2970,2027,212031308,645.0
2971,2027,212031457,2441.0
2972,2027,212031458,2783.0
2973,2027,212031555,847.0
2974,2027,212031556,658.0
2975,2027,212031557,1512.0
2976,2027,212031558,1130.0
2977,2027,212031559,1465.0
2978,2027,212031560,2895.0
2979,2027,212031561,2023.0
2980,2027,212031562,2989.0
2981,2027,212041309,2507.0
2982,2027,212041310,2126.0
2983,2027,212041312,2967.0
2984,2027,212041313,2012.0
2985,2027,212041316,2585.0
2986,2027,212041317,2437.0
2987,2027,212041318,3288.0
2988,2027,212041459,3592.0
2989,2027,212041460,4341.0
2990,2027,212041563,3072.0
2991,2027,212041564,674.0
2992,2027,212041565,2941.0
2993,2027,212041566,826.0
2994,2027,212051319,3154.0
2995,2027,212051321,2923.0
2996,2027,212051322,3073.0
2997,2027,212051323,2961.0
2998,2027,212051324,2621.0
2999,2027,212051325,2281.0
3000,2027,212051326,2636.0
3001,2027,212051327,2568.0
3002,2027,212051567,2057.0
3003,2027,212051568,3335.0
3004,2027,213011328,2106.0
3005,2027,213011329,2466.0
3006,2027,213011331,3099.0
3007,2027,213011332,2444.0
3008,2027,213011333,3869.0
3009,2027,213011334,3627.0
3010,2027,213011335,3280.0
3011,2027,213011336,2505.0
3012,2027,213011337,1990.0
3013,2027,213011338,1935.0
3014,2027,213011339,3541.0
3015,2027,213011340,1541.0
3016,2027,213011569,2520.0
3017,2027,213011570,929.0
3018,2027,213021341,1308.0
3019,2027,213021342,2419.0
3020,2027,213021343,1399.0
3021,2027,213021344,2489.0
3022,2027,213021345,3833.0
3023,2027,213021346,2663.0
3024,2027,213031347,2755.0
3025,2027,213031348,3471.0
3026,2027,213031349,2435.0
3027,2027,213031350,5748.0
3028,2027,213031351,2386.0
3029,2027,213031352,3121.0
3030,2027,213041353,612.0
3031,2027,213041358,1157.0
3032,2027,213041359,597.0
3033,2027,213041360,2898.0
3034,2027,213041461,2285.0
3035,2027,213041462,2448.0
3036,2027,213041463,2750.0
3037,2027,213041571,1135.0
3038,2027,213041572,630.0
3039,2027,213041573,584.0
3040,2027,213041574,586.0
3041,2027,213041575,2406.0
3042,2027,213041576,623.0
3043,2027,213041577,1360.0
3044,2027,213041578,1513.0
3045,2027,213051361,2330.0
3046,2027,213051362,3284.0
3047,2027,213051363,881.0
3048,2027,213051368,621.0
3049,2027,213051464,988.0
3050,2027,213051466,1379.0
3051,2027,213051467,3021.0
3052,2027,213051468,649.0
3053,2027,213051579,639.0
3054,2027,213051580,2704.0
3055,2027,213051581,2453.0
3056,2027,213051582,606.0
3057,2027,213051583,2277.0
3058,2027,213051584,641.0
3059,2027,213051585,2696.0
3060,2027,213051586,666.0
3061,2027,213051587,1398.0
3062,2027,213051588,2193.0
3063,2027,213051589,619.0
3064,2027,213051590,2686.0
3065,2027,214011370,1522.0
3066,2027,214011371,2495.0
3067,2027,214011372,2039.0
3068,2027,214011373,1788.0
3069,2027,214011374,1165.0
3070,2027,214011375,1900.0
3071,2027,214011376,1058.0
3072,2027,214021377,756.0
3073,2027,214021378,531.0
3074,2027,214021379,687.0
3075,2027,214021381,1328.0
3076,2027,214021382,1067.0
3077,2027,214021383,806.0
3078,2027,214021384,1389.0
3079,2027,214021385,692.0
3080,2027,214021591,1505.0
3081,2027,214021592,1954.0
3082,2027,215011386,632.0
3083,2027,215011387,580.0
3084,2027,215011388,734.0
3085,2027,215011389,515.0
3086,2027,215011390,533.0
3087,2027,215011391,550.0
3088,2027,215011392,534.0
3089,2027,215011393,542.0
3090,2027,215011394,541.0
3091,2027,215021395,611.0
3092,2027,215021396,638.0
3093,2027,215021398,559.0
3094,2027,215021399,537.0
3095,2027,215021469,1253.0
3096,2027,215021470,858.0
3097,2027,215031400,600.0
3098,2027,215031401,482.0
3099,2027,215031402,570.0
3100,2027,215031403,554.0
3101,2027,215031404,657.0
3102,2027,215031405,568.0
3103,2027,216011406,606.0
3104,2027,216011407,572.0
3105,2027,216011408,571.0
3106,2027,216011409,528.0
3107,2027,216011410,509.0
3108,2027,216021411,566.0
3109,2027,216021412,565.0
3110,2027,216021413,584.0
3111,2027,216021414,628.0
3112,2027,216031415,757.0
3113,2027,216031416,822.0
3114,2027,216031418,547.0
3115,2027,216031419,521.0
3116,2027,216031593,626.0
3117,2027,216031594,760.0
3118,2027,217011420,548.0
3119,2027,217011421,613.0
3120,2027,217011422,728.0
3121,2027,217011423,556.0
3122,2027,217031471,590.0
3123,2027,217031472,757.0
3124,2027,217031473,524.0
3125,2027,217031474,565.0
3126,2027,217031475,537.0
3127,2027,217031476,542.0
3128,2027,217041477,559.0
3129,2027,217041478,570.0
3130,2027,217041479,861.0
3131,2027,217041480,657.0
