,Year,Postcode,crime_count
0,2023,3000,15867
1,2023,3002,1089
2,2023,3003,1047
3,2023,3004,5324
4,2023,3006,3624
5,2023,3008,2798
6,2023,3011,3137
7,2023,3012,2267
8,2023,3013,902
9,2023,3015,1172
10,2023,3016,1302
11,2023,3018,954
12,2023,3019,1382
13,2023,3020,6243
14,2023,3021,5224
15,2023,3022,451
16,2023,3023,4269
17,2023,3024,1582
18,2023,3025,1183
19,2023,3026,1334
20,2023,3027,435
21,2023,3028,1918
22,2023,3029,6048
23,2023,3030,6495
24,2023,3031,2407
25,2023,3032,3155
26,2023,3033,785
27,2023,3034,510
28,2023,3036,403
29,2023,3037,2214
30,2023,3038,2095
31,2023,3039,1512
32,2023,3040,1595
33,2023,3041,882
34,2023,3042,1574
35,2023,3043,1800
36,2023,3044,1544
37,2023,3045,644
38,2023,3046,2766
39,2023,3047,4391
40,2023,3048,1989
41,2023,3049,697
42,2023,3051,1722
43,2023,3052,1193
44,2023,3053,2106
45,2023,3054,708
46,2023,3055,969
47,2023,3056,2865
48,2023,3057,887
49,2023,3058,3533
50,2023,3059,753
51,2023,3060,1077
52,2023,3061,1495
53,2023,3062,280
54,2023,3063,105
55,2023,3064,5353
56,2023,3065,2708
57,2023,3066,2143
58,2023,3067,1358
59,2023,3068,1710
60,2023,3070,1941
61,2023,3071,1509
62,2023,3072,5349
63,2023,3073,4482
64,2023,3074,2499
65,2023,3075,1522
66,2023,3076,3366
67,2023,3078,851
68,2023,3079,959
69,2023,3081,1931
70,2023,3082,2176
71,2023,3083,2559
72,2023,3084,2349
73,2023,3085,773
74,2023,3087,634
75,2023,3088,1572
76,2023,3089,621
77,2023,3090,171
78,2023,3091,105
79,2023,3093,222
80,2023,3094,328
81,2023,3095,1119
82,2023,3096,120
83,2023,3097,108
84,2023,3099,266
85,2023,3101,1510
86,2023,3102,294
87,2023,3103,627
88,2023,3104,641
89,2023,3105,490
90,2023,3106,534
91,2023,3107,513
92,2023,3108,1503
93,2023,3109,1003
94,2023,3111,404
95,2023,3113,269
96,2023,3114,159
97,2023,3115,143
98,2023,3116,700
99,2023,3121,4739
100,2023,3122,1503
101,2023,3123,752
102,2023,3124,1121
103,2023,3125,957
104,2023,3126,307
105,2023,3127,674
106,2023,3128,1846
107,2023,3129,536
108,2023,3130,1300
109,2023,3131,1337
110,2023,3132,985
111,2023,3133,809
112,2023,3134,3489
113,2023,3135,1117
114,2023,3136,2571
115,2023,3137,787
116,2023,3138,1226
117,2023,3139,587
118,2023,3140,1735
119,2023,3141,2739
120,2023,3142,882
121,2023,3143,601
122,2023,3144,799
123,2023,3145,2351
124,2023,3146,984
125,2023,3147,1057
126,2023,3148,851
127,2023,3149,1495
128,2023,3150,2457
129,2023,3151,596
130,2023,3152,2448
131,2023,3153,2099
132,2023,3154,302
133,2023,3155,2249
134,2023,3156,2185
135,2023,3158,327
136,2023,3159,124
137,2023,3160,562
138,2023,3161,736
139,2023,3162,879
140,2023,3163,1606
141,2023,3165,1087
142,2023,3166,2000
143,2023,3167,577
144,2023,3168,2037
145,2023,3169,1148
146,2023,3170,1567
147,2023,3171,2429
148,2023,3172,1189
149,2023,3173,1661
150,2023,3174,3174
151,2023,3175,10394
152,2023,3177,1457
153,2023,3178,1785
154,2023,3179,510
155,2023,3180,582
156,2023,3181,3599
157,2023,3182,4769
158,2023,3183,1398
159,2023,3184,991
160,2023,3185,896
161,2023,3186,1303
162,2023,3187,665
163,2023,3188,1191
164,2023,3189,1154
165,2023,3190,979
166,2023,3191,637
167,2023,3192,1919
168,2023,3193,596
169,2023,3194,956
170,2023,3195,2319
171,2023,3196,1563
172,2023,3197,1010
173,2023,3198,1926
174,2023,3199,8349
175,2023,3200,1010
176,2023,3201,1796
177,2023,3202,260
178,2023,3204,1463
179,2023,3205,2369
180,2023,3206,905
181,2023,3207,2019
182,2023,3211,286
183,2023,3212,1016
184,2023,3213,243
185,2023,3214,4574
186,2023,3215,1850
187,2023,3216,2965
188,2023,3217,432
189,2023,3218,1313
190,2023,3219,2165
191,2023,3220,4104
192,2023,3221,90
193,2023,3222,560
194,2023,3223,452
195,2023,3224,706
196,2023,3225,241
197,2023,3226,514
198,2023,3227,254
199,2023,3228,740
200,2023,3230,203
201,2023,3231,103
202,2023,3232,205
203,2023,3233,214
204,2023,3234,83
205,2023,3235,82
206,2023,3236,73
207,2023,3237,78
208,2023,3238,89
209,2023,3239,88
210,2023,3240,148
211,2023,3241,231
212,2023,3242,89
213,2023,3243,54
214,2023,3249,170
215,2023,3250,1243
216,2023,3251,74
217,2023,3254,78
218,2023,3260,337
219,2023,3264,238
220,2023,3265,161
221,2023,3266,172
222,2023,3267,83
223,2023,3268,154
224,2023,3269,98
225,2023,3270,80
226,2023,3271,90
227,2023,3272,160
228,2023,3273,70
229,2023,3274,83
230,2023,3275,84
231,2023,3276,75
232,2023,3277,137
233,2023,3278,76
234,2023,3279,76
235,2023,3280,3218
236,2023,3281,93
237,2023,3282,136
238,2023,3283,112
239,2023,3284,213
240,2023,3285,107
241,2023,3286,84
242,2023,3287,73
243,2023,3289,102
244,2023,3292,90
245,2023,3293,75
246,2023,3294,111
247,2023,3300,1070
248,2023,3301,82
249,2023,3302,81
250,2023,3303,75
251,2023,3304,219
252,2023,3305,1331
253,2023,3309,79
254,2023,3310,83
255,2023,3311,135
256,2023,3312,103
257,2023,3314,83
258,2023,3315,129
259,2023,3317,77
260,2023,3318,104
261,2023,3319,85
262,2023,3321,94
263,2023,3322,73
264,2023,3323,81
265,2023,3324,81
266,2023,3325,63
267,2023,3328,91
268,2023,3329,64
269,2023,3330,97
270,2023,3331,240
271,2023,3332,89
272,2023,3333,122
273,2023,3334,87
274,2023,3335,501
275,2023,3336,372
276,2023,3337,4307
277,2023,3338,2325
278,2023,3340,1677
279,2023,3341,128
280,2023,3342,360
281,2023,3345,117
282,2023,3350,6985
283,2023,3351,377
284,2023,3352,769
285,2023,3355,1723
286,2023,3356,1662
287,2023,3357,196
288,2023,3358,154
289,2023,3360,94
290,2023,3361,80
291,2023,3363,303
292,2023,3364,135
293,2023,3370,150
294,2023,3371,127
295,2023,3373,246
296,2023,3374,109
297,2023,3375,85
298,2023,3377,1171
299,2023,3378,71
300,2023,3379,87
301,2023,3380,894
302,2023,3381,122
303,2023,3384,75
304,2023,3385,99
305,2023,3387,76
306,2023,3388,97
307,2023,3390,137
308,2023,3391,75
309,2023,3392,80
310,2023,3393,279
311,2023,3395,85
312,2023,3396,92
313,2023,3400,2362
314,2023,3401,232
315,2023,3407,71
316,2023,3409,103
317,2023,3412,73
318,2023,3413,75
319,2023,3414,179
320,2023,3415,60
321,2023,3418,210
322,2023,3419,88
323,2023,3420,79
324,2023,3423,87
325,2023,3424,99
326,2023,3427,349
327,2023,3428,152
328,2023,3429,2712
329,2023,3430,92
330,2023,3431,184
331,2023,3432,78
332,2023,3433,71
333,2023,3434,283
334,2023,3435,211
335,2023,3437,559
336,2023,3438,141
337,2023,3440,176
338,2023,3441,104
339,2023,3442,382
340,2023,3444,660
341,2023,3446,133
342,2023,3447,75
343,2023,3448,107
344,2023,3450,656
345,2023,3451,212
346,2023,3453,166
347,2023,3458,148
348,2023,3460,257
349,2023,3461,175
350,2023,3462,118
351,2023,3463,156
352,2023,3464,131
353,2023,3465,1058
354,2023,3467,138
355,2023,3468,91
356,2023,3469,81
357,2023,3472,158
358,2023,3475,96
359,2023,3477,104
360,2023,3478,271
361,2023,3480,140
362,2023,3482,77
363,2023,3483,90
364,2023,3485,69
365,2023,3487,65
366,2023,3488,73
367,2023,3489,76
368,2023,3490,146
369,2023,3491,78
370,2023,3494,104
371,2023,3496,487
372,2023,3498,368
373,2023,3500,5100
374,2023,3501,145
375,2023,3505,409
376,2023,3507,58
377,2023,3509,85
378,2023,3512,95
379,2023,3515,119
380,2023,3516,134
381,2023,3517,172
382,2023,3518,169
383,2023,3520,78
384,2023,3521,124
385,2023,3522,94
386,2023,3523,282
387,2023,3525,163
388,2023,3527,99
389,2023,3529,61
390,2023,3531,82
391,2023,3533,96
392,2023,3537,88
393,2023,3540,89
394,2023,3542,80
395,2023,3544,75
396,2023,3546,96
397,2023,3549,449
398,2023,3550,5673
399,2023,3551,1087
400,2023,3555,1729
401,2023,3556,1178
402,2023,3557,135
403,2023,3558,135
404,2023,3559,95
405,2023,3561,344
406,2023,3562,88
407,2023,3563,94
408,2023,3564,1948
409,2023,3565,61
410,2023,3566,99
411,2023,3567,93
412,2023,3568,210
413,2023,3570,102
414,2023,3571,94
415,2023,3572,65
416,2023,3573,79
417,2023,3575,104
418,2023,3579,481
419,2023,3580,102
420,2023,3581,82
421,2023,3583,87
422,2023,3584,118
423,2023,3585,1728
424,2023,3586,95
425,2023,3588,81
426,2023,3589,92
427,2023,3590,97
428,2023,3591,66
429,2023,3594,85
430,2023,3595,113
431,2023,3596,70
432,2023,3597,74
433,2023,3599,76
434,2023,3607,85
435,2023,3608,258
436,2023,3610,194
437,2023,3612,204
438,2023,3614,101
439,2023,3616,342
440,2023,3617,70
441,2023,3618,112
442,2023,3620,679
443,2023,3621,218
444,2023,3622,102
445,2023,3623,116
446,2023,3624,105
447,2023,3629,1238
448,2023,3630,5753
449,2023,3631,733
450,2023,3633,99
451,2023,3634,155
452,2023,3635,95
453,2023,3636,371
454,2023,3637,79
455,2023,3638,169
456,2023,3639,118
457,2023,3640,124
458,2023,3641,133
459,2023,3644,814
460,2023,3646,94
461,2023,3649,93
462,2023,3658,532
463,2023,3659,149
464,2023,3660,1429
465,2023,3662,80
466,2023,3663,79
467,2023,3664,141
468,2023,3665,87
469,2023,3666,289
470,2023,3669,133
471,2023,3670,124
472,2023,3672,1194
473,2023,3673,112
474,2023,3675,141
475,2023,3677,2257
476,2023,3678,239
477,2023,3682,96
478,2023,3683,139
479,2023,3685,182
480,2023,3687,95
481,2023,3688,101
482,2023,3690,3158
483,2023,3691,319
484,2023,3695,88
485,2023,3697,72
486,2023,3698,75
487,2023,3699,94
488,2023,3700,121
489,2023,3701,88
490,2023,3704,78
491,2023,3705,66
492,2023,3707,145
493,2023,3708,58
494,2023,3709,67
495,2023,3711,89
496,2023,3712,91
497,2023,3713,146
498,2023,3714,234
499,2023,3715,84
500,2023,3717,242
501,2023,3718,82
502,2023,3719,94
503,2023,3720,94
504,2023,3722,361
505,2023,3723,207
506,2023,3725,77
507,2023,3726,85
508,2023,3727,61
509,2023,3728,104
510,2023,3730,503
511,2023,3732,86
512,2023,3733,64
513,2023,3735,77
514,2023,3737,337
515,2023,3738,82
516,2023,3739,79
517,2023,3740,94
518,2023,3741,178
519,2023,3744,69
520,2023,3746,66
521,2023,3747,229
522,2023,3749,98
523,2023,3750,565
524,2023,3751,82
525,2023,3752,1272
526,2023,3753,256
527,2023,3754,2014
528,2023,3755,75
529,2023,3756,1166
530,2023,3757,549
531,2023,3758,251
532,2023,3759,79
533,2023,3760,70
534,2023,3761,99
535,2023,3762,65
536,2023,3763,140
537,2023,3764,755
538,2023,3765,385
539,2023,3766,103
540,2023,3767,131
541,2023,3770,207
542,2023,3775,246
543,2023,3777,525
544,2023,3778,95
545,2023,3779,98
546,2023,3781,279
547,2023,3782,352
548,2023,3783,196
549,2023,3785,75
550,2023,3786,103
551,2023,3787,88
552,2023,3788,153
553,2023,3789,72
554,2023,3791,103
555,2023,3792,79
556,2023,3793,194
557,2023,3795,112
558,2023,3796,422
559,2023,3797,245
560,2023,3799,358
561,2023,3802,1355
562,2023,3803,1150
563,2023,3804,432
564,2023,3805,4166
565,2023,3806,2392
566,2023,3807,393
567,2023,3808,129
568,2023,3809,701
569,2023,3810,3894
570,2023,3812,154
571,2023,3813,111
572,2023,3814,181
573,2023,3815,192
574,2023,3816,303
575,2023,3818,1260
576,2023,3820,1579
577,2023,3821,181
578,2023,3822,113
579,2023,3823,218
580,2023,3824,421
581,2023,3825,3503
582,2023,3831,135
583,2023,3832,98
584,2023,3833,120
585,2023,3835,98
586,2023,3840,4393
587,2023,3842,672
588,2023,3844,4428
589,2023,3847,256
590,2023,3850,2421
591,2023,3851,457
592,2023,3854,111
593,2023,3856,105
594,2023,3857,82
595,2023,3858,351
596,2023,3859,102
597,2023,3860,516
598,2023,3862,209
599,2023,3864,94
600,2023,3865,72
601,2023,3869,135
602,2023,3870,121
603,2023,3871,189
604,2023,3873,76
605,2023,3874,109
606,2023,3875,2321
607,2023,3878,99
608,2023,3880,234
609,2023,3882,95
610,2023,3885,150
611,2023,3886,82
612,2023,3887,125
613,2023,3888,388
614,2023,3889,95
615,2023,3890,117
616,2023,3891,75
617,2023,3892,141
618,2023,3893,66
619,2023,3895,79
620,2023,3896,78
621,2023,3898,104
622,2023,3900,75
623,2023,3902,79
624,2023,3903,125
625,2023,3904,109
626,2023,3909,1016
627,2023,3910,1068
628,2023,3911,346
629,2023,3912,824
630,2023,3913,237
631,2023,3915,1525
632,2023,3916,94
633,2023,3918,233
634,2023,3919,274
635,2023,3920,39
636,2023,3922,754
637,2023,3923,90
638,2023,3925,270
639,2023,3926,163
640,2023,3927,134
641,2023,3928,84
642,2023,3929,108
643,2023,3930,555
644,2023,3931,1983
645,2023,3933,164
646,2023,3934,534
647,2023,3936,830
648,2023,3937,116
649,2023,3938,203
650,2023,3939,1701
651,2023,3940,465
652,2023,3941,1082
653,2023,3942,184
654,2023,3943,247
655,2023,3944,145
656,2023,3945,96
657,2023,3946,79
658,2023,3950,422
659,2023,3951,90
660,2023,3953,529
661,2023,3954,70
662,2023,3956,171
663,2023,3957,78
664,2023,3958,66
665,2023,3959,114
666,2023,3960,164
667,2023,3962,120
668,2023,3964,71
669,2023,3965,81
670,2023,3966,106
671,2023,3967,68
672,2023,3971,377
673,2023,3975,823
674,2023,3976,1517
675,2023,3977,6691
676,2023,3978,975
677,2023,3979,84
678,2023,3980,237
679,2023,3981,330
680,2023,3984,488
681,2023,3987,109
682,2023,3988,117
683,2023,3990,79
684,2023,3991,117
685,2023,3992,114
686,2023,3995,1099
687,2023,3996,338
688,2023,3506,64
689,2023,3530,70
690,2023,3647,33
691,2023,3576,62
692,2023,3852,61
693,2024,3000,15879
694,2024,3002,1101
695,2024,3003,1059
696,2024,3004,5336
697,2024,3006,3636
698,2024,3008,2810
699,2024,3011,3148
700,2024,3012,2279
701,2024,3013,914
702,2024,3015,1183
703,2024,3016,1314
704,2024,3018,966
705,2024,3019,1394
706,2024,3020,6255
707,2024,3021,5236
708,2024,3022,463
709,2024,3023,4281
710,2024,3024,1594
711,2024,3025,1195
712,2024,3026,1346
713,2024,3027,447
714,2024,3028,1930
715,2024,3029,6060
716,2024,3030,6507
717,2024,3031,2419
718,2024,3032,3167
719,2024,3033,797
720,2024,3034,522
721,2024,3036,415
722,2024,3037,2226
723,2024,3038,2107
724,2024,3039,1523
725,2024,3040,1607
726,2024,3041,894
727,2024,3042,1586
728,2024,3043,1812
729,2024,3044,1556
730,2024,3045,655
731,2024,3046,2778
732,2024,3047,4403
733,2024,3048,2001
734,2024,3049,709
735,2024,3051,1734
736,2024,3052,1205
737,2024,3053,2118
738,2024,3054,720
739,2024,3055,980
740,2024,3056,2876
741,2024,3057,898
742,2024,3058,3545
743,2024,3059,765
744,2024,3060,1089
745,2024,3061,1507
746,2024,3062,292
747,2024,3063,117
748,2024,3064,5365
749,2024,3065,2720
750,2024,3066,2155
751,2024,3067,1370
752,2024,3068,1722
753,2024,3070,1953
754,2024,3071,1521
755,2024,3072,5361
756,2024,3073,4494
757,2024,3074,2511
758,2024,3075,1534
759,2024,3076,3378
760,2024,3078,863
761,2024,3079,971
762,2024,3081,1943
763,2024,3082,2188
764,2024,3083,2571
765,2024,3084,2361
766,2024,3085,785
767,2024,3087,646
768,2024,3088,1584
769,2024,3089,633
770,2024,3090,183
771,2024,3091,117
772,2024,3093,234
773,2024,3094,340
774,2024,3095,1131
775,2024,3096,132
776,2024,3097,120
777,2024,3099,278
778,2024,3101,1522
779,2024,3102,306
780,2024,3103,639
781,2024,3104,653
782,2024,3105,502
783,2024,3106,546
784,2024,3107,525
785,2024,3108,1515
786,2024,3109,1015
787,2024,3111,416
788,2024,3113,281
789,2024,3114,171
790,2024,3115,154
791,2024,3116,712
792,2024,3121,4751
793,2024,3122,1515
794,2024,3123,764
795,2024,3124,1133
796,2024,3125,969
797,2024,3126,319
798,2024,3127,686
799,2024,3128,1858
800,2024,3129,548
801,2024,3130,1312
802,2024,3131,1348
803,2024,3132,997
804,2024,3133,821
805,2024,3134,3501
806,2024,3135,1128
807,2024,3136,2583
808,2024,3137,799
809,2024,3138,1238
810,2024,3139,599
811,2024,3140,1747
812,2024,3141,2751
813,2024,3142,894
814,2024,3143,613
815,2024,3144,811
816,2024,3145,2363
817,2024,3146,996
818,2024,3147,1069
819,2024,3148,863
820,2024,3149,1507
821,2024,3150,2469
822,2024,3151,607
823,2024,3152,2460
824,2024,3153,2111
825,2024,3154,314
826,2024,3155,2261
827,2024,3156,2197
828,2024,3158,339
829,2024,3159,136
830,2024,3160,574
831,2024,3161,748
832,2024,3162,891
833,2024,3163,1618
834,2024,3165,1099
835,2024,3166,2012
836,2024,3167,589
837,2024,3168,2049
838,2024,3169,1160
839,2024,3170,1579
840,2024,3171,2441
841,2024,3172,1201
842,2024,3173,1673
843,2024,3174,3186
844,2024,3175,10406
845,2024,3177,1469
846,2024,3178,1797
847,2024,3179,522
848,2024,3180,594
849,2024,3181,3611
850,2024,3182,4781
851,2024,3183,1409
852,2024,3184,1003
853,2024,3185,908
854,2024,3186,1314
855,2024,3187,677
856,2024,3188,1203
857,2024,3189,1166
858,2024,3190,991
859,2024,3191,649
860,2024,3192,1931
861,2024,3193,608
862,2024,3194,968
863,2024,3195,2331
864,2024,3196,1575
865,2024,3197,1022
866,2024,3198,1938
867,2024,3199,8361
868,2024,3200,1022
869,2024,3201,1808
870,2024,3202,272
871,2024,3204,1475
872,2024,3205,2381
873,2024,3206,917
874,2024,3207,2031
875,2024,3211,298
876,2024,3212,1028
877,2024,3213,255
878,2024,3214,4586
879,2024,3215,1862
880,2024,3216,2977
881,2024,3217,444
882,2024,3218,1325
883,2024,3219,2177
884,2024,3220,4116
885,2024,3221,102
886,2024,3222,572
887,2024,3223,464
888,2024,3224,718
889,2024,3225,253
890,2024,3226,526
891,2024,3227,266
892,2024,3228,752
893,2024,3230,215
894,2024,3231,115
895,2024,3232,217
896,2024,3233,226
897,2024,3234,95
898,2024,3235,94
899,2024,3236,85
900,2024,3237,90
901,2024,3238,101
902,2024,3239,100
903,2024,3240,160
904,2024,3241,243
905,2024,3242,101
906,2024,3243,66
907,2024,3249,182
908,2024,3250,1255
909,2024,3251,86
910,2024,3254,90
911,2024,3260,349
912,2024,3264,250
913,2024,3265,173
914,2024,3266,184
915,2024,3267,95
916,2024,3268,166
917,2024,3269,110
918,2024,3270,92
919,2024,3271,102
920,2024,3272,172
921,2024,3273,82
922,2024,3274,95
923,2024,3275,96
924,2024,3276,87
925,2024,3277,149
926,2024,3278,88
927,2024,3279,88
928,2024,3280,3230
929,2024,3281,105
930,2024,3282,148
931,2024,3283,124
932,2024,3284,225
933,2024,3285,119
934,2024,3286,96
935,2024,3287,85
936,2024,3289,114
937,2024,3292,102
938,2024,3293,87
939,2024,3294,123
940,2024,3300,1082
941,2024,3301,94
942,2024,3302,93
943,2024,3303,87
944,2024,3304,231
945,2024,3305,1342
946,2024,3309,91
947,2024,3310,95
948,2024,3311,147
949,2024,3312,115
950,2024,3314,95
951,2024,3315,141
952,2024,3317,89
953,2024,3318,116
954,2024,3319,97
955,2024,3321,106
956,2024,3322,84
957,2024,3323,93
958,2024,3324,93
959,2024,3325,75
960,2024,3328,103
961,2024,3329,76
962,2024,3330,109
963,2024,3331,252
964,2024,3332,101
965,2024,3333,134
966,2024,3334,99
967,2024,3335,513
968,2024,3336,384
969,2024,3337,4319
970,2024,3338,2337
971,2024,3340,1689
972,2024,3341,140
973,2024,3342,371
974,2024,3345,129
975,2024,3350,6997
976,2024,3351,389
977,2024,3352,781
978,2024,3355,1735
979,2024,3356,1674
980,2024,3357,208
981,2024,3358,166
982,2024,3360,106
983,2024,3361,92
984,2024,3363,315
985,2024,3364,147
986,2024,3370,162
987,2024,3371,139
988,2024,3373,258
989,2024,3374,121
990,2024,3375,97
991,2024,3377,1182
992,2024,3378,83
993,2024,3379,99
994,2024,3380,906
995,2024,3381,134
996,2024,3384,87
997,2024,3385,111
998,2024,3387,88
999,2024,3388,109
1000,2024,3390,149
1001,2024,3391,87
1002,2024,3392,92
1003,2024,3393,291
1004,2024,3395,97
1005,2024,3396,104
1006,2024,3400,2374
1007,2024,3401,244
1008,2024,3407,83
1009,2024,3409,115
1010,2024,3412,85
1011,2024,3413,87
1012,2024,3414,191
1013,2024,3415,72
1014,2024,3418,222
1015,2024,3419,100
1016,2024,3420,91
1017,2024,3423,99
1018,2024,3424,111
1019,2024,3427,361
1020,2024,3428,164
1021,2024,3429,2724
1022,2024,3430,104
1023,2024,3431,196
1024,2024,3432,90
1025,2024,3433,83
1026,2024,3434,295
1027,2024,3435,223
1028,2024,3437,571
1029,2024,3438,153
1030,2024,3440,188
1031,2024,3441,116
1032,2024,3442,394
1033,2024,3444,672
1034,2024,3446,145
1035,2024,3447,87
1036,2024,3448,119
1037,2024,3450,668
1038,2024,3451,224
1039,2024,3453,178
1040,2024,3458,160
1041,2024,3460,269
1042,2024,3461,187
1043,2024,3462,130
1044,2024,3463,168
1045,2024,3464,143
1046,2024,3465,1070
1047,2024,3467,150
1048,2024,3468,103
1049,2024,3469,93
1050,2024,3472,170
1051,2024,3475,108
1052,2024,3477,116
1053,2024,3478,283
1054,2024,3480,152
1055,2024,3482,89
1056,2024,3483,102
1057,2024,3485,81
1058,2024,3487,77
1059,2024,3488,84
1060,2024,3489,88
1061,2024,3490,158
1062,2024,3491,90
1063,2024,3494,116
1064,2024,3496,499
1065,2024,3498,380
1066,2024,3500,5112
1067,2024,3501,157
1068,2024,3505,421
1069,2024,3507,70
1070,2024,3509,97
1071,2024,3512,107
1072,2024,3515,131
1073,2024,3516,146
1074,2024,3517,184
1075,2024,3518,181
1076,2024,3520,90
1077,2024,3521,136
1078,2024,3522,106
1079,2024,3523,294
1080,2024,3525,175
1081,2024,3527,111
1082,2024,3529,73
1083,2024,3531,94
1084,2024,3533,108
1085,2024,3537,100
1086,2024,3540,101
1087,2024,3542,92
1088,2024,3544,87
1089,2024,3546,108
1090,2024,3549,461
1091,2024,3550,5685
1092,2024,3551,1099
1093,2024,3555,1741
1094,2024,3556,1190
1095,2024,3557,147
1096,2024,3558,147
1097,2024,3559,107
1098,2024,3561,356
1099,2024,3562,100
1100,2024,3563,105
1101,2024,3564,1960
1102,2024,3565,73
1103,2024,3566,111
1104,2024,3567,105
1105,2024,3568,222
1106,2024,3570,114
1107,2024,3571,106
1108,2024,3572,77
1109,2024,3573,91
1110,2024,3575,116
1111,2024,3579,493
1112,2024,3580,114
1113,2024,3581,94
1114,2024,3583,99
1115,2024,3584,130
1116,2024,3585,1740
1117,2024,3586,107
1118,2024,3588,93
1119,2024,3589,104
1120,2024,3590,109
1121,2024,3591,78
1122,2024,3594,97
1123,2024,3595,125
1124,2024,3596,82
1125,2024,3597,86
1126,2024,3599,88
1127,2024,3607,97
1128,2024,3608,269
1129,2024,3610,206
1130,2024,3612,216
1131,2024,3614,113
1132,2024,3616,354
1133,2024,3617,81
1134,2024,3618,124
1135,2024,3620,691
1136,2024,3621,230
1137,2024,3622,113
1138,2024,3623,128
1139,2024,3624,117
1140,2024,3629,1250
1141,2024,3630,5765
1142,2024,3631,745
1143,2024,3633,111
1144,2024,3634,167
1145,2024,3635,107
1146,2024,3636,383
1147,2024,3637,91
1148,2024,3638,181
1149,2024,3639,130
1150,2024,3640,136
1151,2024,3641,145
1152,2024,3644,826
1153,2024,3646,106
1154,2024,3649,105
1155,2024,3658,544
1156,2024,3659,161
1157,2024,3660,1441
1158,2024,3662,92
1159,2024,3663,91
1160,2024,3664,153
1161,2024,3665,99
1162,2024,3666,301
1163,2024,3669,145
1164,2024,3670,136
1165,2024,3672,1206
1166,2024,3673,124
1167,2024,3675,153
1168,2024,3677,2269
1169,2024,3678,251
1170,2024,3682,108
1171,2024,3683,150
1172,2024,3685,194
1173,2024,3687,106
1174,2024,3688,113
1175,2024,3690,3169
1176,2024,3691,331
1177,2024,3695,100
1178,2024,3697,84
1179,2024,3698,87
1180,2024,3699,106
1181,2024,3700,133
1182,2024,3701,100
1183,2024,3704,90
1184,2024,3705,78
1185,2024,3707,157
1186,2024,3708,70
1187,2024,3709,79
1188,2024,3711,101
1189,2024,3712,103
1190,2024,3713,158
1191,2024,3714,246
1192,2024,3715,95
1193,2024,3717,254
1194,2024,3718,93
1195,2024,3719,106
1196,2024,3720,106
1197,2024,3722,373
1198,2024,3723,219
1199,2024,3725,88
1200,2024,3726,97
1201,2024,3727,73
1202,2024,3728,116
1203,2024,3730,515
1204,2024,3732,98
1205,2024,3733,76
1206,2024,3735,89
1207,2024,3737,349
1208,2024,3738,94
1209,2024,3739,91
1210,2024,3740,105
1211,2024,3741,190
1212,2024,3744,81
1213,2024,3746,78
1214,2024,3747,241
1215,2024,3749,110
1216,2024,3750,577
1217,2024,3751,94
1218,2024,3752,1284
1219,2024,3753,268
1220,2024,3754,2026
1221,2024,3755,86
1222,2024,3756,1178
1223,2024,3757,561
1224,2024,3758,263
1225,2024,3759,91
1226,2024,3760,82
1227,2024,3761,111
1228,2024,3762,77
1229,2024,3763,152
1230,2024,3764,767
1231,2024,3765,397
1232,2024,3766,115
1233,2024,3767,143
1234,2024,3770,219
1235,2024,3775,258
1236,2024,3777,537
1237,2024,3778,107
1238,2024,3779,110
1239,2024,3781,290
1240,2024,3782,364
1241,2024,3783,208
1242,2024,3785,87
1243,2024,3786,115
1244,2024,3787,100
1245,2024,3788,165
1246,2024,3789,84
1247,2024,3791,115
1248,2024,3792,90
1249,2024,3793,206
1250,2024,3795,124
1251,2024,3796,434
1252,2024,3797,257
1253,2024,3799,370
1254,2024,3802,1367
1255,2024,3803,1162
1256,2024,3804,444
1257,2024,3805,4178
1258,2024,3806,2404
1259,2024,3807,405
1260,2024,3808,141
1261,2024,3809,713
1262,2024,3810,3906
1263,2024,3812,166
1264,2024,3813,123
1265,2024,3814,193
1266,2024,3815,204
1267,2024,3816,315
1268,2024,3818,1272
1269,2024,3820,1591
1270,2024,3821,193
1271,2024,3822,125
1272,2024,3823,230
1273,2024,3824,433
1274,2024,3825,3514
1275,2024,3831,147
1276,2024,3832,110
1277,2024,3833,132
1278,2024,3835,110
1279,2024,3840,4404
1280,2024,3842,684
1281,2024,3844,4440
1282,2024,3847,268
1283,2024,3850,2433
1284,2024,3851,469
1285,2024,3854,123
1286,2024,3856,116
1287,2024,3857,94
1288,2024,3858,363
1289,2024,3859,113
1290,2024,3860,528
1291,2024,3862,221
1292,2024,3864,106
1293,2024,3865,84
1294,2024,3869,147
1295,2024,3870,133
1296,2024,3871,201
1297,2024,3873,88
1298,2024,3874,121
1299,2024,3875,2333
1300,2024,3878,111
1301,2024,3880,246
1302,2024,3882,107
1303,2024,3885,162
1304,2024,3886,94
1305,2024,3887,137
1306,2024,3888,400
1307,2024,3889,107
1308,2024,3890,129
1309,2024,3891,87
1310,2024,3892,153
1311,2024,3893,78
1312,2024,3895,91
1313,2024,3896,90
1314,2024,3898,116
1315,2024,3900,87
1316,2024,3902,91
1317,2024,3903,137
1318,2024,3904,121
1319,2024,3909,1028
1320,2024,3910,1080
1321,2024,3911,358
1322,2024,3912,835
1323,2024,3913,249
1324,2024,3915,1537
1325,2024,3916,106
1326,2024,3918,245
1327,2024,3919,286
1328,2024,3920,51
1329,2024,3922,766
1330,2024,3923,102
1331,2024,3925,282
1332,2024,3926,175
1333,2024,3927,146
1334,2024,3928,96
1335,2024,3929,120
1336,2024,3930,566
1337,2024,3931,1995
1338,2024,3933,176
1339,2024,3934,546
1340,2024,3936,842
1341,2024,3937,127
1342,2024,3938,215
1343,2024,3939,1713
1344,2024,3940,477
1345,2024,3941,1094
1346,2024,3942,196
1347,2024,3943,259
1348,2024,3944,157
1349,2024,3945,108
1350,2024,3946,91
1351,2024,3950,434
1352,2024,3951,102
1353,2024,3953,541
1354,2024,3954,82
1355,2024,3956,183
1356,2024,3957,90
1357,2024,3958,78
1358,2024,3959,126
1359,2024,3960,176
1360,2024,3962,132
1361,2024,3964,83
1362,2024,3965,93
1363,2024,3966,118
1364,2024,3967,80
1365,2024,3971,389
1366,2024,3975,835
1367,2024,3976,1529
1368,2024,3977,6703
1369,2024,3978,987
1370,2024,3979,96
1371,2024,3980,249
1372,2024,3981,342
1373,2024,3984,500
1374,2024,3987,121
1375,2024,3988,129
1376,2024,3990,91
1377,2024,3991,129
1378,2024,3992,126
1379,2024,3995,1111
1380,2024,3996,350
1381,2024,3506,76
1382,2024,3530,82
1383,2024,3647,45
1384,2024,3576,74
1385,2024,3852,73
1386,2025,3000,15891
1387,2025,3002,1113
1388,2025,3003,1071
1389,2025,3004,5348
1390,2025,3006,3648
1391,2025,3008,2822
1392,2025,3011,3160
1393,2025,3012,2291
1394,2025,3013,926
1395,2025,3015,1195
1396,2025,3016,1326
1397,2025,3018,978
1398,2025,3019,1406
1399,2025,3020,6267
1400,2025,3021,5247
1401,2025,3022,475
1402,2025,3023,4293
1403,2025,3024,1606
1404,2025,3025,1207
1405,2025,3026,1358
1406,2025,3027,459
1407,2025,3028,1942
1408,2025,3029,6072
1409,2025,3030,6519
1410,2025,3031,2430
1411,2025,3032,3179
1412,2025,3033,809
1413,2025,3034,534
1414,2025,3036,427
1415,2025,3037,2238
1416,2025,3038,2119
1417,2025,3039,1535
1418,2025,3040,1619
1419,2025,3041,906
1420,2025,3042,1598
1421,2025,3043,1824
1422,2025,3044,1568
1423,2025,3045,667
1424,2025,3046,2790
1425,2025,3047,4415
1426,2025,3048,2013
1427,2025,3049,721
1428,2025,3051,1746
1429,2025,3052,1217
1430,2025,3053,2130
1431,2025,3054,732
1432,2025,3055,992
1433,2025,3056,2888
1434,2025,3057,910
1435,2025,3058,3557
1436,2025,3059,777
1437,2025,3060,1101
1438,2025,3061,1519
1439,2025,3062,304
1440,2025,3063,129
1441,2025,3064,5377
1442,2025,3065,2732
1443,2025,3066,2167
1444,2025,3067,1382
1445,2025,3068,1734
1446,2025,3070,1965
1447,2025,3071,1533
1448,2025,3072,5373
1449,2025,3073,4506
1450,2025,3074,2523
1451,2025,3075,1546
1452,2025,3076,3390
1453,2025,3078,875
1454,2025,3079,983
1455,2025,3081,1955
1456,2025,3082,2200
1457,2025,3083,2583
1458,2025,3084,2373
1459,2025,3085,797
1460,2025,3087,657
1461,2025,3088,1596
1462,2025,3089,645
1463,2025,3090,195
1464,2025,3091,129
1465,2025,3093,246
1466,2025,3094,352
1467,2025,3095,1143
1468,2025,3096,144
1469,2025,3097,132
1470,2025,3099,290
1471,2025,3101,1533
1472,2025,3102,318
1473,2025,3103,651
1474,2025,3104,665
1475,2025,3105,514
1476,2025,3106,558
1477,2025,3107,537
1478,2025,3108,1527
1479,2025,3109,1027
1480,2025,3111,427
1481,2025,3113,293
1482,2025,3114,183
1483,2025,3115,166
1484,2025,3116,724
1485,2025,3121,4762
1486,2025,3122,1527
1487,2025,3123,776
1488,2025,3124,1145
1489,2025,3125,981
1490,2025,3126,331
1491,2025,3127,698
1492,2025,3128,1870
1493,2025,3129,560
1494,2025,3130,1324
1495,2025,3131,1360
1496,2025,3132,1009
1497,2025,3133,833
1498,2025,3134,3513
1499,2025,3135,1140
1500,2025,3136,2595
1501,2025,3137,811
1502,2025,3138,1250
1503,2025,3139,611
1504,2025,3140,1759
1505,2025,3141,2763
1506,2025,3142,906
1507,2025,3143,625
1508,2025,3144,823
1509,2025,3145,2375
1510,2025,3146,1008
1511,2025,3147,1081
1512,2025,3148,875
1513,2025,3149,1519
1514,2025,3150,2481
1515,2025,3151,619
1516,2025,3152,2472
1517,2025,3153,2123
1518,2025,3154,326
1519,2025,3155,2273
1520,2025,3156,2209
1521,2025,3158,351
1522,2025,3159,148
1523,2025,3160,586
1524,2025,3161,760
1525,2025,3162,903
1526,2025,3163,1630
1527,2025,3165,1111
1528,2025,3166,2024
1529,2025,3167,601
1530,2025,3168,2061
1531,2025,3169,1172
1532,2025,3170,1591
1533,2025,3171,2453
1534,2025,3172,1212
1535,2025,3173,1685
1536,2025,3174,3198
1537,2025,3175,10418
1538,2025,3177,1481
1539,2025,3178,1809
1540,2025,3179,534
1541,2025,3180,606
1542,2025,3181,3622
1543,2025,3182,4793
1544,2025,3183,1421
1545,2025,3184,1015
1546,2025,3185,920
1547,2025,3186,1326
1548,2025,3187,689
1549,2025,3188,1215
1550,2025,3189,1178
1551,2025,3190,1003
1552,2025,3191,661
1553,2025,3192,1943
1554,2025,3193,620
1555,2025,3194,980
1556,2025,3195,2343
1557,2025,3196,1587
1558,2025,3197,1034
1559,2025,3198,1950
1560,2025,3199,8373
1561,2025,3200,1034
1562,2025,3201,1820
1563,2025,3202,284
1564,2025,3204,1487
1565,2025,3205,2393
1566,2025,3206,929
1567,2025,3207,2043
1568,2025,3211,310
1569,2025,3212,1040
1570,2025,3213,267
1571,2025,3214,4598
1572,2025,3215,1874
1573,2025,3216,2988
1574,2025,3217,455
1575,2025,3218,1337
1576,2025,3219,2189
1577,2025,3220,4127
1578,2025,3221,114
1579,2025,3222,584
1580,2025,3223,476
1581,2025,3224,730
1582,2025,3225,265
1583,2025,3226,538
1584,2025,3227,278
1585,2025,3228,764
1586,2025,3230,227
1587,2025,3231,127
1588,2025,3232,229
1589,2025,3233,238
1590,2025,3234,107
1591,2025,3235,106
1592,2025,3236,97
1593,2025,3237,102
1594,2025,3238,113
1595,2025,3239,112
1596,2025,3240,172
1597,2025,3241,255
1598,2025,3242,113
1599,2025,3243,78
1600,2025,3249,194
1601,2025,3250,1267
1602,2025,3251,98
1603,2025,3254,102
1604,2025,3260,361
1605,2025,3264,262
1606,2025,3265,185
1607,2025,3266,196
1608,2025,3267,107
1609,2025,3268,178
1610,2025,3269,122
1611,2025,3270,104
1612,2025,3271,114
1613,2025,3272,184
1614,2025,3273,94
1615,2025,3274,107
1616,2025,3275,108
1617,2025,3276,99
1618,2025,3277,161
1619,2025,3278,100
1620,2025,3279,100
1621,2025,3280,3242
1622,2025,3281,117
1623,2025,3282,160
1624,2025,3283,136
1625,2025,3284,237
1626,2025,3285,131
1627,2025,3286,108
1628,2025,3287,97
1629,2025,3289,126
1630,2025,3292,114
1631,2025,3293,99
1632,2025,3294,135
1633,2025,3300,1094
1634,2025,3301,106
1635,2025,3302,105
1636,2025,3303,99
1637,2025,3304,243
1638,2025,3305,1354
1639,2025,3309,103
1640,2025,3310,107
1641,2025,3311,159
1642,2025,3312,127
1643,2025,3314,107
1644,2025,3315,153
1645,2025,3317,100
1646,2025,3318,128
1647,2025,3319,109
1648,2025,3321,118
1649,2025,3322,96
1650,2025,3323,105
1651,2025,3324,105
1652,2025,3325,87
1653,2025,3328,115
1654,2025,3329,88
1655,2025,3330,121
1656,2025,3331,264
1657,2025,3332,112
1658,2025,3333,146
1659,2025,3334,111
1660,2025,3335,525
1661,2025,3336,396
1662,2025,3337,4331
1663,2025,3338,2349
1664,2025,3340,1701
1665,2025,3341,152
1666,2025,3342,383
1667,2025,3345,141
1668,2025,3350,7009
1669,2025,3351,401
1670,2025,3352,793
1671,2025,3355,1747
1672,2025,3356,1686
1673,2025,3357,220
1674,2025,3358,178
1675,2025,3360,118
1676,2025,3361,104
1677,2025,3363,327
1678,2025,3364,159
1679,2025,3370,174
1680,2025,3371,151
1681,2025,3373,270
1682,2025,3374,133
1683,2025,3375,109
1684,2025,3377,1194
1685,2025,3378,95
1686,2025,3379,111
1687,2025,3380,918
1688,2025,3381,145
1689,2025,3384,99
1690,2025,3385,122
1691,2025,3387,100
1692,2025,3388,121
1693,2025,3390,161
1694,2025,3391,99
1695,2025,3392,104
1696,2025,3393,303
1697,2025,3395,109
1698,2025,3396,116
1699,2025,3400,2386
1700,2025,3401,256
1701,2025,3407,94
1702,2025,3409,127
1703,2025,3412,97
1704,2025,3413,99
1705,2025,3414,203
1706,2025,3415,84
1707,2025,3418,234
1708,2025,3419,112
1709,2025,3420,103
1710,2025,3423,111
1711,2025,3424,123
1712,2025,3427,373
1713,2025,3428,176
1714,2025,3429,2736
1715,2025,3430,116
1716,2025,3431,208
1717,2025,3432,102
1718,2025,3433,95
1719,2025,3434,307
1720,2025,3435,235
1721,2025,3437,583
1722,2025,3438,165
1723,2025,3440,200
1724,2025,3441,128
1725,2025,3442,406
1726,2025,3444,684
1727,2025,3446,157
1728,2025,3447,99
1729,2025,3448,131
1730,2025,3450,680
1731,2025,3451,236
1732,2025,3453,190
1733,2025,3458,172
1734,2025,3460,281
1735,2025,3461,199
1736,2025,3462,141
1737,2025,3463,180
1738,2025,3464,155
1739,2025,3465,1082
1740,2025,3467,162
1741,2025,3468,115
1742,2025,3469,105
1743,2025,3472,182
1744,2025,3475,120
1745,2025,3477,128
1746,2025,3478,295
1747,2025,3480,164
1748,2025,3482,101
1749,2025,3483,113
1750,2025,3485,93
1751,2025,3487,89
1752,2025,3488,96
1753,2025,3489,100
1754,2025,3490,170
1755,2025,3491,102
1756,2025,3494,128
1757,2025,3496,511
1758,2025,3498,391
1759,2025,3500,5123
1760,2025,3501,169
1761,2025,3505,433
1762,2025,3507,82
1763,2025,3509,109
1764,2025,3512,119
1765,2025,3515,143
1766,2025,3516,158
1767,2025,3517,196
1768,2025,3518,193
1769,2025,3520,102
1770,2025,3521,148
1771,2025,3522,118
1772,2025,3523,306
1773,2025,3525,187
1774,2025,3527,123
1775,2025,3529,85
1776,2025,3531,106
1777,2025,3533,120
1778,2025,3537,112
1779,2025,3540,113
1780,2025,3542,104
1781,2025,3544,99
1782,2025,3546,120
1783,2025,3549,473
1784,2025,3550,5697
1785,2025,3551,1111
1786,2025,3555,1753
1787,2025,3556,1202
1788,2025,3557,159
1789,2025,3558,159
1790,2025,3559,119
1791,2025,3561,368
1792,2025,3562,112
1793,2025,3563,117
1794,2025,3564,1972
1795,2025,3565,85
1796,2025,3566,123
1797,2025,3567,117
1798,2025,3568,234
1799,2025,3570,126
1800,2025,3571,118
1801,2025,3572,89
1802,2025,3573,103
1803,2025,3575,128
1804,2025,3579,505
1805,2025,3580,126
1806,2025,3581,106
1807,2025,3583,111
1808,2025,3584,142
1809,2025,3585,1752
1810,2025,3586,119
1811,2025,3588,105
1812,2025,3589,116
1813,2025,3590,121
1814,2025,3591,90
1815,2025,3594,109
1816,2025,3595,137
1817,2025,3596,94
1818,2025,3597,98
1819,2025,3599,100
1820,2025,3607,109
1821,2025,3608,281
1822,2025,3610,217
1823,2025,3612,228
1824,2025,3614,125
1825,2025,3616,366
1826,2025,3617,93
1827,2025,3618,136
1828,2025,3620,703
1829,2025,3621,242
1830,2025,3622,125
1831,2025,3623,140
1832,2025,3624,129
1833,2025,3629,1262
1834,2025,3630,5777
1835,2025,3631,757
1836,2025,3633,123
1837,2025,3634,179
1838,2025,3635,119
1839,2025,3636,395
1840,2025,3637,103
1841,2025,3638,193
1842,2025,3639,142
1843,2025,3640,148
1844,2025,3641,157
1845,2025,3644,838
1846,2025,3646,118
1847,2025,3649,117
1848,2025,3658,556
1849,2025,3659,173
1850,2025,3660,1453
1851,2025,3662,104
1852,2025,3663,103
1853,2025,3664,165
1854,2025,3665,111
1855,2025,3666,313
1856,2025,3669,156
1857,2025,3670,148
1858,2025,3672,1218
1859,2025,3673,136
1860,2025,3675,165
1861,2025,3677,2281
1862,2025,3678,263
1863,2025,3682,120
1864,2025,3683,162
1865,2025,3685,206
1866,2025,3687,118
1867,2025,3688,125
1868,2025,3690,3181
1869,2025,3691,343
1870,2025,3695,112
1871,2025,3697,96
1872,2025,3698,99
1873,2025,3699,118
1874,2025,3700,145
1875,2025,3701,112
1876,2025,3704,102
1877,2025,3705,90
1878,2025,3707,169
1879,2025,3708,82
1880,2025,3709,91
1881,2025,3711,113
1882,2025,3712,115
1883,2025,3713,170
1884,2025,3714,258
1885,2025,3715,107
1886,2025,3717,266
1887,2025,3718,105
1888,2025,3719,118
1889,2025,3720,118
1890,2025,3722,385
1891,2025,3723,231
1892,2025,3725,100
1893,2025,3726,109
1894,2025,3727,85
1895,2025,3728,128
1896,2025,3730,527
1897,2025,3732,110
1898,2025,3733,88
1899,2025,3735,101
1900,2025,3737,361
1901,2025,3738,106
1902,2025,3739,103
1903,2025,3740,117
1904,2025,3741,202
1905,2025,3744,93
1906,2025,3746,90
1907,2025,3747,253
1908,2025,3749,122
1909,2025,3750,589
1910,2025,3751,106
1911,2025,3752,1296
1912,2025,3753,280
1913,2025,3754,2038
1914,2025,3755,98
1915,2025,3756,1190
1916,2025,3757,573
1917,2025,3758,275
1918,2025,3759,103
1919,2025,3760,94
1920,2025,3761,122
1921,2025,3762,89
1922,2025,3763,164
1923,2025,3764,779
1924,2025,3765,409
1925,2025,3766,127
1926,2025,3767,155
1927,2025,3770,231
1928,2025,3775,270
1929,2025,3777,549
1930,2025,3778,119
1931,2025,3779,122
1932,2025,3781,302
1933,2025,3782,376
1934,2025,3783,220
1935,2025,3785,99
1936,2025,3786,127
1937,2025,3787,112
1938,2025,3788,177
1939,2025,3789,95
1940,2025,3791,127
1941,2025,3792,102
1942,2025,3793,218
1943,2025,3795,136
1944,2025,3796,446
1945,2025,3797,269
1946,2025,3799,382
1947,2025,3802,1379
1948,2025,3803,1173
1949,2025,3804,456
1950,2025,3805,4190
1951,2025,3806,2416
1952,2025,3807,417
1953,2025,3808,153
1954,2025,3809,725
1955,2025,3810,3918
1956,2025,3812,178
1957,2025,3813,135
1958,2025,3814,205
1959,2025,3815,215
1960,2025,3816,327
1961,2025,3818,1284
1962,2025,3820,1603
1963,2025,3821,205
1964,2025,3822,137
1965,2025,3823,242
1966,2025,3824,445
1967,2025,3825,3526
1968,2025,3831,159
1969,2025,3832,122
1970,2025,3833,144
1971,2025,3835,122
1972,2025,3840,4416
1973,2025,3842,695
1974,2025,3844,4452
1975,2025,3847,280
1976,2025,3850,2445
1977,2025,3851,481
1978,2025,3854,135
1979,2025,3856,128
1980,2025,3857,106
1981,2025,3858,375
1982,2025,3859,125
1983,2025,3860,540
1984,2025,3862,233
1985,2025,3864,118
1986,2025,3865,96
1987,2025,3869,159
1988,2025,3870,145
1989,2025,3871,213
1990,2025,3873,100
1991,2025,3874,133
1992,2025,3875,2345
1993,2025,3878,123
1994,2025,3880,258
1995,2025,3882,119
1996,2025,3885,174
1997,2025,3886,106
1998,2025,3887,149
1999,2025,3888,412
2000,2025,3889,119
2001,2025,3890,141
2002,2025,3891,99
2003,2025,3892,165
2004,2025,3893,90
2005,2025,3895,103
2006,2025,3896,102
2007,2025,3898,128
2008,2025,3900,99
2009,2025,3902,103
2010,2025,3903,149
2011,2025,3904,133
2012,2025,3909,1040
2013,2025,3910,1092
2014,2025,3911,370
2015,2025,3912,847
2016,2025,3913,260
2017,2025,3915,1548
2018,2025,3916,118
2019,2025,3918,257
2020,2025,3919,298
2021,2025,3920,63
2022,2025,3922,778
2023,2025,3923,114
2024,2025,3925,294
2025,2025,3926,187
2026,2025,3927,158
2027,2025,3928,108
2028,2025,3929,132
2029,2025,3930,578
2030,2025,3931,2007
2031,2025,3933,188
2032,2025,3934,558
2033,2025,3936,854
2034,2025,3937,139
2035,2025,3938,227
2036,2025,3939,1725
2037,2025,3940,489
2038,2025,3941,1106
2039,2025,3942,208
2040,2025,3943,271
2041,2025,3944,169
2042,2025,3945,120
2043,2025,3946,103
2044,2025,3950,445
2045,2025,3951,114
2046,2025,3953,553
2047,2025,3954,94
2048,2025,3956,194
2049,2025,3957,102
2050,2025,3958,90
2051,2025,3959,138
2052,2025,3960,188
2053,2025,3962,144
2054,2025,3964,95
2055,2025,3965,105
2056,2025,3966,130
2057,2025,3967,92
2058,2025,3971,401
2059,2025,3975,847
2060,2025,3976,1541
2061,2025,3977,6715
2062,2025,3978,999
2063,2025,3979,108
2064,2025,3980,261
2065,2025,3981,354
2066,2025,3984,512
2067,2025,3987,133
2068,2025,3988,141
2069,2025,3990,103
2070,2025,3991,141
2071,2025,3992,138
2072,2025,3995,1123
2073,2025,3996,362
2074,2025,3506,88
2075,2025,3530,94
2076,2025,3647,57
2077,2025,3576,86
2078,2025,3852,85
2079,2026,3000,15902
2080,2026,3002,1125
2081,2026,3003,1083
2082,2026,3004,5360
2083,2026,3006,3660
2084,2026,3008,2834
2085,2026,3011,3172
2086,2026,3012,2303
2087,2026,3013,938
2088,2026,3015,1207
2089,2026,3016,1338
2090,2026,3018,990
2091,2026,3019,1418
2092,2026,3020,6279
2093,2026,3021,5259
2094,2026,3022,487
2095,2026,3023,4305
2096,2026,3024,1618
2097,2026,3025,1219
2098,2026,3026,1370
2099,2026,3027,471
2100,2026,3028,1954
2101,2026,3029,6083
2102,2026,3030,6531
2103,2026,3031,2442
2104,2026,3032,3191
2105,2026,3033,821
2106,2026,3034,546
2107,2026,3036,439
2108,2026,3037,2250
2109,2026,3038,2131
2110,2026,3039,1547
2111,2026,3040,1631
2112,2026,3041,918
2113,2026,3042,1610
2114,2026,3043,1836
2115,2026,3044,1580
2116,2026,3045,679
2117,2026,3046,2802
2118,2026,3047,4426
2119,2026,3048,2025
2120,2026,3049,733
2121,2026,3051,1758
2122,2026,3052,1229
2123,2026,3053,2142
2124,2026,3054,744
2125,2026,3055,1004
2126,2026,3056,2900
2127,2026,3057,922
2128,2026,3058,3569
2129,2026,3059,789
2130,2026,3060,1113
2131,2026,3061,1531
2132,2026,3062,316
2133,2026,3063,141
2134,2026,3064,5389
2135,2026,3065,2744
2136,2026,3066,2179
2137,2026,3067,1394
2138,2026,3068,1746
2139,2026,3070,1977
2140,2026,3071,1545
2141,2026,3072,5385
2142,2026,3073,4518
2143,2026,3074,2535
2144,2026,3075,1558
2145,2026,3076,3402
2146,2026,3078,886
2147,2026,3079,995
2148,2026,3081,1967
2149,2026,3082,2211
2150,2026,3083,2595
2151,2026,3084,2385
2152,2026,3085,809
2153,2026,3087,669
2154,2026,3088,1608
2155,2026,3089,657
2156,2026,3090,206
2157,2026,3091,141
2158,2026,3093,258
2159,2026,3094,364
2160,2026,3095,1155
2161,2026,3096,156
2162,2026,3097,144
2163,2026,3099,302
2164,2026,3101,1545
2165,2026,3102,330
2166,2026,3103,663
2167,2026,3104,677
2168,2026,3105,526
2169,2026,3106,570
2170,2026,3107,549
2171,2026,3108,1539
2172,2026,3109,1038
2173,2026,3111,439
2174,2026,3113,305
2175,2026,3114,195
2176,2026,3115,178
2177,2026,3116,736
2178,2026,3121,4774
2179,2026,3122,1539
2180,2026,3123,788
2181,2026,3124,1157
2182,2026,3125,993
2183,2026,3126,343
2184,2026,3127,710
2185,2026,3128,1882
2186,2026,3129,572
2187,2026,3130,1335
2188,2026,3131,1372
2189,2026,3132,1021
2190,2026,3133,845
2191,2026,3134,3525
2192,2026,3135,1152
2193,2026,3136,2607
2194,2026,3137,823
2195,2026,3138,1262
2196,2026,3139,623
2197,2026,3140,1771
2198,2026,3141,2775
2199,2026,3142,918
2200,2026,3143,637
2201,2026,3144,835
2202,2026,3145,2387
2203,2026,3146,1020
2204,2026,3147,1093
2205,2026,3148,887
2206,2026,3149,1531
2207,2026,3150,2493
2208,2026,3151,631
2209,2026,3152,2484
2210,2026,3153,2135
2211,2026,3154,338
2212,2026,3155,2285
2213,2026,3156,2221
2214,2026,3158,363
2215,2026,3159,160
2216,2026,3160,598
2217,2026,3161,772
2218,2026,3162,915
2219,2026,3163,1642
2220,2026,3165,1123
2221,2026,3166,2036
2222,2026,3167,613
2223,2026,3168,2073
2224,2026,3169,1184
2225,2026,3170,1603
2226,2026,3171,2465
2227,2026,3172,1224
2228,2026,3173,1697
2229,2026,3174,3210
2230,2026,3175,10430
2231,2026,3177,1493
2232,2026,3178,1820
2233,2026,3179,546
2234,2026,3180,618
2235,2026,3181,3634
2236,2026,3182,4805
2237,2026,3183,1433
2238,2026,3184,1027
2239,2026,3185,932
2240,2026,3186,1338
2241,2026,3187,701
2242,2026,3188,1227
2243,2026,3189,1190
2244,2026,3190,1015
2245,2026,3191,673
2246,2026,3192,1955
2247,2026,3193,632
2248,2026,3194,992
2249,2026,3195,2355
2250,2026,3196,1599
2251,2026,3197,1046
2252,2026,3198,1962
2253,2026,3199,8384
2254,2026,3200,1046
2255,2026,3201,1832
2256,2026,3202,296
2257,2026,3204,1499
2258,2026,3205,2405
2259,2026,3206,941
2260,2026,3207,2055
2261,2026,3211,322
2262,2026,3212,1052
2263,2026,3213,279
2264,2026,3214,4610
2265,2026,3215,1886
2266,2026,3216,3000
2267,2026,3217,467
2268,2026,3218,1349
2269,2026,3219,2201
2270,2026,3220,4139
2271,2026,3221,126
2272,2026,3222,595
2273,2026,3223,488
2274,2026,3224,742
2275,2026,3225,277
2276,2026,3226,550
2277,2026,3227,290
2278,2026,3228,776
2279,2026,3230,239
2280,2026,3231,139
2281,2026,3232,241
2282,2026,3233,250
2283,2026,3234,119
2284,2026,3235,118
2285,2026,3236,109
2286,2026,3237,114
2287,2026,3238,125
2288,2026,3239,124
2289,2026,3240,184
2290,2026,3241,267
2291,2026,3242,125
2292,2026,3243,90
2293,2026,3249,206
2294,2026,3250,1279
2295,2026,3251,110
2296,2026,3254,114
2297,2026,3260,373
2298,2026,3264,274
2299,2026,3265,197
2300,2026,3266,208
2301,2026,3267,119
2302,2026,3268,190
2303,2026,3269,134
2304,2026,3270,116
2305,2026,3271,126
2306,2026,3272,195
2307,2026,3273,106
2308,2026,3274,119
2309,2026,3275,120
2310,2026,3276,111
2311,2026,3277,173
2312,2026,3278,111
2313,2026,3279,112
2314,2026,3280,3254
2315,2026,3281,129
2316,2026,3282,172
2317,2026,3283,148
2318,2026,3284,248
2319,2026,3285,142
2320,2026,3286,120
2321,2026,3287,109
2322,2026,3289,138
2323,2026,3292,126
2324,2026,3293,111
2325,2026,3294,147
2326,2026,3300,1106
2327,2026,3301,118
2328,2026,3302,117
2329,2026,3303,111
2330,2026,3304,255
2331,2026,3305,1366
2332,2026,3309,115
2333,2026,3310,119
2334,2026,3311,171
2335,2026,3312,139
2336,2026,3314,119
2337,2026,3315,164
2338,2026,3317,112
2339,2026,3318,140
2340,2026,3319,121
2341,2026,3321,130
2342,2026,3322,108
2343,2026,3323,117
2344,2026,3324,117
2345,2026,3325,99
2346,2026,3328,127
2347,2026,3329,100
2348,2026,3330,133
2349,2026,3331,276
2350,2026,3332,124
2351,2026,3333,158
2352,2026,3334,123
2353,2026,3335,537
2354,2026,3336,408
2355,2026,3337,4343
2356,2026,3338,2361
2357,2026,3340,1713
2358,2026,3341,164
2359,2026,3342,395
2360,2026,3345,152
2361,2026,3350,7021
2362,2026,3351,413
2363,2026,3352,805
2364,2026,3355,1759
2365,2026,3356,1698
2366,2026,3357,232
2367,2026,3358,190
2368,2026,3360,130
2369,2026,3361,116
2370,2026,3363,338
2371,2026,3364,171
2372,2026,3370,186
2373,2026,3371,163
2374,2026,3373,282
2375,2026,3374,145
2376,2026,3375,121
2377,2026,3377,1206
2378,2026,3378,107
2379,2026,3379,122
2380,2026,3380,930
2381,2026,3381,157
2382,2026,3384,111
2383,2026,3385,134
2384,2026,3387,112
2385,2026,3388,133
2386,2026,3390,173
2387,2026,3391,111
2388,2026,3392,116
2389,2026,3393,314
2390,2026,3395,121
2391,2026,3396,128
2392,2026,3400,2397
2393,2026,3401,268
2394,2026,3407,106
2395,2026,3409,139
2396,2026,3412,109
2397,2026,3413,111
2398,2026,3414,215
2399,2026,3415,96
2400,2026,3418,245
2401,2026,3419,124
2402,2026,3420,115
2403,2026,3423,123
2404,2026,3424,135
2405,2026,3427,385
2406,2026,3428,188
2407,2026,3429,2748
2408,2026,3430,128
2409,2026,3431,220
2410,2026,3432,114
2411,2026,3433,107
2412,2026,3434,319
2413,2026,3435,247
2414,2026,3437,594
2415,2026,3438,177
2416,2026,3440,212
2417,2026,3441,140
2418,2026,3442,418
2419,2026,3444,696
2420,2026,3446,169
2421,2026,3447,111
2422,2026,3448,143
2423,2026,3450,692
2424,2026,3451,248
2425,2026,3453,202
2426,2026,3458,184
2427,2026,3460,293
2428,2026,3461,211
2429,2026,3462,153
2430,2026,3463,192
2431,2026,3464,167
2432,2026,3465,1094
2433,2026,3467,174
2434,2026,3468,127
2435,2026,3469,117
2436,2026,3472,194
2437,2026,3475,132
2438,2026,3477,140
2439,2026,3478,307
2440,2026,3480,176
2441,2026,3482,113
2442,2026,3483,125
2443,2026,3485,105
2444,2026,3487,100
2445,2026,3488,108
2446,2026,3489,112
2447,2026,3490,182
2448,2026,3491,114
2449,2026,3494,140
2450,2026,3496,523
2451,2026,3498,403
2452,2026,3500,5135
2453,2026,3501,181
2454,2026,3505,445
2455,2026,3507,93
2456,2026,3509,121
2457,2026,3512,131
2458,2026,3515,155
2459,2026,3516,170
2460,2026,3517,208
2461,2026,3518,205
2462,2026,3520,114
2463,2026,3521,160
2464,2026,3522,130
2465,2026,3523,318
2466,2026,3525,199
2467,2026,3527,135
2468,2026,3529,97
2469,2026,3531,118
2470,2026,3533,132
2471,2026,3537,124
2472,2026,3540,125
2473,2026,3542,116
2474,2026,3544,110
2475,2026,3546,132
2476,2026,3549,485
2477,2026,3550,5709
2478,2026,3551,1123
2479,2026,3555,1765
2480,2026,3556,1214
2481,2026,3557,170
2482,2026,3558,170
2483,2026,3559,131
2484,2026,3561,380
2485,2026,3562,124
2486,2026,3563,129
2487,2026,3564,1984
2488,2026,3565,97
2489,2026,3566,135
2490,2026,3567,129
2491,2026,3568,246
2492,2026,3570,138
2493,2026,3571,130
2494,2026,3572,101
2495,2026,3573,115
2496,2026,3575,140
2497,2026,3579,517
2498,2026,3580,138
2499,2026,3581,118
2500,2026,3583,123
2501,2026,3584,154
2502,2026,3585,1764
2503,2026,3586,131
2504,2026,3588,117
2505,2026,3589,128
2506,2026,3590,133
2507,2026,3591,102
2508,2026,3594,121
2509,2026,3595,149
2510,2026,3596,106
2511,2026,3597,110
2512,2026,3599,112
2513,2026,3607,121
2514,2026,3608,293
2515,2026,3610,229
2516,2026,3612,240
2517,2026,3614,137
2518,2026,3616,378
2519,2026,3617,105
2520,2026,3618,148
2521,2026,3620,715
2522,2026,3621,254
2523,2026,3622,137
2524,2026,3623,152
2525,2026,3624,141
2526,2026,3629,1274
2527,2026,3630,5789
2528,2026,3631,769
2529,2026,3633,135
2530,2026,3634,191
2531,2026,3635,131
2532,2026,3636,407
2533,2026,3637,115
2534,2026,3638,205
2535,2026,3639,154
2536,2026,3640,160
2537,2026,3641,169
2538,2026,3644,850
2539,2026,3646,130
2540,2026,3649,129
2541,2026,3658,568
2542,2026,3659,185
2543,2026,3660,1465
2544,2026,3662,116
2545,2026,3663,115
2546,2026,3664,177
2547,2026,3665,123
2548,2026,3666,325
2549,2026,3669,168
2550,2026,3670,160
2551,2026,3672,1230
2552,2026,3673,148
2553,2026,3675,177
2554,2026,3677,2293
2555,2026,3678,275
2556,2026,3682,132
2557,2026,3683,174
2558,2026,3685,218
2559,2026,3687,130
2560,2026,3688,137
2561,2026,3690,3193
2562,2026,3691,355
2563,2026,3695,124
2564,2026,3697,108
2565,2026,3698,111
2566,2026,3699,130
2567,2026,3700,157
2568,2026,3701,124
2569,2026,3704,114
2570,2026,3705,102
2571,2026,3707,181
2572,2026,3708,94
2573,2026,3709,103
2574,2026,3711,125
2575,2026,3712,127
2576,2026,3713,182
2577,2026,3714,270
2578,2026,3715,119
2579,2026,3717,278
2580,2026,3718,117
2581,2026,3719,130
2582,2026,3720,130
2583,2026,3722,397
2584,2026,3723,243
2585,2026,3725,112
2586,2026,3726,121
2587,2026,3727,97
2588,2026,3728,139
2589,2026,3730,539
2590,2026,3732,122
2591,2026,3733,100
2592,2026,3735,113
2593,2026,3737,373
2594,2026,3738,118
2595,2026,3739,114
2596,2026,3740,129
2597,2026,3741,214
2598,2026,3744,105
2599,2026,3746,102
2600,2026,3747,265
2601,2026,3749,134
2602,2026,3750,601
2603,2026,3751,118
2604,2026,3752,1308
2605,2026,3753,292
2606,2026,3754,2050
2607,2026,3755,110
2608,2026,3756,1202
2609,2026,3757,585
2610,2026,3758,287
2611,2026,3759,115
2612,2026,3760,106
2613,2026,3761,134
2614,2026,3762,101
2615,2026,3763,176
2616,2026,3764,791
2617,2026,3765,421
2618,2026,3766,139
2619,2026,3767,167
2620,2026,3770,243
2621,2026,3775,282
2622,2026,3777,561
2623,2026,3778,131
2624,2026,3779,134
2625,2026,3781,314
2626,2026,3782,388
2627,2026,3783,232
2628,2026,3785,111
2629,2026,3786,139
2630,2026,3787,124
2631,2026,3788,189
2632,2026,3789,107
2633,2026,3791,139
2634,2026,3792,114
2635,2026,3793,230
2636,2026,3795,148
2637,2026,3796,458
2638,2026,3797,281
2639,2026,3799,394
2640,2026,3802,1390
2641,2026,3803,1185
2642,2026,3804,468
2643,2026,3805,4202
2644,2026,3806,2428
2645,2026,3807,429
2646,2026,3808,165
2647,2026,3809,737
2648,2026,3810,3930
2649,2026,3812,190
2650,2026,3813,146
2651,2026,3814,217
2652,2026,3815,227
2653,2026,3816,339
2654,2026,3818,1296
2655,2026,3820,1615
2656,2026,3821,217
2657,2026,3822,149
2658,2026,3823,254
2659,2026,3824,457
2660,2026,3825,3538
2661,2026,3831,171
2662,2026,3832,134
2663,2026,3833,156
2664,2026,3835,134
2665,2026,3840,4428
2666,2026,3842,707
2667,2026,3844,4464
2668,2026,3847,292
2669,2026,3850,2457
2670,2026,3851,493
2671,2026,3854,147
2672,2026,3856,140
2673,2026,3857,118
2674,2026,3858,386
2675,2026,3859,137
2676,2026,3860,552
2677,2026,3862,245
2678,2026,3864,130
2679,2026,3865,108
2680,2026,3869,171
2681,2026,3870,157
2682,2026,3871,225
2683,2026,3873,112
2684,2026,3874,145
2685,2026,3875,2357
2686,2026,3878,135
2687,2026,3880,270
2688,2026,3882,130
2689,2026,3885,186
2690,2026,3886,118
2691,2026,3887,161
2692,2026,3888,424
2693,2026,3889,131
2694,2026,3890,153
2695,2026,3891,111
2696,2026,3892,177
2697,2026,3893,102
2698,2026,3895,115
2699,2026,3896,114
2700,2026,3898,140
2701,2026,3900,111
2702,2026,3902,115
2703,2026,3903,161
2704,2026,3904,145
2705,2026,3909,1052
2706,2026,3910,1104
2707,2026,3911,382
2708,2026,3912,859
2709,2026,3913,272
2710,2026,3915,1560
2711,2026,3916,130
2712,2026,3918,269
2713,2026,3919,310
2714,2026,3920,74
2715,2026,3922,790
2716,2026,3923,126
2717,2026,3925,306
2718,2026,3926,199
2719,2026,3927,170
2720,2026,3928,120
2721,2026,3929,144
2722,2026,3930,590
2723,2026,3931,2019
2724,2026,3933,200
2725,2026,3934,570
2726,2026,3936,866
2727,2026,3937,151
2728,2026,3938,239
2729,2026,3939,1736
2730,2026,3940,500
2731,2026,3941,1118
2732,2026,3942,220
2733,2026,3943,283
2734,2026,3944,180
2735,2026,3945,132
2736,2026,3946,115
2737,2026,3950,457
2738,2026,3951,126
2739,2026,3953,565
2740,2026,3954,106
2741,2026,3956,206
2742,2026,3957,114
2743,2026,3958,102
2744,2026,3959,150
2745,2026,3960,200
2746,2026,3962,156
2747,2026,3964,107
2748,2026,3965,117
2749,2026,3966,141
2750,2026,3967,104
2751,2026,3971,412
2752,2026,3975,858
2753,2026,3976,1553
2754,2026,3977,6727
2755,2026,3978,1011
2756,2026,3979,120
2757,2026,3980,273
2758,2026,3981,366
2759,2026,3984,524
2760,2026,3987,145
2761,2026,3988,153
2762,2026,3990,115
2763,2026,3991,153
2764,2026,3992,150
2765,2026,3995,1135
2766,2026,3996,374
2767,2026,3506,100
2768,2026,3530,106
2769,2026,3647,69
2770,2026,3576,98
2771,2026,3852,97
2772,2027,3000,15914
2773,2027,3002,1137
2774,2027,3003,1095
2775,2027,3004,5372
2776,2027,3006,3672
2777,2027,3008,2846
2778,2027,3011,3184
2779,2027,3012,2315
2780,2027,3013,950
2781,2027,3015,1219
2782,2027,3016,1350
2783,2027,3018,1002
2784,2027,3019,1430
2785,2027,3020,6291
2786,2027,3021,5271
2787,2027,3022,499
2788,2027,3023,4317
2789,2027,3024,1630
2790,2027,3025,1230
2791,2027,3026,1382
2792,2027,3027,482
2793,2027,3028,1966
2794,2027,3029,6095
2795,2027,3030,6543
2796,2027,3031,2454
2797,2027,3032,3203
2798,2027,3033,833
2799,2027,3034,558
2800,2027,3036,451
2801,2027,3037,2262
2802,2027,3038,2143
2803,2027,3039,1559
2804,2027,3040,1643
2805,2027,3041,930
2806,2027,3042,1622
2807,2027,3043,1848
2808,2027,3044,1592
2809,2027,3045,691
2810,2027,3046,2814
2811,2027,3047,4438
2812,2027,3048,2037
2813,2027,3049,745
2814,2027,3051,1770
2815,2027,3052,1241
2816,2027,3053,2154
2817,2027,3054,756
2818,2027,3055,1016
2819,2027,3056,2912
2820,2027,3057,934
2821,2027,3058,3581
2822,2027,3059,801
2823,2027,3060,1125
2824,2027,3061,1543
2825,2027,3062,328
2826,2027,3063,153
2827,2027,3064,5401
2828,2027,3065,2756
2829,2027,3066,2191
2830,2027,3067,1406
2831,2027,3068,1758
2832,2027,3070,1989
2833,2027,3071,1556
2834,2027,3072,5397
2835,2027,3073,4529
2836,2027,3074,2547
2837,2027,3075,1570
2838,2027,3076,3414
2839,2027,3078,898
2840,2027,3079,1007
2841,2027,3081,1979
2842,2027,3082,2223
2843,2027,3083,2607
2844,2027,3084,2397
2845,2027,3085,820
2846,2027,3087,681
2847,2027,3088,1619
2848,2027,3089,669
2849,2027,3090,218
2850,2027,3091,153
2851,2027,3093,270
2852,2027,3094,376
2853,2027,3095,1167
2854,2027,3096,168
2855,2027,3097,156
2856,2027,3099,314
2857,2027,3101,1557
2858,2027,3102,342
2859,2027,3103,675
2860,2027,3104,689
2861,2027,3105,538
2862,2027,3106,582
2863,2027,3107,561
2864,2027,3108,1551
2865,2027,3109,1050
2866,2027,3111,451
2867,2027,3113,317
2868,2027,3114,207
2869,2027,3115,190
2870,2027,3116,748
2871,2027,3121,4786
2872,2027,3122,1550
2873,2027,3123,800
2874,2027,3124,1169
2875,2027,3125,1005
2876,2027,3126,355
2877,2027,3127,722
2878,2027,3128,1894
2879,2027,3129,584
2880,2027,3130,1347
2881,2027,3131,1384
2882,2027,3132,1033
2883,2027,3133,857
2884,2027,3134,3537
2885,2027,3135,1164
2886,2027,3136,2619
2887,2027,3137,835
2888,2027,3138,1274
2889,2027,3139,635
2890,2027,3140,1783
2891,2027,3141,2787
2892,2027,3142,930
2893,2027,3143,649
2894,2027,3144,847
2895,2027,3145,2399
2896,2027,3146,1032
2897,2027,3147,1105
2898,2027,3148,899
2899,2027,3149,1543
2900,2027,3150,2505
2901,2027,3151,643
2902,2027,3152,2496
2903,2027,3153,2147
2904,2027,3154,350
2905,2027,3155,2297
2906,2027,3156,2233
2907,2027,3158,375
2908,2027,3159,172
2909,2027,3160,610
2910,2027,3161,784
2911,2027,3162,927
2912,2027,3163,1654
2913,2027,3165,1135
2914,2027,3166,2048
2915,2027,3167,625
2916,2027,3168,2085
2917,2027,3169,1196
2918,2027,3170,1615
2919,2027,3171,2477
2920,2027,3172,1236
2921,2027,3173,1709
2922,2027,3174,3222
2923,2027,3175,10442
2924,2027,3177,1505
2925,2027,3178,1832
2926,2027,3179,558
2927,2027,3180,630
2928,2027,3181,3646
2929,2027,3182,4817
2930,2027,3183,1445
2931,2027,3184,1039
2932,2027,3185,944
2933,2027,3186,1350
2934,2027,3187,713
2935,2027,3188,1239
2936,2027,3189,1202
2937,2027,3190,1027
2938,2027,3191,685
2939,2027,3192,1967
2940,2027,3193,644
2941,2027,3194,1004
2942,2027,3195,2367
2943,2027,3196,1611
2944,2027,3197,1058
2945,2027,3198,1974
2946,2027,3199,8396
2947,2027,3200,1058
2948,2027,3201,1844
2949,2027,3202,308
2950,2027,3204,1511
2951,2027,3205,2417
2952,2027,3206,953
2953,2027,3207,2067
2954,2027,3211,334
2955,2027,3212,1064
2956,2027,3213,291
2957,2027,3214,4622
2958,2027,3215,1898
2959,2027,3216,3012
2960,2027,3217,479
2961,2027,3218,1361
2962,2027,3219,2213
2963,2027,3220,4151
2964,2027,3221,138
2965,2027,3222,607
2966,2027,3223,500
2967,2027,3224,754
2968,2027,3225,289
2969,2027,3226,562
2970,2027,3227,302
2971,2027,3228,788
2972,2027,3230,251
2973,2027,3231,151
2974,2027,3232,253
2975,2027,3233,262
2976,2027,3234,131
2977,2027,3235,130
2978,2027,3236,121
2979,2027,3237,126
2980,2027,3238,137
2981,2027,3239,136
2982,2027,3240,196
2983,2027,3241,279
2984,2027,3242,137
2985,2027,3243,102
2986,2027,3249,217
2987,2027,3250,1291
2988,2027,3251,122
2989,2027,3254,126
2990,2027,3260,385
2991,2027,3264,286
2992,2027,3265,209
2993,2027,3266,220
2994,2027,3267,131
2995,2027,3268,202
2996,2027,3269,146
2997,2027,3270,128
2998,2027,3271,137
2999,2027,3272,207
3000,2027,3273,118
3001,2027,3274,131
3002,2027,3275,132
3003,2027,3276,123
3004,2027,3277,185
3005,2027,3278,123
3006,2027,3279,123
3007,2027,3280,3266
3008,2027,3281,141
3009,2027,3282,183
3010,2027,3283,160
3011,2027,3284,260
3012,2027,3285,154
3013,2027,3286,132
3014,2027,3287,121
3015,2027,3289,150
3016,2027,3292,138
3017,2027,3293,123
3018,2027,3294,159
3019,2027,3300,1118
3020,2027,3301,130
3021,2027,3302,129
3022,2027,3303,123
3023,2027,3304,267
3024,2027,3305,1378
3025,2027,3309,127
3026,2027,3310,131
3027,2027,3311,182
3028,2027,3312,151
3029,2027,3314,131
3030,2027,3315,176
3031,2027,3317,124
3032,2027,3318,152
3033,2027,3319,133
3034,2027,3321,142
3035,2027,3322,120
3036,2027,3323,129
3037,2027,3324,129
3038,2027,3325,111
3039,2027,3328,139
3040,2027,3329,112
3041,2027,3330,145
3042,2027,3331,288
3043,2027,3332,136
3044,2027,3333,170
3045,2027,3334,135
3046,2027,3335,549
3047,2027,3336,419
3048,2027,3337,4355
3049,2027,3338,2373
3050,2027,3340,1725
3051,2027,3341,176
3052,2027,3342,407
3053,2027,3345,164
3054,2027,3350,7033
3055,2027,3351,425
3056,2027,3352,817
3057,2027,3355,1771
3058,2027,3356,1709
3059,2027,3357,244
3060,2027,3358,202
3061,2027,3360,142
3062,2027,3361,128
3063,2027,3363,350
3064,2027,3364,182
3065,2027,3370,198
3066,2027,3371,175
3067,2027,3373,294
3068,2027,3374,157
3069,2027,3375,133
3070,2027,3377,1218
3071,2027,3378,119
3072,2027,3379,134
3073,2027,3380,942
3074,2027,3381,169
3075,2027,3384,123
3076,2027,3385,146
3077,2027,3387,124
3078,2027,3388,145
3079,2027,3390,185
3080,2027,3391,122
3081,2027,3392,128
3082,2027,3393,326
3083,2027,3395,133
3084,2027,3396,140
3085,2027,3400,2409
3086,2027,3401,280
3087,2027,3407,118
3088,2027,3409,151
3089,2027,3412,121
3090,2027,3413,123
3091,2027,3414,227
3092,2027,3415,108
3093,2027,3418,257
3094,2027,3419,136
3095,2027,3420,127
3096,2027,3423,135
3097,2027,3424,147
3098,2027,3427,397
3099,2027,3428,200
3100,2027,3429,2760
3101,2027,3430,140
3102,2027,3431,232
3103,2027,3432,126
3104,2027,3433,118
3105,2027,3434,331
3106,2027,3435,259
3107,2027,3437,606
3108,2027,3438,189
3109,2027,3440,223
3110,2027,3441,152
3111,2027,3442,430
3112,2027,3444,707
3113,2027,3446,181
3114,2027,3447,123
3115,2027,3448,155
3116,2027,3450,704
3117,2027,3451,260
3118,2027,3453,214
3119,2027,3458,196
3120,2027,3460,305
3121,2027,3461,223
3122,2027,3462,165
3123,2027,3463,204
3124,2027,3464,179
3125,2027,3465,1105
3126,2027,3467,186
3127,2027,3468,139
3128,2027,3469,129
3129,2027,3472,206
3130,2027,3475,144
3131,2027,3477,152
3132,2027,3478,319
3133,2027,3480,188
3134,2027,3482,125
3135,2027,3483,137
3136,2027,3485,117
3137,2027,3487,112
3138,2027,3488,120
3139,2027,3489,124
3140,2027,3490,194
3141,2027,3491,126
3142,2027,3494,152
3143,2027,3496,535
3144,2027,3498,415
3145,2027,3500,5147
3146,2027,3501,193
3147,2027,3505,457
3148,2027,3507,105
3149,2027,3509,133
3150,2027,3512,143
3151,2027,3515,167
3152,2027,3516,181
3153,2027,3517,220
3154,2027,3518,217
3155,2027,3520,125
3156,2027,3521,172
3157,2027,3522,142
3158,2027,3523,330
3159,2027,3525,211
3160,2027,3527,147
3161,2027,3529,109
3162,2027,3531,130
3163,2027,3533,144
3164,2027,3537,136
3165,2027,3540,137
3166,2027,3542,127
3167,2027,3544,122
3168,2027,3546,144
3169,2027,3549,496
3170,2027,3550,5721
3171,2027,3551,1135
3172,2027,3555,1777
3173,2027,3556,1226
3174,2027,3557,182
3175,2027,3558,182
3176,2027,3559,143
3177,2027,3561,392
3178,2027,3562,135
3179,2027,3563,141
3180,2027,3564,1996
3181,2027,3565,108
3182,2027,3566,147
3183,2027,3567,141
3184,2027,3568,258
3185,2027,3570,150
3186,2027,3571,142
3187,2027,3572,113
3188,2027,3573,127
3189,2027,3575,152
3190,2027,3579,529
3191,2027,3580,150
3192,2027,3581,130
3193,2027,3583,135
3194,2027,3584,166
3195,2027,3585,1775
3196,2027,3586,143
3197,2027,3588,129
3198,2027,3589,140
3199,2027,3590,145
3200,2027,3591,113
3201,2027,3594,133
3202,2027,3595,161
3203,2027,3596,118
3204,2027,3597,122
3205,2027,3599,124
3206,2027,3607,133
3207,2027,3608,305
3208,2027,3610,241
3209,2027,3612,252
3210,2027,3614,149
3211,2027,3616,390
3212,2027,3617,117
3213,2027,3618,160
3214,2027,3620,727
3215,2027,3621,266
3216,2027,3622,149
3217,2027,3623,164
3218,2027,3624,153
3219,2027,3629,1286
3220,2027,3630,5801
3221,2027,3631,781
3222,2027,3633,147
3223,2027,3634,203
3224,2027,3635,143
3225,2027,3636,419
3226,2027,3637,127
3227,2027,3638,217
3228,2027,3639,166
3229,2027,3640,172
3230,2027,3641,181
3231,2027,3644,862
3232,2027,3646,142
3233,2027,3649,141
3234,2027,3658,580
3235,2027,3659,197
3236,2027,3660,1477
3237,2027,3662,128
3238,2027,3663,127
3239,2027,3664,188
3240,2027,3665,135
3241,2027,3666,336
3242,2027,3669,180
3243,2027,3670,172
3244,2027,3672,1242
3245,2027,3673,160
3246,2027,3675,189
3247,2027,3677,2305
3248,2027,3678,287
3249,2027,3682,144
3250,2027,3683,186
3251,2027,3685,230
3252,2027,3687,142
3253,2027,3688,149
3254,2027,3690,3205
3255,2027,3691,367
3256,2027,3695,136
3257,2027,3697,119
3258,2027,3698,123
3259,2027,3699,142
3260,2027,3700,169
3261,2027,3701,136
3262,2027,3704,126
3263,2027,3705,114
3264,2027,3707,193
3265,2027,3708,106
3266,2027,3709,114
3267,2027,3711,137
3268,2027,3712,139
3269,2027,3713,194
3270,2027,3714,282
3271,2027,3715,131
3272,2027,3717,290
3273,2027,3718,129
3274,2027,3719,142
3275,2027,3720,141
3276,2027,3722,409
3277,2027,3723,255
3278,2027,3725,124
3279,2027,3726,133
3280,2027,3727,109
3281,2027,3728,151
3282,2027,3730,551
3283,2027,3732,134
3284,2027,3733,112
3285,2027,3735,125
3286,2027,3737,385
3287,2027,3738,130
3288,2027,3739,126
3289,2027,3740,141
3290,2027,3741,226
3291,2027,3744,117
3292,2027,3746,114
3293,2027,3747,277
3294,2027,3749,146
3295,2027,3750,613
3296,2027,3751,130
3297,2027,3752,1320
3298,2027,3753,304
3299,2027,3754,2062
3300,2027,3755,122
3301,2027,3756,1214
3302,2027,3757,597
3303,2027,3758,299
3304,2027,3759,127
3305,2027,3760,118
3306,2027,3761,146
3307,2027,3762,113
3308,2027,3763,188
3309,2027,3764,803
3310,2027,3765,433
3311,2027,3766,151
3312,2027,3767,178
3313,2027,3770,255
3314,2027,3775,294
3315,2027,3777,573
3316,2027,3778,143
3317,2027,3779,146
3318,2027,3781,326
3319,2027,3782,400
3320,2027,3783,244
3321,2027,3785,123
3322,2027,3786,151
3323,2027,3787,136
3324,2027,3788,201
3325,2027,3789,119
3326,2027,3791,151
3327,2027,3792,126
3328,2027,3793,242
3329,2027,3795,160
3330,2027,3796,470
3331,2027,3797,293
3332,2027,3799,406
3333,2027,3802,1402
3334,2027,3803,1197
3335,2027,3804,480
3336,2027,3805,4214
3337,2027,3806,2440
3338,2027,3807,441
3339,2027,3808,177
3340,2027,3809,749
3341,2027,3810,3942
3342,2027,3812,202
3343,2027,3813,158
3344,2027,3814,229
3345,2027,3815,239
3346,2027,3816,351
3347,2027,3818,1308
3348,2027,3820,1627
3349,2027,3821,229
3350,2027,3822,161
3351,2027,3823,266
3352,2027,3824,469
3353,2027,3825,3550
3354,2027,3831,183
3355,2027,3832,146
3356,2027,3833,168
3357,2027,3835,146
3358,2027,3840,4440
3359,2027,3842,719
3360,2027,3844,4476
3361,2027,3847,304
3362,2027,3850,2469
3363,2027,3851,505
3364,2027,3854,159
3365,2027,3856,152
3366,2027,3857,129
3367,2027,3858,398
3368,2027,3859,149
3369,2027,3860,564
3370,2027,3862,257
3371,2027,3864,142
3372,2027,3865,120
3373,2027,3869,183
3374,2027,3870,168
3375,2027,3871,237
3376,2027,3873,124
3377,2027,3874,157
3378,2027,3875,2369
3379,2027,3878,147
3380,2027,3880,282
3381,2027,3882,142
3382,2027,3885,198
3383,2027,3886,130
3384,2027,3887,173
3385,2027,3888,436
3386,2027,3889,143
3387,2027,3890,165
3388,2027,3891,123
3389,2027,3892,189
3390,2027,3893,114
3391,2027,3895,127
3392,2027,3896,126
3393,2027,3898,152
3394,2027,3900,123
3395,2027,3902,127
3396,2027,3903,173
3397,2027,3904,157
3398,2027,3909,1064
3399,2027,3910,1116
3400,2027,3911,394
3401,2027,3912,871
3402,2027,3913,284
3403,2027,3915,1572
3404,2027,3916,142
3405,2027,3918,281
3406,2027,3919,322
3407,2027,3920,86
3408,2027,3922,802
3409,2027,3923,138
3410,2027,3925,318
3411,2027,3926,211
3412,2027,3927,182
3413,2027,3928,132
3414,2027,3929,156
3415,2027,3930,602
3416,2027,3931,2031
3417,2027,3933,212
3418,2027,3934,582
3419,2027,3936,878
3420,2027,3937,163
3421,2027,3938,251
3422,2027,3939,1748
3423,2027,3940,512
3424,2027,3941,1130
3425,2027,3942,231
3426,2027,3943,295
3427,2027,3944,192
3428,2027,3945,144
3429,2027,3946,127
3430,2027,3950,469
3431,2027,3951,138
3432,2027,3953,577
3433,2027,3954,118
3434,2027,3956,218
3435,2027,3957,126
3436,2027,3958,114
3437,2027,3959,162
3438,2027,3960,212
3439,2027,3962,168
3440,2027,3964,118
3441,2027,3965,129
3442,2027,3966,153
3443,2027,3967,116
3444,2027,3971,424
3445,2027,3975,870
3446,2027,3976,1564
3447,2027,3977,6739
3448,2027,3978,1023
3449,2027,3979,132
3450,2027,3980,285
3451,2027,3981,378
3452,2027,3984,536
3453,2027,3987,156
3454,2027,3988,165
3455,2027,3990,127
3456,2027,3991,165
3457,2027,3992,162
3458,2027,3995,1147
3459,2027,3996,386
3460,2027,3506,112
3461,2027,3530,118
3462,2027,3647,81
3463,2027,3576,109
3464,2027,3852,108
